Frame,Theta,GMNIA_ALR_H,GMNIA_ALR_V,GNA_ALR_H,GNA_ALR_V,GNA_Notional_Loads_ALR_H,GNA_Notional_Loads_ALR_V,GMNIA_del2_over_del1,GNA_del2_over_del1,GNA_Notional_Loads_del2_over_del1
W8X31_x_1X2.1335999999999995,0.0,5.481056059991817,0.0,5.42056501123553,0.0,5.42056501123553,0.0,1.0,1.0,1.0
W8X31_x_1X2.1335999999999995,1.0,5.435021859981512,0.0948686594522592,5.387130672834178,0.09403271567111304,5.385236489512127,0.09399965257824072,1.0030510400606556,1.003024073282572,1.0030230067277441
W8X31_x_1X2.1335999999999995,2.0,5.389727119583814,0.18821341836640781,5.354086249265108,0.186968811749523,5.350344375311047,0.1868381426317061,1.0060715129632838,1.0060311186086406,1.006026877864872
W8X31_x_1X2.1335999999999995,3.0,5.345127210968815,0.2801262471122312,5.321405166209065,0.2788830274263199,5.315859753815204,0.2785924046775489,1.0090636896058147,1.009023097069593,1.0090136083829124
W8X31_x_1X2.1335999999999995,4.0,5.30117969965728,0.37069459593668963,5.289061868822475,0.3698472346587409,5.281754872860926,0.3693362797262657,1.0120297643419514,1.0120019318669016,1.0119851497616694
W8X31_x_1X2.1335999999999995,5.0,5.257844167747278,0.4600017592637835,5.2570317355197265,0.4599306806539897,5.248003046193906,0.4591407726914828,1.014971861844717,1.0149695133794239,1.014943415248911
W8X31_x_1X2.1335999999999995,6.0,5.21508205128388,0.5481272108479476,5.225290997453355,0.5492002143279587,5.214578563364141,0.5480742921351779,1.0178920435628145,1.0179277040549626,1.017890284913195
W8X31_x_1X2.1335999999999995,7.0,5.172856490317935,0.6351469127774277,5.193816663105181,0.6377204983895589,5.181621493565456,0.6362231198524871,1.0207923138133632,1.0208783431535022,1.0208282872783971
W8X31_x_1X2.1335999999999995,8.0,5.134676537514932,0.7216317265091338,5.1630071977755,0.7256133411498238,5.149307514632701,0.7236879762457766,1.0236913709106126,1.023825239768878,1.0237605012061175
W8X31_x_1X2.1335999999999995,9.0,5.103945258079684,0.8083855131480217,5.132570769349217,0.8129193487294503,5.117238090701353,0.8104908910031323,1.026616228875135,1.026769549708936,1.0266874207309835
W8X31_x_1X2.1335999999999995,10.0,5.073412289938389,0.8945794709740555,5.102325293767215,0.8996776136424045,5.085391128843062,0.8966916634705093,1.0295390052728706,1.029712407117223,1.029610839576884
W8X31_x_1X2.1335999999999995,11.0,5.043057287712103,0.9802710345847028,5.072250716312128,0.9859456622607656,5.053745111000539,0.9823485369795181,1.032461482120067,1.0326556056802618,1.0325325429136591
W8X31_x_1X2.1335999999999995,12.0,5.012860358271391,1.065516361886122,5.0423274154954685,1.0717797782522058,5.022279033315718,1.0675183630690317,1.035385440700999,1.0356009399151531,1.035454311724139
W8X31_x_1X2.1335999999999995,13.0,4.98280200690072,1.150370486069995,5.01253615028143,1.1572351539669674,4.990972348301483,1.152256758010067,1.0383126659133717,1.0385502095494694,1.0383779271494402
W8X31_x_1X2.1335999999999995,14.0,4.952863085622425,1.234887461493953,4.982858009366927,1.2423660359266029,4.959912185102682,1.2366449993892081,1.0412449506324666,1.0415052239281777,1.041306105566114
W8X31_x_1X2.1335999999999995,15.0,4.9230247433819505,1.3191205043076288,4.953295241762902,1.3272314599032922,4.9293558824928265,1.3208169279195572,1.0441841001167294,1.044468002350279,1.044243465961613
W8X31_x_1X2.1335999999999995,16.0,4.890835401876372,1.4024244839938746,4.924326700671293,1.4120279593863878,4.898891866842358,1.4047346381483987,1.047107384981931,1.0474454526436674,1.0471886883383013
W8X31_x_1X2.1335999999999995,17.0,4.849711244191388,1.482705523564361,4.895408662713263,1.4966766264699554,4.868501235453677,1.4884502003975828,1.0499402974457046,1.0504348864784434,1.0501436069012675
W8X31_x_1X2.1335999999999995,18.0,4.808842636205873,1.5624876885878607,4.866523415147334,1.5812293097599974,4.8381652658626795,1.5720151885087001,1.052771007325144,1.0534382097137118,1.0531100798161015
W8X31_x_1X2.1335999999999995,19.0,4.768202523103929,1.6418237944621357,4.837653325319802,1.66573762343018,4.8078653694329425,1.6554808076748802,1.0556012407319542,1.056457362977472,1.0560899939545962
W8X31_x_1X2.1335999999999995,20.0,4.727764428844687,1.720765526722019,4.808780797552393,1.7502530734199597,4.777583045647631,1.7388980203506048,1.0584327226146655,1.059494326817158,1.0590852697930841
W8X31_x_1X2.1335999999999995,21.0,4.687502385092286,1.7993635797796603,4.779888230221745,1.8348271830712117,4.747299836859425,1.8223176708998299,1.0612671809661924,1.0625511270667163,1.0620978664909762
W8X31_x_1X2.1335999999999995,22.0,4.647390862887233,1.8776677903131218,4.750957972808065,1.91951161885509,4.7174394438272005,1.9059692540954047,1.0641063510471822,1.0656298404620155,1.0651362947110399
W8X31_x_1X2.1335999999999995,23.0,4.607404706668333,1.9557272660663085,4.721941335548248,2.0043451805593784,4.687566050581097,1.9897537377907943,1.0669519796471134,1.0687321187436587,1.0681972242625803
W8X31_x_1X2.1335999999999995,24.0,4.5675190702760995,2.0335905107806953,4.692740405018995,2.0893426410208553,4.657631068339643,2.073710957209052,1.0698058294054558,1.07185876412867,1.0712823625626333
W8X31_x_1X2.1335999999999995,25.0,4.525607730501129,2.1103255425381393,4.663449435472258,2.1746021851793187,4.627616003207991,2.1578927812965123,1.0726334728738927,1.0750136913546056,1.074393901078701
W8X31_x_1X2.1335999999999995,26.0,4.480992330363614,2.1855259886320173,4.634050072870516,2.2601772375849554,4.597502164287982,2.2423516315253273,1.0754192714126287,1.0781992354065062,1.0775341014208875
W8X31_x_1X2.1335999999999995,27.0,4.436504255324821,2.2605118248783254,4.604523694411504,2.346122005102769,4.567270616613722,2.3271406138928032,1.0782117279351366,1.0814178145166562,1.0807053023388362
W8X31_x_1X2.1335999999999995,28.0,4.39211595949231,2.335329480612967,4.574851360466567,2.432491616809421,4.536902132798782,2.4123136545341914,1.081012574679058,1.0846719380470156,1.0839099271741637
W8X31_x_1X2.1335999999999995,29.0,4.347800141801393,2.410024972508145,4.545013764825302,2.5193422688200915,4.4976329689240435,2.493078664786988,1.0838235645696925,1.087964214926949,1.0869665021528507
W8X31_x_1X2.1335999999999995,30.0,4.303529678510343,2.48464401835349,4.514991182962443,2.606731374872153,4.454806109477912,2.5719835064946617,1.0866464756662948,1.09129736270952,1.089969558458419
W8X31_x_1X2.1335999999999995,31.0,4.2592775566192085,2.5592321492804126,4.477417162591993,2.6903036479596483,4.411939862287812,2.6509609167666244,1.0894831157415408,1.0945043048388092,1.0929922246370876
W8X31_x_1X2.1335999999999995,32.0,4.2150168078639005,2.6338348210168374,4.433253836249812,2.77020445150696,4.3690080080339975,2.7300592024668657,1.092335327019684,1.0975882306558,1.0960365541141228
W8X31_x_1X2.1335999999999995,33.0,4.170720442942314,2.7084975247508236,4.389007760489124,2.8502549662644387,4.325984166949701,2.809326966069343,1.095204991100361,1.10069560531922,1.099104656464995
W8X31_x_1X2.1335999999999995,34.0,4.126561572463659,2.7834009259014145,4.344651656640677,2.930504545117695,4.282841733687805,2.8888132256606083,1.0980992654955424,1.1038286132468114,1.1021987035624552
W8X31_x_1X2.1335999999999995,35.0,4.083313278476789,2.8591667384612514,4.30015797568733,3.011003030068874,4.239553811008807,2.9685675371140694,1.1010426403092073,1.106989506566967,1.1053209360790084
W8X31_x_1X2.1335999999999995,36.0,4.03992518744547,2.9351774586391626,4.2554988291595155,3.0918008772614067,4.196093141936064,3.0486401190881853,1.1040116031847556,1.1101806119918936,1.1084736703879643
W8X31_x_1X2.1335999999999995,37.0,3.9963700448785113,3.0114808330276874,4.210645918242316,3.1729492852402963,4.152432040010389,3.1290819815264364,1.107008322851749,1.113404338127662,1.111659305910302
W8X31_x_1X2.1335999999999995,38.0,3.952620181510271,3.0881253348543467,4.165570460705881,3.2545003271504696,4.108542317258745,3.2099450583688593,1.1100350429524959,1.116663183272275,1.1148803329592296
W8X31_x_1X2.1335999999999995,39.0,3.9086474415985863,3.165160289595049,4.120243115250894,3.3365070876118286,4.064395209470766,3.2912823452237028,1.113094089236439,1.119959743757974,1.118139341139603
W8X31_x_1X2.1335999999999995,40.0,3.8644231086165752,3.242636005153126,4.074633902836927,3.4190238050529063,4.019961298351757,3.3731480427938987,1.1161878772498641,1.1232967228999446,1.121439028365394
W8X31_x_1X2.1335999999999995,41.0,3.8199178279116794,3.3206039073513898,4.028712124533236,3.5021060203361762,3.9752104300914315,3.45559770690722,1.119318920577609,1.1266769406201869,1.1247822105652439
W8X31_x_1X2.1335999999999995,42.0,3.775101525876864,3.399116681534475,3.982446275398549,3.585810732567723,3.930111629853454,3.5386884060620254,1.122489839699505,1.1301033438229897,1.1281718321539658
W8X31_x_1X2.1335999999999995,43.0,3.7299433251457095,3.4782284211368477,3.935803953858261,3.6701965630530857,3.884633011651333,3.622478887473247,1.1257033715311482,1.1335790176070903,1.1316109773567817
W8X31_x_1X2.1335999999999995,44.0,3.6844114552847542,3.557994784139082,3.8887517660034043,3.7553239284406725,3.8385645603761165,3.7068587073274664,1.1289623797264483,1.1371071974095204,1.1350957964143322
W8X31_x_1X2.1335999999999995,45.0,3.6384731584123253,3.6384731584123244,3.8412552241853692,3.8412552241853684,3.7919401196677924,3.791940119667792,1.1322698658283565,1.1406912821874549,1.1386316250548514
W8X31_x_1X2.1335999999999995,46.0,3.592094589122521,3.719722837039451,3.793278639222667,3.928055019569313,3.744837980053423,3.8778932485795634,1.1356289813643667,1.1443348487573386,1.1422263606376493
W8X31_x_1X2.1335999999999995,47.0,3.5452407080351955,3.801805204802695,3.7457548680982433,4.0168303159711884,3.6972216062380197,3.9647847645568506,1.1390430409951104,1.1480857551742154,1.145883734475972
W8X31_x_1X2.1335999999999995,48.0,3.4978751682268734,3.884783937143035,3.6986298492921463,4.107744598344669,3.6490530267771777,4.05268395881408,1.142515536837712,1.1519528819764957,1.1496076868172795
W8X31_x_1X2.1335999999999995,49.0,3.4499601937223634,3.96872521302828,3.650882371219047,4.199859738330517,3.60029270306693,4.141662982356527,1.146050154100945,1.1558980337156497,1.153402385395212
W8X31_x_1X2.1335999999999995,50.0,3.4014564491412234,4.053697943316798,3.6024703317181745,4.29325696003919,3.550899388436998,4.231797103110376,1.149650788186858,1.1599260748592939,1.1572722457784637
W8X31_x_1X2.1335999999999995,51.0,3.3523228994957304,4.139774016374616,3.5533496265561872,4.388021350009123,3.5008299762275072,4.323164983156021,1.1533215634338556,1.1640421797304341,1.1612219537349335
W8X31_x_1X2.1335999999999995,52.0,3.3045047130615766,4.229573156025755,3.5034739736933425,4.484242196235028,3.450039335601911,4.415848978340636,1.1571764460545,1.1682518612215593,1.1652564898595472
W8X31_x_1X2.1335999999999995,53.0,3.256406789516142,4.32139776711694,3.452794722382789,4.582013356456361,3.3984801337035715,4.509935462811163,1.1611453010431438,1.1725610025708597,1.1693811567489951
W8X31_x_1X2.1335999999999995,54.0,3.2075065709551307,4.414754054055131,3.401260645355437,4.681433659077339,3.3461026425974074,4.605515181311888,1.165208662427001,1.1769758925991416,1.1736016090470376
W8X31_x_1X2.1335999999999995,55.0,3.1577532513033915,4.5097390116323695,3.348817712123865,4.782607340512386,3.292854529248066,4.7026836324373695,1.1693725137654662,1.1815032648657149,1.1779238867312325
W8X31_x_1X2.1335999999999995,56.0,3.107093177316823,4.606455070222156,3.2954088411872617,4.885644523236034,3.238680626568417,4.801541486428722,1.1736432639678118,1.186150341271544,1.1823544520669622
W8X31_x_1X2.1335999999999995,57.0,3.055469595741346,4.705010578482806,3.240973628630056,4.990661739374438,3.1840309783318377,4.902977747233466,1.1780277891314148,1.1909248807202704,1.186935718150243
W8X31_x_1X2.1335999999999995,58.0,3.0028223759688326,4.80552033284001,3.185448050273437,5.097782505319074,3.1296157669187377,5.008432174431345,1.1825334792541973,1.1958352335448297,1.1917366464000647
W8X31_x_1X2.1335999999999995,59.0,2.949087705211276,4.908106159435301,3.128764134153745,5.207137953586262,3.0740605456250556,5.116095893587019,1.1871682905059857,1.2008904025222304,1.1966788062568732
W8X31_x_1X2.1335999999999995,60.0,2.8941977528047262,5.012897555009454,3.071287043238405,5.3196252035169085,3.0172941634277364,5.226106792437869,1.1919408038550794,1.206135596051988,1.2017716719276568
W8X31_x_1X2.1335999999999995,61.0,2.8380802997793415,5.12003239409697,3.0141894235135087,5.437741663452412,2.9592408227394045,5.338611763570583,1.1968602909788733,1.2116933293837435,1.2070254940176866
W8X31_x_1X2.1335999999999995,62.0,2.7806583292796923,5.229657710962032,2.9556681218783694,5.558803259597137,2.899819643744039,5.4537675487205854,1.2019367885452787,1.2174435913687773,1.2124513842382294
W8X31_x_1X2.1335999999999995,63.0,2.7218495727759775,5.34193056593484,2.895632184638675,5.682998145650693,2.8389441813594463,5.571741674878768,1.2071811821404927,1.2234002557632344,1.2180614112961463
W8X31_x_1X2.1335999999999995,64.0,2.661566006255251,5.457019007242005,2.8339839918884078,5.810528265543031,2.7765218885615632,5.692713494346775,1.2126053013452567,1.2295784717226297,1.2238687097347825
W8X31_x_1X2.1335999999999995,65.0,2.6003734987903555,5.5765189640655715,2.770618588563655,5.941610737267184,2.7124535188499315,5.816875342734183,1.218289690913823,1.2359948174456648,1.2298876038224509
W8X31_x_1X2.1335999999999995,66.0,2.539186232343206,5.703105653634136,2.7054229355235866,6.076479402149872,2.6466324595101263,5.944433831068306,1.2243701993979843,1.2426674764268395,1.2361337489812654
W8X31_x_1X2.1335999999999995,67.0,2.4761666617072353,5.833483088156895,2.6382750691537673,6.215386563359729,2.5789439860041354,6.075611290754782,1.2306972214274199,1.2496164403050896,1.2426242937319483
W8X31_x_1X2.1335999999999995,68.0,2.411191047923988,5.9679072637917265,2.5690431560635183,6.358604941431925,2.5110171613431707,6.214985564743189,1.2372901583337728,1.2568637431196428,1.2495962669974305
W8X31_x_1X2.1335999999999995,69.0,2.3441253873147136,6.10665541276468,2.497584427155547,6.506429879332446,2.4411643971586283,6.359450676157776,1.2441704160069367,1.2644337328049016,1.2569067921317627
W8X31_x_1X2.1335999999999995,70.0,2.2748242803519636,6.2500283434941295,2.424370727959471,6.66090383145541,2.3689839180251413,6.508729821825214,1.2513616742538778,1.2724432376051984,1.2645522385073904
W8X31_x_1X2.1335999999999995,71.0,2.2031296495334454,6.398353093105155,2.35040143251915,6.82606140722695,2.2943111428931418,6.6631633779631105,1.2588902006517149,1.281120817467687,1.2725611560058687
W8X31_x_1X2.1335999999999995,72.0,2.1288692820992656,6.551985942315008,2.27362283182281,6.997491559246842,2.21696677675347,6.823122151278639,1.2667852177203542,1.2902552861959076,1.2809653409592008
W8X31_x_1X2.1335999999999995,73.0,2.051855168919326,6.711315852009994,2.193822231145069,7.175669189229568,2.1367550818144005,6.989010954411927,1.2750793342984403,1.299889732991929,1.2898003151475124
W8X31_x_1X2.1335999999999995,74.0,1.9718816053910593,6.876768392184979,2.1107660188779116,7.361115901803401,2.0534619010339363,7.1612726935427595,1.283809054621249,1.3100727425505545,1.2991058920374325
W8X31_x_1X2.1335999999999995,75.0,1.8904699912019485,7.055330057349961,2.024196984873544,7.554405992075798,1.9672198577837434,7.341764458907352,1.2933668935851848,1.3208593045194807,1.309002620120886
W8X31_x_1X2.1335999999999995,76.0,1.8062618271480355,7.24452049729896,1.9338312171824685,7.756173374551862,1.879211256313567,7.537104676908397,1.3036516997216938,1.332311909601904,1.3198865021228054
W8X31_x_1X2.1335999999999995,77.0,1.7182041216587143,7.442359700060321,1.8396572427144273,7.968430963769657,1.7872176060741667,7.741289942806139,1.314584815022966,1.3445783609445507,1.3314602600807448
W8X31_x_1X2.1335999999999995,78.0,1.625969228324073,7.649583788658878,1.7434231052092048,8.202160834327643,1.6909019393549296,7.955068176064708,1.3262368665022157,1.3583522002278092,1.3437993988204713
W8X31_x_1X2.1335999999999995,79.0,1.529192310395322,7.867012441635166,1.6421499714366838,8.448129230380117,1.5898893312939675,8.179271544256727,1.338689025407065,1.3731582527052977,1.3569907521339586
W8X31_x_1X2.1335999999999995,80.0,1.4274658633820392,8.095561199123452,1.535364624746894,8.707485482811222,1.4837613515758366,8.414828777843438,1.352035056294921,1.3891271798768026,1.3711346957028707
W8X31_x_1X2.1335999999999995,81.0,1.3204416627984565,8.336940548533786,1.4225337807381346,8.98152481281181,1.3732840746127235,8.670574406165194,1.3664251099007647,1.4064125491190536,1.386831674526886
W8X31_x_1X2.1335999999999995,82.0,1.2084538233613997,8.598595745645136,1.3030937246680252,9.27199363393173,1.2575670676752364,8.948054637203867,1.382377260052764,1.42521454199106,1.4042781402815854
W8X31_x_1X2.1335999999999995,83.0,1.0898111647596582,8.875799666877153,1.1790703700348648,9.602757556524132,1.1348223889090647,9.242386669497137,1.3996926212645824,1.4472521625953387,1.4232749036941021
W8X31_x_1X2.1335999999999995,84.0,0.9638232349164318,9.170165526442727,1.0464617060383588,9.956418058636487,1.0043077914712684,9.555350352273026,1.4185657559983753,1.4715888641267392,1.4440514702547331
W8X31_x_1X2.1335999999999995,85.0,0.8297018023315277,9.48353499634472,0.9042545815649646,10.335677162299124,0.8660707948132653,9.899234482609714,1.439229976672028,1.4986216230556881,1.4675980410618015
W8X31_x_1X2.1335999999999995,86.0,0.6873626072228329,9.829743243237113,0.7522470755991852,10.757634370731505,0.7190639493159872,10.283093556401164,1.4627775607013285,1.5298999449264092,1.4948139114596313
W8X31_x_1X2.1335999999999995,87.0,0.5358538433597511,10.224700429791884,0.5891133056226571,11.240951509145294,0.5605992526005492,10.69687096590933,1.4906083207394747,1.5673846672443443,1.5253148350067909
W8X31_x_1X2.1335999999999995,88.0,0.3719728863401591,10.651909787613944,0.4109730524174263,11.768728421478333,0.3894905660825698,11.153550501646613,1.5219399363163895,1.6104920224598926,1.560469503678584
W8X31_x_1X2.1335999999999995,89.0,0.1959097961522736,11.2236647046536,0.21612209947479027,12.381626786469846,0.203865851231245,11.679466794860076,1.5660120379702709,1.6636519205838856,1.6030341886374533
W8X31_x_1X2.1335999999999995,90.0,0.0,13.854635916931958,0.0,13.23967030790763,0.0,12.184203919305457,1.7782740356542985,1.718589293414971,1.6250439072628513
W8X31_x_1X2.2859999999999996,0.0,5.115748298513403,0.0,5.059194010486492,0.0,5.059194010486492,0.0,1.0,1.0,1.0
W8X31_x_1X2.2859999999999996,1.0,5.069144331214685,0.08848224343185843,5.028149825389386,0.08776668167097765,5.026376665263404,0.0877357310458505,1.0032674014052478,1.0032408910644954,1.0032397444286942
W8X31_x_1X2.2859999999999996,2.0,5.023354171262034,0.17541939309005092,4.997465724970376,0.17451534862460044,4.993962708562217,0.17439302059608533,1.0064988572549054,1.0064651455326405,1.0064605841089271
W8X31_x_1X2.2859999999999996,3.0,4.9783294964576665,0.260903193448607,4.967117099404186,0.26031557661859445,4.961925351100955,0.2600434886194256,1.0096968951693164,1.0096748416278485,1.0096646303648782
W8X31_x_1X2.2859999999999996,4.0,4.934024505037675,0.34502060368844145,4.9370802787537,0.3452342842024239,4.9302388764903995,0.34475588675292823,1.012863950413144,1.0128720211688944,1.012853952181999
W8X31_x_1X2.2859999999999996,5.0,4.890395711714546,0.42785418493081556,4.907332453348003,0.4293359578208106,4.898878551846108,0.42859633727683005,1.0160023738628643,1.0160586948715815,1.0160305816934976
W8X31_x_1X2.2859999999999996,6.0,4.84740176077392,0.5094824550916364,4.8778515994033285,0.5126828620947437,4.867820544515202,0.5116285557418192,1.0191144394682696,1.0192368474849631,1.0191965194689183
W8X31_x_1X2.2859999999999996,7.0,4.814572571260212,0.5911551790973535,4.848616409346362,0.595335236808211,4.837041844292629,0.5939140589204462,1.0222475633352006,1.0224084427904423,1.0223537396346656
W8X31_x_1X2.2859999999999996,8.0,4.787914090007273,0.6728974426929633,4.819750405533768,0.6773717450509056,4.807019825957837,0.675582578771059,1.0254029300633034,1.025576213383749,1.02550691442862
W8X31_x_1X2.2859999999999996,9.0,4.761420246690445,0.7541348809219816,4.7915087825634854,0.7589004368364178,4.777238199833211,0.7566401985775784,1.0285583943621457,1.0287441105651989,1.0286560194426626
W8X31_x_1X2.2859999999999996,10.0,4.735073520537605,0.8349212173089975,4.763442342424877,0.8399234060186367,4.747661239865683,0.8371407718521231,1.0317158798906751,1.0319120322742397,1.0318029066637746
W8X31_x_1X2.2859999999999996,11.0,4.708856763233637,0.9153090333225908,4.735532510821755,0.9204942733852489,4.718268999865115,0.9171385867886948,1.034877315237916,1.035081909692066,1.034949494741977
W8X31_x_1X2.2859999999999996,12.0,4.682753152947824,0.9953499093400447,4.707761110087102,1.000665514723961,4.689042005872472,0.9966866462945563,1.0380446386426103,1.0382556787698944,1.0380977015958355
W8X31_x_1X2.2859999999999996,13.0,4.656746150123049,1.0750945602098385,4.680110310406634,1.0804886016316773,4.659961202669827,1.0758368135756866,1.0412198027630268,1.041435284965868,1.0412494490913164
W8X31_x_1X2.2859999999999996,14.0,4.624113203407103,1.1529209099262756,4.652562582920278,1.160014136902423,4.631007902576367,1.1546399515003527,1.0443375883691606,1.0446226880313743,1.0444066677411132
W8X31_x_1X2.2859999999999996,15.0,4.591150676137529,1.230195116000654,4.625100654433446,1.239291985268099,4.602410655447586,1.2332122183635748,1.047451996236287,1.047819866871904,1.047573976656269
W8X31_x_1X2.2859999999999996,16.0,4.55835154483543,1.3070862721480934,4.597741236017237,1.3183810843409411,4.574130046469271,1.3116106846857851,1.0505696706570857,1.0510292186966745,1.0507537050299374
W8X31_x_1X2.2859999999999996,17.0,4.525694753118054,1.3836437409446662,4.570926884976396,1.3974725914415453,4.545915555647272,1.3898258606815654,1.0536925202788097,1.0542586151175428,1.0539455141861551
W8X31_x_1X2.2859999999999996,18.0,4.493159599793504,1.4599160522908723,4.5441407623428915,1.4764808361400192,4.5177498136070815,1.4679058970934817,1.0568224664112893,1.057504713882964,1.057151429939628
W8X31_x_1X2.2859999999999996,19.0,4.460725685379994,1.5359510287867995,4.517366522001434,1.55545403287539,4.48961557028843,1.5458986139055346,1.0599614477797794,1.0607696391338244,1.0603735133313026
W8X31_x_1X2.2859999999999996,20.0,4.4283728602259,1.6117959073545132,4.490587846819316,1.6344403105997873,4.461495652560706,1.6238516178401634,1.0631114253688734,1.0640555628157682,1.06361386605987
W8X31_x_1X2.2859999999999996,21.0,4.390061523019576,1.6851867302800174,4.463788408848883,1.7134878301650505,4.433372922238111,1.7018124187470738,1.0661775589779405,1.067364710677558,1.066874636132988
W8X31_x_1X2.2859999999999996,22.0,4.351073017337341,1.7579476095279936,4.436951829473943,1.7926449018747515,4.405230234276112,1.779828545489501,1.06923508207275,1.0706993685674764,1.0701580237714117
W8X31_x_1X2.2859999999999996,23.0,4.312231719895926,1.8304337667560509,4.410061639293156,1.8719601038119908,4.377454342817795,1.8581191276335196,1.0722987456014321,1.0740618890670188,1.0734735717467214
W8X31_x_1X2.2859999999999996,24.0,4.2735132567503715,1.902690688951569,4.3831012375311476,1.951482401560211,4.349672826284644,1.9365991139689773,1.0753704412886589,1.0774546985044284,1.0768180570862549
W8X31_x_1X2.2859999999999996,25.0,4.234893557195589,1.9747632971915665,4.356086219255522,2.0312763636223043,4.321814767877897,2.015295323388831,1.0784520806120172,1.0808809545821354,1.080192984641852
W8X31_x_1X2.2859999999999996,26.0,4.196348793301865,2.0466960594823473,4.3289767206457,2.111383021801881,4.293862799763457,2.094256818275288,1.0815455996103358,1.0843428730397608,1.0836008576018992
W8X31_x_1X2.2859999999999996,27.0,4.157855320722992,2.118533101224185,4.3017456589059355,2.1918488904647546,4.265799321908538,2.173533316948477,1.0846529638216071,1.087842963270383,1.0870442688431765
W8X31_x_1X2.2859999999999996,28.0,4.118665462179552,2.1899332720992515,4.274375503912001,2.2727257698927965,4.237606457047999,2.2531753208820042,1.0877593725836467,1.0913840293791732,1.0905259094051514
W8X31_x_1X2.2859999999999996,29.0,4.078428717502907,2.260709953816769,4.246848375506637,2.3540664946908167,4.20926600417516,2.33323424608672,1.0908564623781618,1.0949689920823873,1.0940485775634055
W8X31_x_1X2.2859999999999996,30.0,4.038207130181203,2.3314599736535833,4.2191459953215364,2.4359250761492204,4.1771574516511585,2.4116829791582477,1.0939702585983302,1.0986008991722167,1.0975227879388127
W8X31_x_1X2.2859999999999996,31.0,3.9979761886639142,2.402226447578046,4.191249636422261,2.518356851039717,4.138349451140785,2.486571212964817,1.0971028103445584,1.102282936804215,1.1008601935708247
W8X31_x_1X2.2859999999999996,32.0,3.957711358588334,2.4730525316852763,4.163140070471751,2.601418637743435,4.099455971780257,2.561624396267151,1.1002562144889396,1.1060184417004573,1.1042256023209078
W8X31_x_1X2.2859999999999996,33.0,3.9173880228806723,2.543981527559692,4.1264086513964005,2.6797211108527224,4.060452945058039,2.636888974341885,1.103432621514657,1.1095634221399595,1.107621445653316
W8X31_x_1X2.2859999999999996,34.0,3.8769814214277534,2.615056988392877,4.085892790593496,2.7559694861603825,4.021316032722427,2.712411912986276,1.1066342416536885,1.1130375547101108,1.1110502366663937
W8X31_x_1X2.2859999999999996,35.0,3.836466590004359,2.686322826410752,4.045227612283906,2.8324988678952554,3.9820205653116734,2.788240817137323,1.1098633513614748,1.11654667621678,1.1145145780395436
W8X31_x_1X2.2859999999999996,36.0,3.795818298134636,2.757823422175745,4.004387364795548,2.909357719131282,3.942541478933011,2.8644240528699836,1.113122300170511,1.1200934896425059,1.1180171705160913
W8X31_x_1X2.2859999999999996,37.0,3.7550109855563854,2.829603736346499,3.9633458598351083,2.9865953246368875,3.902853249940705,2.941010873449671,1.1164135179686516,1.1236808028190954,1.1215608219836524
W8X31_x_1X2.2859999999999996,38.0,3.7140186969444207,2.9017094244998844,3.9220764037217446,3.0642619202889567,3.862929827143875,3.0180515501515877,1.1197395227522486,1.1273115380356087,1.1251484572200938
W8X31_x_1X2.2859999999999996,39.0,3.672815014533329,2.9741869556479776,3.8805517258948057,3.142408827616941,3.8227445611518327,3.095597508603808,1.1231029289092358,1.1309887423653633,1.1287831283805587
W8X31_x_1X2.2859999999999996,40.0,3.6313729882606474,3.047083735116646,3.8387439042777163,3.2210885942634633,3.782270130437714,3.1737014714631284,1.126506456092876,1.1347155987933566,1.1324680263093923
W8X31_x_1X2.2859999999999996,41.0,3.589665063028442,3.120448232492874,3.79662428705038,3.300355141203881,3.741478463669796,3.252417608293184,1.1299529387533815,1.1384954382346948,1.1362064927704245
W8X31_x_1X2.2859999999999996,42.0,3.5476630026541853,3.1943301153956467,3.754163410347917,3.3802639176322358,3.7003406578237255,3.331801693584212,1.1334453364018922,1.142331752545119,1.1400020336999646
W8X31_x_1X2.2859999999999996,43.0,3.505904512272311,3.269308848252031,3.711330911363821,3.4608720644958004,3.65882689154729,3.4119112739340145,1.137011962046122,1.1462282086366837,1.1438583335993713
W8X31_x_1X2.2859999999999996,44.0,3.464799280876129,3.3459177725017,3.6680954362899976,3.542238587746307,3.616906333201782,3.4928058455015742,1.1406796424180068,1.1501886638253627,1.147779271198374
W8X31_x_1X2.2859999999999996,45.0,3.423286415378799,3.4232864153787985,3.624424542474018,3.6244245424740176,3.5745470429496367,3.5745470429496358,1.1444080469648514,1.1542171825530405,1.1517689365366868
W8X31_x_1X2.2859999999999996,46.0,3.3813341383561157,3.501474001322674,3.580284594114403,3.7074932292028295,3.53128877495388,3.6567565732131078,1.1482010264111984,1.1583180546443619,1.1558098330597504
W8X31_x_1X2.2859999999999996,47.0,3.3389094544878057,3.580542024598305,3.5356406507469025,3.7915104037522847,3.487511706481602,3.7398984298756552,1.152062646184743,1.1624958152795948,1.1599258060278395
W8X31_x_1X2.2859999999999996,48.0,3.2959780384934927,3.6605544581530483,3.490456347697458,3.8765445022177945,3.4431982276230837,3.8240590426358927,1.1559972054635848,1.1667552668885097,1.1641224948925435
W8X31_x_1X2.2859999999999996,49.0,3.2525041147541045,3.7415779779694587,3.445223527632289,3.9632763020027033,3.398310905761602,3.90930950390276,1.1600092580626982,1.1711323746246185,1.1684049323091843
W8X31_x_1X2.2859999999999996,50.0,3.208450327677049,3.823682204669194,3.4008529520719537,4.052978723516375,3.3528106234978297,3.995724105841572,1.164103635382706,1.1756944494126729,1.17277846549064
W8X31_x_1X2.2859999999999996,51.0,3.163777601757802,3.906939964319994,3.3557977901728133,4.144065148991016,3.3066564298870356,4.083380622905845,1.1682854716746633,1.1803638091705642,1.1772487851199214
W8X31_x_1X2.2859999999999996,52.0,3.1184449901699596,3.9914275706224673,3.3100139681079317,4.236624680921955,3.259805379319276,4.172360617837692,1.1725602319100163,1.1851472323548937,1.1818219573013995
W8X31_x_1X2.2859999999999996,53.0,3.0724095105781344,4.07722513091001,3.263455071615684,4.330751153378458,3.21221235663267,4.262749773814478,1.176933742586105,1.1900519753127325,1.1865044589416474
W8X31_x_1X2.2859999999999996,54.0,3.0256259667106233,4.164416878688618,3.216072140011508,4.426543548442877,3.1638298868781836,4.354638255745489,1.181412225845565,1.1950858190455418,1.1913032170086715
W8X31_x_1X2.2859999999999996,55.0,2.978046754048548,4.253091535779258,3.167813440991315,4.524106451482624,3.1146079279576573,4.448121104095915,1.1860023373440443,1.2002571213837214,1.1962256521859171
W8X31_x_1X2.2859999999999996,56.0,2.9300733425513545,4.344012372546299,3.1186242239416666,4.623550549874251,3.0644936441310935,4.54329866504413,1.190746289464679,1.2055748753271096,1.2012797275168265
W8X31_x_1X2.2859999999999996,57.0,2.8827387783882714,4.439028444669751,3.0684464491674626,4.7249931804142395,3.0134311581297015,4.64027706127113,1.195745065287515,1.2110487744290206,1.20647400272914
W8X31_x_1X2.2859999999999996,58.0,2.8344199898392546,4.536020179543944,3.0172184900962176,4.82855893136208,2.961361279312308,4.739168708248666,1.2008917056025312,1.2166892862464973,1.211817695038421
W8X31_x_1X2.2859999999999996,59.0,2.7850555696483803,4.6351108417718345,2.9648748051109344,4.93438030588412,2.909510708603741,4.842238976008324,1.206196149945378,1.2225077350520865,1.2174383148832975
W8X31_x_1X2.2859999999999996,60.0,2.734580120298786,4.736431705725308,2.911345575191133,5.042598454621878,2.857086975479515,4.948619803173814,1.2116691554753056,1.2285163952086597,1.2232949689486652
W8X31_x_1X2.2859999999999996,61.0,2.6829238807959803,4.840122804714086,2.856556302992096,5.153363986219327,2.8034251968360304,5.05751293342339,1.2173223864565446,1.2347285968559463,1.229349181756907
W8X31_x_1X2.2859999999999996,62.0,2.6300123130276787,4.946333761297876,2.8006981215095905,5.267347078568844,2.748447100500069,5.169077200514869,1.223168515592925,1.2411878539848613,1.2356150040823823
W8X31_x_1X2.2859999999999996,63.0,2.575765642371656,5.055224709437834,2.745433339329614,5.388216313932387,2.6920688808131867,5.283482667027453,1.229221339097856,1.2481123283174838,1.2421077539334897
W8X31_x_1X2.2859999999999996,64.0,2.5200983464133326,5.1669673208088875,2.6886163358946766,5.512480402017707,2.6342006562474003,5.400911724994748,1.2354959077306729,1.2553131168340348,1.248844166615714
W8X31_x_1X2.2859999999999996,65.0,2.46291858468319,5.2817459495047085,2.630144657196897,5.6403634192999865,2.574745864124946,5.52156032416931,1.2420086764538807,1.262811757285674,1.2558425664728976
W8X31_x_1X2.2859999999999996,66.0,2.4041275612027513,5.399758911618038,2.5699077148061753,5.772107232994819,2.5136005836441755,5.64563934577192,1.2487776758819273,1.2706319859937563,1.2631230640594695
W8X31_x_1X2.2859999999999996,67.0,2.3454405392040267,5.525511643182745,2.5077859204811013,5.907973393744901,2.450652776986188,5.7733761424754615,1.2560731084832855,1.2788000298780706,1.27070778325709
W8X31_x_1X2.2859999999999996,68.0,2.2849404173265864,5.6554259877645805,2.443649709789171,6.048245271053727,2.385781436582829,5.905016268810805,1.263700936838118,1.287344946141586,1.2786211237880076
W8X31_x_1X2.2859999999999996,69.0,2.22243610857199,5.789644003421536,2.3773584376617034,6.193230468810042,2.320070405300816,6.043990042168869,1.2716803401483694,1.2962990189476649,1.2870840355838007
W8X31_x_1X2.2859999999999996,70.0,2.1577863003788145,5.92846913629932,2.3087591257457203,6.3432635649461595,2.2530437726416324,6.190186890375737,1.2800414133265772,1.305698224575612,1.296109759838734
W8X31_x_1X2.2859999999999996,71.0,2.0908370994484797,6.07223184766644,2.237685037719183,6.498709227356484,2.1836041437501925,6.341646906817308,1.2888176900858148,1.3155827792638473,1.3055962115120539
W8X31_x_1X2.2859999999999996,72.0,2.021420559049264,6.221292776293517,2.1655068947865352,6.664744919724021,2.1115741432712074,6.498756978270734,1.2980466527623442,1.3263089971097246,1.3155858388865174
W8X31_x_1X2.2859999999999996,73.0,1.9493529962113931,6.37604635200794,2.0915609256894414,6.841187530510422,2.036759628489479,6.661940564067598,1.3077703354590946,1.3379027514355661,1.3261263646836028
W8X31_x_1X2.2859999999999996,74.0,1.875314441089412,6.539998668598656,2.014443193780404,7.025198290286792,1.9589476173449845,6.831662215456633,1.318233760980973,1.3502137847656221,1.337271636298005
W8X31_x_1X2.2859999999999996,75.0,1.7999791372273373,6.717613592696416,1.9338950138675748,7.2173944482579095,1.8779039031561804,7.00843277831077,1.3297615736073678,1.3633190287776593,1.3490826458182905
W8X31_x_1X2.2859999999999996,76.0,1.721198705681136,6.903350951572476,1.849629783076235,7.418459868062205,1.7938494419238238,7.194737139301989,1.3420363022063546,1.3773067090697424,1.3617607635401072
W8X31_x_1X2.2859999999999996,77.0,1.6386798503235727,7.097902237352129,1.7613290679270528,7.62915436440143,1.70789137056331,7.397690267493081,1.3551412236270097,1.3922785023285622,1.3758484114519243
W8X31_x_1X2.2859999999999996,78.0,1.5520959743585743,7.302037453767642,1.6686380159130838,7.850324651485078,1.617694110773312,7.610652421470093,1.3691723614720168,1.408352207397604,1.39095062445476
W8X31_x_1X2.2859999999999996,79.0,1.4610822744290428,7.516616682576963,1.5738285378990295,8.09664592509713,1.5228769182551238,7.834522565637882,1.3842410276017898,1.4267003978410815,1.4071913668641303
W8X31_x_1X2.2859999999999996,80.0,1.3662237671028448,7.74824001189998,1.4739687726509951,8.359292303019814,1.423013078769636,8.070308202704457,1.4008868460081423,1.4468035978493943,1.4247155309474404
W8X31_x_1X2.2859999999999996,81.0,1.266237504583025,7.994708962499417,1.3680888010372183,8.637772739758699,1.317622708612436,8.319142372271997,1.4190490377302665,1.4687526299445823,1.443693554688104
W8X31_x_1X2.2859999999999996,82.0,1.1602879340462764,8.255877635160598,1.2555566139293382,8.93374951549205,1.2083759279418238,8.598041490935174,1.438820300189178,1.4928293373581507,1.4655801275900293
W8X31_x_1X2.2859999999999996,83.0,1.0477545091584213,8.533275694058663,1.1362353284290363,9.253894138429562,1.0924080048050075,8.896949231824514,1.4604381701283775,1.5197847664353834,1.4897925025108243
W8X31_x_1X2.2859999999999996,84.0,0.9285300895623598,8.834373678808232,1.0112117864948273,9.621037477117305,0.9686373309713717,9.21596859082706,1.4846571504758708,1.551931766486723,1.5165403689001404
W8X31_x_1X2.2859999999999996,85.0,0.801411335615494,9.160173482110926,0.8763740422666207,10.01700113988986,0.8362834577116988,9.558763661578826,1.5117926055047093,1.5881756858109537,1.5463828465183356
W8X31_x_1X2.2859999999999996,86.0,0.6649909097139786,9.50981306356687,0.7304267415359671,10.44558905568346,0.6962518118972175,9.956864792573088,1.542049100352309,1.6293798862052267,1.5825616545455872
W8X31_x_1X2.2859999999999996,87.0,0.5195343085539164,9.913305155481616,0.5742734850003108,10.95779086342894,0.5444364483777332,10.388466289276783,1.5785200671003914,1.6815412336910638,1.6237640701252818
W8X31_x_1X2.2859999999999996,88.0,0.36135412133999895,10.347828143517596,0.40263199600927096,11.529871817527315,0.379423488598086,10.865267120982198,1.6197925742952137,1.7439290844532576,1.671871165567398
W8X31_x_1X2.2859999999999996,89.0,0.18864055589188927,10.807210209051412,0.21287421180681843,12.195555426590722,0.19945306933907617,11.426658689572818,1.6658604015867846,1.8226648257982618,1.7323306382711048
W8X31_x_1X2.2859999999999996,90.0,0.0,10.807210209051412,0.0,13.133445565623678,0.0,11.926330804146152,1.6438603434926724,1.910200734076877,1.7619826163259928
W8X31_x_1X2.4383999999999997,0.0,4.796101148842518,0.0,4.742994384831087,0.0,4.742994384831087,0.0,1.0,1.0,1.0
W8X31_x_1X2.4383999999999997,1.0,4.752074738424742,0.08294777310294649,4.7139051791893865,0.0822815209682119,4.712237010915216,0.08225240298267507,1.0034858138795906,1.0034577172092252,1.0034564893043396
W8X31_x_1X2.4383999999999997,2.0,4.7088231595337815,0.1644357281314824,4.685153203719934,0.1636091550606272,4.681857590611124,0.1634940697149205,1.0069343073481802,1.0068992071659504,1.0068943202969658
W8X31_x_1X2.4383999999999997,3.0,4.666300458193202,0.24455044448134342,4.656715404269788,0.24404811309090907,4.65183102021342,0.2437921333693493,1.0103481453443643,1.0103266671008162,1.010315722500492
W8X31_x_1X2.4383999999999997,4.0,4.624463090495126,0.32337396086875764,4.628569606774594,0.32366111646037493,4.622133201158265,0.3232110391352498,1.0137298976582312,1.0137422593194068,1.013722884232813
W8X31_x_1X2.4383999999999997,5.0,4.583269727434266,0.40098414303205,4.600694442690028,0.4025086080820963,4.592740956273567,0.40181276818514855,1.0170820472253628,1.017148116750664,1.0171179583328884
W8X31_x_1X2.4383999999999997,6.0,4.542681076127462,0.477455020562237,4.5730692793316425,0.4806489494211105,4.56363195175713,0.47965704632343964,1.020406997904139,1.020546348339855,1.0205030676971538
W8X31_x_1X2.4383999999999997,7.0,4.507607205668394,0.5534645714707624,4.545674154617009,0.5581386050823316,4.534784624297027,0.5568015388835537,1.0237337565428992,1.0239390443154341,1.0238803106573398
W8X31_x_1X2.4383999999999997,8.0,4.4826039044725405,0.6299888943747698,4.518489715750704,0.6350323162457755,4.506512785801219,0.6333490685135028,1.027105287534778,1.02732828135799,1.0272538460289287
W8X31_x_1X2.4383999999999997,9.0,4.4577555109454785,0.7060391117047168,4.491934508333666,0.7114525330768987,4.478615135787683,0.7093429517107291,1.0304782613088035,1.030719211564745,1.0306253009851865
W8X31_x_1X2.4383999999999997,10.0,4.4330455838050655,0.7816655431353416,4.465660432075638,0.7874164208571564,4.450908931070137,0.7848153332239385,1.0338547362949861,1.0341124103084125,1.033995849800897
W8X31_x_1X2.4383999999999997,11.0,4.408458032416287,0.856917435161736,4.439532524387946,0.8629577045174847,4.423375492447871,0.8598170956542248,1.0372367794713095,1.0375092177402512,1.0373675467149226
W8X31_x_1X2.4383999999999997,12.0,4.383977073625825,0.9318430932101108,4.413533775097948,0.9381255640493324,4.395996582327766,0.9343979186527583,1.0406264714390174,1.040911713636949,1.0407424487641808
W8X31_x_1X2.4383999999999997,13.0,4.3595871902564145,1.0064900086686746,4.387647498521275,1.0129682412802088,4.368754354648118,1.0086064153295378,1.044025911568857,1.0443219916942015,1.0441226208088807
W8X31_x_1X2.4383999999999997,14.0,4.333176432482982,1.0803822258781204,4.361857289595083,1.0875331667017112,4.341631306939535,1.0824902628406627,1.0474131805768965,1.0477421647072154,1.0475101405983782
W8X31_x_1X2.4383999999999997,15.0,4.302908376176958,1.1529608245017295,4.336146981511962,1.1618670819587804,4.314610234241733,1.1560963279201293,1.0507619442332787,1.0511743698511309,1.0509071039041369
W8X31_x_1X2.4383999999999997,16.0,4.2727816911964585,1.2252004343053002,4.310500604617788,1.2360161586847023,4.2880854361962495,1.2295887125688196,1.0541166426452089,1.054620774089627,1.0543211257919813
W8X31_x_1X2.4383999999999997,17.0,4.242777154038444,1.297147150581409,4.284956654213208,1.3100427179134255,4.26166941409587,1.3029230941230603,1.0574793420724173,1.0580843591760904,1.0577502435817188
W8X31_x_1X2.4383999999999997,18.0,4.2128758451203705,1.3688463398634592,4.259905086457033,1.3841270666726317,4.235298612154612,1.376131938516926,1.0608521284223569,1.0615737605565758,1.0611960669334786
W8X31_x_1X2.4383999999999997,19.0,4.183059100270296,1.4403427562456856,4.234863941129356,1.4581805934555363,4.2089568814091844,1.4492600774147373,1.064237112472922,1.0650850492998696,1.0646608342162656
W8X31_x_1X2.4383999999999997,20.0,4.153308463567616,1.5116806544645063,4.2098179575640176,1.532248428232641,4.182628143894088,1.522352145381542,1.0676364352260683,1.0686205927284829,1.068146831709654
W8X31_x_1X2.4383999999999997,21.0,4.1236056412781394,1.5829039003558298,4.184751863296042,1.6063757358667934,4.156296353337946,1.595452688995288,1.071052273421575,1.07218282077032,1.0716563998491788
W8X31_x_1X2.4383999999999997,22.0,4.087474389184893,1.6514468506602349,4.159650336780601,1.6806078263634052,4.129945456024271,1.6686062755025417,1.074360502323575,1.075774232964592,1.0751919397699772
W8X31_x_1X2.4383999999999997,23.0,4.051470509971,1.7197472000985736,4.134497969857207,1.7549902658741217,4.103559351613615,1.7418576015813942,1.0776776427316104,1.0793974058625266,1.0787559201889114
W8X31_x_1X2.4383999999999997,24.0,4.01557192266532,1.7878478078901512,4.109279229763257,1.8295689890331692,4.077540975504628,1.8154382078156117,1.0810057689364807,1.0830550008714046,1.0823600557830855
W8X31_x_1X2.4383999999999997,25.0,3.979756380054565,1.8557908776106586,4.083978420497048,1.9043904132175284,4.0514719884608255,1.8892324150197428,1.0843469745178203,1.086749772594966,1.0859991950273893
W8X31_x_1X2.4383999999999997,26.0,3.9440018387722033,1.9236182261328838,4.058643058437098,1.9795324849563907,4.025314525545462,1.9632770733360507,1.0877033855564586,1.090486121010081,1.0896756400893208
W8X31_x_1X2.4383999999999997,27.0,3.9082864047389583,1.9913713871275829,4.033311981092819,2.0550751001175835,3.9990521100251897,2.0376188239122284,1.0910771661568994,1.0942686628422644,1.0933922435116068
W8X31_x_1X2.4383999999999997,28.0,3.872588279381196,2.0590917130886797,4.007848990353059,2.131011108845657,3.972668004178772,2.112305046681636,1.094470524173742,1.0980977360034023,1.0971519700172887
W8X31_x_1X2.4383999999999997,29.0,3.8366023339396382,2.1266634005275606,3.982237410492705,2.2073902416699425,3.9461451657238413,2.1873839837073126,1.0978777717629422,1.1019765821765433,1.1009579067426296
W8X31_x_1X2.4383999999999997,30.0,3.7997075469726154,2.193762175086492,3.956460188331326,2.284263354771128,3.9194662026082008,2.262904867155485,1.10128246366064,1.105908589378914,1.1048132742433112
W8X31_x_1X2.4383999999999997,31.0,3.762785872516594,2.2609098486284793,3.930499846079616,2.361682570603129,3.8913208181085484,2.338141435603535,1.1047110768418666,1.1098973048784697,1.1086813678177778
W8X31_x_1X2.4383999999999997,32.0,3.725814751151312,2.3281474488861327,3.9043384318322825,2.4397014255337184,3.8558875647072597,2.4094259635938604,1.108165976520763,1.1139464491856157,1.112371624880027
W8X31_x_1X2.4383999999999997,33.0,3.6887715026117283,2.3955162233666476,3.87795746739838,2.5183750254254953,3.820333483470555,2.4809535727124747,1.1116495966249473,1.118059931242833,1.1160995120342152
W8X31_x_1X2.4383999999999997,34.0,3.651633269924049,2.4630577409489307,3.8513378931338815,2.5977602101567703,3.7846361723286917,2.5527693313856243,1.1151644470384634,1.122241864949918,1.1198679153929334
W8X31_x_1X2.4383999999999997,35.0,3.6143769626196143,2.530813995157768,3.8148270771556683,2.6711706763909127,3.748772872983453,2.6249190246990843,1.1187131212832457,1.1261372979433104,1.1236798341051324
W8X31_x_1X2.4383999999999997,36.0,3.576979198724762,2.5988275096640785,3.7772378170190697,2.744323912454485,3.7127204116340233,2.697449273645687,1.1222983046913182,1.1300463689365556,1.1275383906809477
W8X31_x_1X2.4383999999999997,37.0,3.5394162452136975,2.6671414465804064,3.7394447665969164,2.817873749004804,3.676455137471151,2.770407658862611,1.1259227831250564,1.134004385770269,1.1314468420944817
W8X31_x_1X2.4383999999999997,38.0,3.5016639565974526,2.7357997181462315,3.7014230393445837,2.891868618260731,3.6399528585840324,2.8438428495737424,1.1295894523086014,1.1380147321419571,1.1354085917526096
W8X31_x_1X2.4383999999999997,39.0,3.4636977113048864,2.804847102428786,3.6631471660759294,2.966358086331826,3.603188774899979,2.9178047385014816,1.1333013278401456,1.1420809464981767,1.139427202427825
W8X31_x_1X2.4383999999999997,40.0,3.425492345491222,2.8743293637022798,3.6245910239693386,3.0413929913811515,3.566137407748597,2.9923445835693485,1.1370615559623054,1.1462067356697687,1.1435064102646082
W8X31_x_1X2.4383999999999997,41.0,3.387022083885489,2.944293378212335,3.5857277619350016,3.1170255888695566,3.528772525609475,3.067515157282587,1.1408734251763737,1.1503959896524216,1.1476501399817547
W8X31_x_1X2.4383999999999997,42.0,3.3482604672601033,3.014787266083572,3.546529721873,3.1933097047969428,3.4910670655648204,3.143370904749556,1.144740378796012,1.1546527976635752,1.1518625214080789
W8X31_x_1X2.4383999999999997,43.0,3.3091802760732634,3.08586053018751,3.506968355311167,3.2703008979350465,3.452993049935423,3.2199681113932783,1.1486660285470955,1.1589814656227744,1.1561479075059262
W8X31_x_1X2.4383999999999997,44.0,3.2697534497973924,3.1575642028560473,3.4670141348651864,3.3480566321367693,3.4145214975292,3.297365081501389,1.1526541693331533,1.1633865352209967,1.1605108940565627
W8X31_x_1X2.4383999999999997,45.0,3.231166252525398,3.2311662525253975,3.426636459910342,3.4266364599103416,3.3756223288755085,3.375622328875508,1.1567771116290584,1.1678728047656746,1.164956341204018
W8X31_x_1X2.4383999999999997,46.0,3.1923125137027517,3.3057363790321728,3.385803555793798,3.5061022185643784,3.33626426475454,3.454802780969533,1.1609847921376693,1.1724453520124993,1.1694893970799236
W8X31_x_1X2.4383999999999997,47.0,3.153002830426081,3.38118157796819,3.3444823658473766,3.5865182403640503,3.296061636001038,3.5345933647602776,1.1652734471248456,1.177109559223171,1.1740935879888676
W8X31_x_1X2.4383999999999997,48.0,3.11320474262908,3.4575641483894533,3.302638435382243,3.6679515782914245,3.2550488025493953,3.615097936491137,1.1696481278688449,1.1818711407207072,1.1787762537572513
W8X31_x_1X2.4383999999999997,49.0,3.0728843754958,3.53494910461343,3.2602357867574656,3.7504722491771205,3.2134825559046383,3.6966888094685175,1.1741141974278644,1.1867361732514887,1.183560773211255
W8X31_x_1X2.4383999999999997,50.0,3.0320063138495232,3.613404417298497,3.217236784512421,3.8341534961689225,3.171325763406637,3.779438871826435,1.1786773591524813,1.1917111295067881,1.1884535197154136
W8X31_x_1X2.4383999999999997,51.0,2.990533466338957,3.6930012741048888,3.1739037651304427,3.9194447346754777,3.128539499172868,3.863424531636169,1.1833436881661004,1.196825357198792,1.1934612933431148
W8X31_x_1X2.4383999999999997,52.0,2.9484269182622347,3.773814362162574,3.13168226010713,4.00837050351163,3.085082886826964,3.9487260256162404,1.1881196661924864,1.2022049563279686,1.1985913614028967
W8X31_x_1X2.4383999999999997,53.0,2.9056457717303323,3.8559221748379766,3.0887160820509476,4.09886468214139,3.040912928507085,4.035427754773883,1.1930122201649973,1.2077298290314418,1.2038515034598287
W8X31_x_1X2.4383999999999997,54.0,2.862146971712584,3.9394073455965186,3.0449584615346144,4.191025775041962,2.9959843185677792,4.1236186500918395,1.1980287651170642,1.2134094481680155,1.2092500614565092
W8X31_x_1X2.4383999999999997,55.0,2.8178851163248133,4.024357012107553,3.0003599067952713,4.284958020398623,2.950249240188576,4.213392571767753,1.2031772519295538,1.2192540190137058,1.2147959956322045
W8X31_x_1X2.4383999999999997,56.0,2.7728122495114502,4.110863214139686,2.9548679596786327,4.3807719041284185,2.9036571428721922,4.304848745965534,1.2084662206001289,1.2252745556205378,1.2204989470494139
W8X31_x_1X2.4383999999999997,57.0,2.72687763403244,4.199023329256159,2.9084269272682284,4.478584725115249,2.856154498550071,4.398092243558664,1.2139048598051425,1.231482966739661,1.226369307668167
W8X31_x_1X2.4383999999999997,58.0,2.6817060769821834,4.291626831733806,2.860977586190808,4.578521217993668,2.8076845337070258,4.493234505945876,1.2196711230605268,1.2378921527468458,1.2324182990637529
W8X31_x_1X2.4383999999999997,59.0,2.6360868261095916,4.387185218388692,2.812456856165062,4.680714240711556,2.7581869345830854,4.590393923713901,1.2256796863087804,1.2445161152603577,1.238658061068545
W8X31_x_1X2.4383999999999997,60.0,2.5894019566843984,4.484975750195642,2.762797438867804,4.785305535140204,2.70828012562727,4.690878778715452,1.2318908327890972,1.2513700814438478,1.2451788788516893
W8X31_x_1X2.4383999999999997,61.0,2.5415842163361426,4.5851393003144985,2.711927417616973,4.892446570210929,2.65845124398149,4.795972999203331,1.2383189672343988,1.2584706453520542,1.2520734177045876
W8X31_x_1X2.4383999999999997,62.0,2.4925616326307827,4.687826628995573,2.659769812699009,5.002299478472281,2.6073596778321604,4.903730350775829,1.2449797930806858,1.265835929119273,1.2592231955285678
W8X31_x_1X2.4383999999999997,63.0,2.4422570524886478,4.793199348358263,2.6062420863807034,5.11503809862043,2.554924463818484,5.014321593462269,1.2518904662087413,1.2734857673283508,1.2666472620394387
W8X31_x_1X2.4383999999999997,64.0,2.3905876285138588,4.901430998373904,2.551714441056098,5.231789921110684,2.501058640313615,5.127930138250095,1.2590697708880372,1.281506960844327,1.2743665052232105
W8X31_x_1X2.4383999999999997,65.0,2.3374642448495684,5.012708249523548,2.4976212853980115,5.356166131348015,2.4456686410467694,5.244753325998005,1.2665383217649722,1.2901649843710787,1.2824038828794357
W8X31_x_1X2.4383999999999997,66.0,2.28279087398209,5.1272322500967205,2.4418315114276425,5.484443370344599,2.3886536155589133,5.365003860664584,1.2743187965161833,1.2992191861688678,1.2907846898929376
W8X31_x_1X2.4383999999999997,67.0,2.2264638545045923,5.245220139055717,2.3842283770646224,5.616890062771818,2.329904665874867,5.488911419245107,1.2824362047484392,1.308703310304369,1.2995368678452475
W8X31_x_1X2.4383999999999997,68.0,2.169879711899027,5.370640748416023,2.3246851396746506,5.753797627540955,2.2693039869832567,5.616724464587445,1.2911802650321755,1.3186549342868865,1.3086913650126293
W8X31_x_1X2.4383999999999997,69.0,2.1118968288340807,5.5016793345571795,2.2630639239289048,5.895483080930233,2.2067238965764964,5.748712291769924,1.3004455414782987,1.3291160341443955,1.3182825565937126
W8X31_x_1X2.4383999999999997,70.0,2.051844168239775,5.637395520478432,2.199214433935529,6.042291997776543,2.14312089060591,5.888176254101216,1.3101841583527372,1.3401336523177407,1.3285724512051353
W8X31_x_1X2.4383999999999997,71.0,1.9895702659098264,5.778131608155696,2.13297248397639,6.19460188974745,2.078357788148532,6.035989296043228,1.3204397525941158,1.35176069089184,1.3396568646488343
W8X31_x_1X2.4383999999999997,72.0,1.924909428143838,5.92426205755172,2.0641583172362807,6.3528260710814735,2.0110937985297896,6.1895102754503775,1.3312613869835046,1.3640568585009436,1.3513687178946698
W8X31_x_1X2.4383999999999997,73.0,1.8576799833618884,6.076197437884807,1.9926826305010028,6.51777119978207,1.9411377542530024,6.349175506336857,1.3427044253871756,1.3771180369463787,1.3637706159815512
W8X31_x_1X2.4383999999999997,74.0,1.7876822709559215,6.234388972729998,1.9210512767685237,6.6995019699615685,1.8682794525848845,6.515464748075713,1.3548315829046,1.3918038184623036,1.376933660531997
W8X31_x_1X2.4383999999999997,75.0,1.7155225453351173,6.402417300720541,1.846086677934731,6.889689277228459,1.7922871863191454,6.688906841097719,1.367957378389101,1.4075153414327353,1.3909389473952742
W8X31_x_1X2.4383999999999997,76.0,1.6412808105402987,6.582817781493289,1.7675016191039115,7.089061793895704,1.7129048814953176,6.870086239661897,1.3823384205844151,1.4243746095630103,1.405879392465681
W8X31_x_1X2.4383999999999997,77.0,1.5634342377544452,6.77197768186322,1.6849758151953376,7.298432092270886,1.6308929906468685,7.064173642526049,1.3977491769667216,1.4425236405679625,1.4222477991555222
W8X31_x_1X2.4383999999999997,78.0,1.481662690184676,6.970674904333668,1.598150970968675,7.518709177511451,1.546318087121279,7.274854631501891,1.4143148217721058,1.4621287527396183,1.440456573080293
W8X31_x_1X2.4383999999999997,79.0,1.3956078709027386,7.179780076972454,1.5066249296934926,7.750913332615639,1.4572273510742515,7.496784821150813,1.4321815466211412,1.4833860023470737,1.4601533813825531
W8X31_x_1X2.4383999999999997,80.0,1.3049970673532683,7.401006142735014,1.4124816067741508,8.010581257042649,1.363190324905623,7.731036506316015,1.4515865436559343,1.5079082373432007,1.481541996806414
W8X31_x_1X2.4383999999999997,81.0,1.2112058703367967,7.647252898422251,1.3133116909466187,8.291923677954653,1.26372099826961,7.978820366951405,1.4738198126732818,1.5354173440394718,1.5048650315183618
W8X31_x_1X2.4383999999999997,82.0,1.1115302904154722,7.908948973935176,1.207530113404884,8.59202320778828,1.1592716072087017,8.248646093952473,1.4982136324994346,1.5658985751436534,1.531120053581354
W8X31_x_1X2.4383999999999997,83.0,1.00533183299644,8.187770722993708,1.0943815694454562,8.913022625954328,1.0497514268136716,8.549539283231157,1.5251162666522782,1.5998830285987897,1.5615095211307786
W8X31_x_1X2.4383999999999997,84.0,0.8921479787607001,8.488221017027332,0.9745204942663283,9.271943150558979,0.9324615278977986,8.871778815960898,1.5552182368294436,1.6396876436901382,1.5954334766748477
W8X31_x_1X2.4383999999999997,85.0,0.7722756564813715,8.827151145731433,0.8471534793917356,9.683008577913796,0.8064651134016956,9.217938426533742,1.5906468796410793,1.6878006811053834,1.6335713349917353
W8X31_x_1X2.4383999999999997,86.0,0.6428447056250034,9.193107590037409,0.7084131677345868,10.130780283632424,0.6725751796262612,9.618273176383248,1.6307745248284182,1.7435563796342317,1.680035815249134
W8X31_x_1X2.4383999999999997,87.0,0.502469299971422,9.587685394141786,0.5580630026344553,10.648476433632043,0.5274246588604442,10.063862008194532,1.6763918716062247,1.8128313749234715,1.7349890687681617
W8X31_x_1X2.4383999999999997,88.0,0.3521304887857828,10.083697865506517,0.393448830919761,11.266900376085276,0.3686510994297533,10.556786256295688,1.7375197250885082,1.9032205641156201,1.800160615108122
W8X31_x_1X2.4383999999999997,89.0,0.184164294411662,10.550765360599945,0.20921194126066972,11.985744087520404,0.1946175653629724,11.149632852316449,1.7993348208526787,2.020405673931209,1.8853896482630725
W8X31_x_1X2.4383999999999997,90.0,0.0,10.552723661975369,0.0,13.022707974709318,0.0,11.636227362953687,1.7711222875649297,2.164490975491973,1.9244244806520057
W8X31_x_1X2.5907999999999998,0.0,4.514057327948731,0.0,4.46399471513514,0.0,4.46399471513514,0.0,1.0,1.0,1.0
W8X31_x_1X2.5907999999999998,1.0,4.472704838518266,0.07807135336108928,4.436524447201072,0.07743982228151934,4.434947743702839,0.07741230081958514,1.0037046301376207,1.003674551400591,1.0036732406422628
W8X31_x_1X2.5907999999999998,2.0,4.4320785935206475,0.154771594933644,4.409373763004097,0.15397872478082633,4.406258979152101,0.1538699541319142,1.0073713444597021,1.0073333020401787,1.0073280833812928
W8X31_x_1X2.5907999999999998,3.0,4.392135507275014,0.2301820682464772,4.382520854371569,0.22967818563923034,4.377904669156032,0.22943626162332487,1.0110029233690183,1.0109785697352272,1.0109668774952494
W8X31_x_1X2.5907999999999998,4.0,4.352834750420267,0.30437985701381504,4.35594474808225,0.30459732923546934,4.3498620151574725,0.30417198311413585,1.0146020517822114,1.0146126388611776,1.0145919321819485
W8X31_x_1X2.5907999999999998,5.0,4.3141375672357185,0.3774381300244341,4.329625235200412,0.37879312539579846,4.322109092972032,0.37813554815736666,1.0181713276107867,1.0182377661579143,1.0182055225343265
W8X31_x_1X2.5907999999999998,6.0,4.276007108282183,0.44942645710659546,4.303542805072455,0.45232057546024457,4.294624778833786,0.45138325313234995,1.0217132697308238,1.021856186389596,1.0218098953347556
W8X31_x_1X2.5907999999999998,7.0,4.238408276763435,0.5204110991896349,4.277678583505582,0.525232886559492,4.26738868032727,0.5239694453160093,1.0252303254957331,1.0254701178893184,1.0254072747000347
W8X31_x_1X2.5907999999999998,8.0,4.214009519393659,0.5922404152994083,4.252014274692429,0.5975816353317576,4.240585071009358,0.595975365506155,1.028814254667531,1.0290817680180377,1.0290013036957077
W8X31_x_1X2.5907999999999998,9.0,4.190310792023062,0.6636800295804368,4.226713880438304,0.6694457123651696,4.214256448041608,0.6674726489071382,1.0324039702694658,1.0326947911533253,1.0325952512340382
W8X31_x_1X2.5907999999999998,10.0,4.166747929073658,0.7347100817068073,4.201932039613882,0.740913989687278,4.188109457768536,0.7384766955648925,1.0359983174236143,1.0363134574887602,1.0361896270741127
W8X31_x_1X2.5907999999999998,11.0,4.143305525861407,0.8053770089689576,4.177288756822433,0.8119826799086605,4.162126453377505,0.8090354266777954,1.0395995005039467,1.0399374198255844,1.039786622860111
W8X31_x_1X2.5907999999999998,12.0,4.119968480956198,0.8757263345009134,4.152767977509033,0.8826980827126917,4.136290207444586,0.8791956245638037,1.0432097406279428,1.043568903868131,1.0433884366271806
W8X31_x_1X2.5907999999999998,13.0,4.096721956271778,0.9458027875888437,4.128353954989734,0.9531056099145443,4.110583864569703,0.9490030612831342,1.0468312811713305,1.0472101537597904,1.0469972781841144
W8X31_x_1X2.5907999999999998,14.0,4.073551338567361,1.0156504197241656,4.104031209018254,1.0232499049506054,4.084990896043699,1.0185026217431505,1.0504663933994547,1.0508634376708326,1.0506153745572608
W8X31_x_1X2.5907999999999998,15.0,4.047401746003129,1.0844980292858546,4.079784485778036,1.0931749582572476,4.059495056280994,1.0877384220086272,1.0540745362733857,1.054531053512323,1.0542449755242722
W8X31_x_1X2.5907999999999998,16.0,4.018941103211974,1.1524128169824466,4.0555987190758955,1.1629242191843447,4.0342484585210405,1.156802130485492,1.0576584383250176,1.0582153348070706,1.0578909130538992
W8X31_x_1X2.5907999999999998,17.0,3.990597583023975,1.2200481184852028,4.031458992524492,1.2325407050571573,4.0093343802288945,1.2257765322630156,1.0612521717858778,1.0619186567499723,1.0615576801098212
W8X31_x_1X2.5907999999999998,18.0,3.9623532936129724,1.2874466285281827,4.0074325829594075,1.3020937775290218,3.9844637167574017,1.2946307404998516,1.064857976966367,1.0656448763484114,1.0652437873083913
W8X31_x_1X2.5907999999999998,19.0,3.93419058879878,1.354650455667747,3.983841481026475,1.3717466288862115,3.9596212345296706,1.3634069292166795,1.0684781240238843,1.069403038651966,1.068951653010593
W8X31_x_1X2.5907999999999998,20.0,3.9060920234002054,1.4217012288223172,3.9602462246867556,1.4414117461510818,3.934791768798973,1.432147081878487,1.0721149187706265,1.07318877203602,1.0726837509062768
W8X31_x_1X2.5907999999999998,21.0,3.878040309644892,1.4886402012902813,3.93663242668834,1.511131607759847,3.9099601865706837,1.5008930940448497,1.0757707086711472,1.0770047144035888,1.0764426168721932
W8X31_x_1X2.5907999999999998,22.0,3.8500182744024842,1.5555083528032188,3.9129856545302104,1.5809488257469515,3.8851113496889496,1.5696868755641582,1.0794478890634889,1.0808535830659058,1.0802308561752376
W8X31_x_1X2.5907999999999998,23.0,3.8175018372302194,1.620433390738126,3.8892913951093555,1.650906250124641,3.860230077896591,1.6385704528419438,1.0830426190925078,1.0847381829385898,1.0840511510659938
W8X31_x_1X2.5907999999999998,24.0,3.783835442583899,1.6846720795254728,3.86553501894857,1.7210470745005795,3.8353746754569715,1.707618824419361,1.086623254005529,1.0886614152475067,1.0879081049143373
W8X31_x_1X2.5907999999999998,25.0,3.7502441076002295,1.7487675473246456,3.8417017438167345,1.7914149434891558,3.810803884332562,1.777007034991089,1.0902198449407947,1.0926262868044228,1.091812098943375
W8X31_x_1X2.5907999999999998,26.0,3.716707174494365,1.8127592111574455,3.8177765975479376,1.8620540624882227,3.7861503507476,1.8466289112696712,1.0938347059882134,1.0966359199184914,1.0957578169653253
W8X31_x_1X2.5907999999999998,27.0,3.6832041185724598,1.876686234095364,3.7937443798585475,1.9330093104143895,3.761398552485243,1.9165282881827375,1.0974701972031682,1.1006935630164196,1.099748375729909
W8X31_x_1X2.5907999999999998,28.0,3.6497144978557894,1.9405876213815612,3.7698658849542763,2.004473247129036,3.73653272303401,1.986749690548931,1.1011287309604008,1.1048110974126217,1.1037870185519745
W8X31_x_1X2.5907999999999998,29.0,3.6162179031345256,2.00450231573302,3.7458597996555265,2.076363992422114,3.711536810573999,2.0573384489013087,1.1048127785938249,1.1089847675296287,1.107877126743685
W8X31_x_1X2.5907999999999998,30.0,3.5826939081914815,2.068469292318384,3.721697359343842,2.1487229722594865,3.686394435431656,2.128340819635605,1.108524877362348,1.1132179371643385,1.1120222319304012
W8X31_x_1X2.5907999999999998,31.0,3.548817751977991,2.132344831269491,3.697362158704131,2.221599315448041,3.6610888457575315,2.199804110176767,1.1122569195874126,1.1175145242492135,1.1162260293502855
W8X31_x_1X2.5907999999999998,32.0,3.514688722945417,2.196221264469924,3.6728373447910023,2.2950434913079287,3.6345519808515463,2.271120140755468,1.1160145050942334,1.121878643522016,1.1204533175143931
W8X31_x_1X2.5907999999999998,33.0,3.480478696597727,2.2602492935327385,3.6481055679596963,2.369107456619144,3.602000636793278,2.3391665642358235,1.119806853806654,1.1263146237813009,1.124517083672935
W8X31_x_1X2.5907999999999998,34.0,3.446166457328247,2.3244686259245957,3.623148929964775,2.4438448110497655,3.5693006600863773,2.407523694399557,1.1236367945395975,1.130827026689314,1.1286295178360077
W8X31_x_1X2.5907999999999998,35.0,3.411730537546004,2.3889194407299774,3.597948928882286,2.5193109620969274,3.5364309612430698,2.476235617420607,1.1275072587770123,1.1354206673030578,1.1327940520238862
W8X31_x_1X2.5907999999999998,36.0,3.3771491632486117,2.453642490517835,3.5707801159708805,2.5943236124087585,3.5033700232345573,2.5453473132190347,1.1314212903202887,1.1400242391668551,1.1370142701326558
W8X31_x_1X2.5907999999999998,37.0,3.342400197971996,2.518679206246179,3.5357770314700576,2.6643991023246967,3.4700958433498945,2.6149047770011844,1.135382055625179,1.1443590329990758,1.141293921382393
W8X31_x_1X2.5907999999999998,38.0,3.3074610848049995,2.584071805788461,3.500547675328504,2.7349275836356632,3.4365858723956437,2.6849551463587646,1.139392854905534,1.1487556201642797,1.1456369348693625
W8X31_x_1X2.5907999999999998,39.0,3.2723087861390194,2.649863406699113,3.4650681631443385,2.8059568724466373,3.402816950867503,2.7555468346978227,1.143457134090692,1.1532180696914365,1.1500474353479364
W8X31_x_1X2.5907999999999998,40.0,3.2369197208016836,2.716098143875157,3.4293139628704443,2.877536081435686,3.3687652416958147,2.8267296718297983,1.1475784977331325,1.1577506549968533,1.1545297603830935
W8X31_x_1X2.5907999999999998,41.0,3.2012696981988027,2.7828212928171734,3.3932598235316744,2.949715762560714,3.334406159133187,2.8985550526272217,1.1517607229741171,1.1623578718043683,1.1590884790317555
W8X31_x_1X2.5907999999999998,42.0,3.165333849060149,2.8500793992466065,3.3568796998473087,3.022548057963836,3.299714293313915,2.9710760947272385,1.15600777468774,1.1670444576725016,1.1637284122311122
W8X31_x_1X2.5907999999999998,43.0,3.1290865523515285,2.9179204158982843,3.3201466722598814,3.096086860072094,3.264663329970829,3.0443478063582132,1.160323821938322,1.1718154133162972,1.1684546550950115
W8X31_x_1X2.5907999999999998,44.0,3.092501357877667,2.986393847378096,3.283032861824741,3.1703879819868956,3.2292259647449337,3.1184272654697263,1.1647132559027262,1.1766760259358136,1.1732726013458068
W8X31_x_1X2.5907999999999998,45.0,3.0555509040569984,3.0555509040569984,3.2455093393613432,3.245509339361343,3.193373811465974,3.1933738114659738,1.1691807094282087,1.1816318947911428,1.1781879701394693
W8X31_x_1X2.5907999999999998,46.0,3.0182068302999037,3.1254446660652997,3.2075460282064863,3.321511145086358,3.157077303716793,3.269249250978936,1.1737310784183494,1.1866889592960301,1.1832068355768521
W8X31_x_1X2.5907999999999998,47.0,2.9816873863942055,3.1974682562444214,3.1691115998404302,3.3984561182451403,3.1203055889200693,3.346118079273022,1.17845770342225,1.1918535299393815,1.1883356592346919
W8X31_x_1X2.5907999999999998,48.0,2.9450152502988898,3.270770793344775,3.1301733615779668,3.4764097089534545,3.0826473185962353,3.4236266908376334,1.1833079216058435,1.1971323223871244,1.1935528597725331
W8X31_x_1X2.5907999999999998,49.0,2.9078373698413618,3.3450842436021366,3.090697135426581,3.5554403408832123,3.043931016506129,3.501642075148784,1.1882663818714674,1.2025324951669492,1.1988511208848116
W8X31_x_1X2.5907999999999998,50.0,2.8701200744305906,3.4204759098794173,3.050647127111321,3.635619673472123,3.0046478036437425,3.580799814472732,1.1933398744660935,1.208061691396836,1.2042757573598326
W8X31_x_1X2.5907999999999998,51.0,2.8318280417677983,3.497016396575277,3.0099857841489497,3.7170228860564656,2.964760659148662,3.6611745077896676,1.1985356520480723,1.2137280850863568,1.209834773047931
W8X31_x_1X2.5907999999999998,52.0,2.7929241530518216,3.574779899048621,2.968673641720165,3.7997289864318784,2.924230667029968,3.7428445728673925,1.2038614740168474,1.2195404326194539,1.2155367414125777
W8X31_x_1X2.5907999999999998,53.0,2.753369335413977,3.6538445185695476,2.9269659749903343,3.8842150401700573,2.883016849897709,3.825892581301141,1.2093256558275394,1.2255362220522168,1.2213908615998839
W8X31_x_1X2.5907999999999998,54.0,2.7131223901002244,3.734292605759487,2.8863909708814024,3.9727763477323994,2.8410759875858282,3.9104056239979172,1.2149371239688527,1.231885489323075,1.2274070210466044
W8X31_x_1X2.5907999999999998,55.0,2.6721398047295484,3.8162111358607675,2.8450103997637033,4.063095931583118,2.7983624188915646,3.99647571068203,1.2207054773895762,1.2384296256924354,1.2335958655459227
W8X31_x_1X2.5907999999999998,56.0,2.630375547740277,3.8996921196100556,2.8027740435616297,4.1552834005451,2.7548278244247983,4.0842002074650745,1.2266410562851982,1.2451819204568657,1.2399688778403235
W8X31_x_1X2.5907999999999998,57.0,2.587780842885762,3.984833053990355,2.759628519653831,4.249455270558437,2.7104209882939014,4.173682317061475,1.232755019305691,1.2521567843222945,1.246538465988974
W8X31_x_1X2.5907999999999998,58.0,2.5443039213518626,4.071737417713932,2.715516989011943,4.3457356017133995,2.6650875360463555,4.265031606851919,1.239059430423338,1.2593698747532658,1.2533180629693181
W8X31_x_1X2.5907999999999998,59.0,2.4998897487343004,4.160515216956889,2.67037883347346,4.44425670265299,2.618769645925514,4.358364590716164,1.2455673569115278,1.2668382383237504,1.2603222392264641
W8X31_x_1X2.5907999999999998,60.0,2.4560885004549275,4.254070070673588,2.624149298157909,4.545159911055707,2.5714057300908237,4.453805371391048,1.2525006096458928,1.274580472832896,1.267566830188624
W8X31_x_1X2.5907999999999998,61.0,2.4118511709049635,4.3510946909198545,2.576759094442301,4.648596460203859,2.5235290654572915,4.55256694590042,1.259773831351694,1.2826169124739626,1.275152576259713
W8X31_x_1X2.5907999999999998,62.0,2.366456576130918,4.450657511822285,2.528133958216975,4.7547284431594425,2.4758266338632082,4.656352673915858,1.2673265456362126,1.290969839984495,1.2832236531774401
W8X31_x_1X2.5907999999999998,63.0,2.3198299223766554,4.552922576641621,2.47819415732677,4.863729887851003,2.426837764650022,4.762937292058769,1.2751800574603716,1.2996637304891925,1.29162048200808
W8X31_x_1X2.5907999999999998,64.0,2.271890755445928,4.658066343539275,2.42685394114105,4.975787958473349,2.376478610879548,4.872503225317366,1.2833577855748517,1.3087255327106222,1.3003686304957334
W8X31_x_1X2.5907999999999998,65.0,2.22255237979534,4.766278959666096,2.374020924060126,5.091104301081437,2.3246588490653597,4.985246989644449,1.2918855357950192,1.31818499441425,1.3094962990866241
W8X31_x_1X2.5907999999999998,66.0,2.1717212062265876,4.877765691852538,2.320621273885474,5.212200719451222,2.271281004468223,5.101380659905735,1.3007918176208442,1.3282683550325545,1.3190346735419511
W8X31_x_1X2.5907999999999998,67.0,2.1192960176344764,4.992748537025038,2.2670918345766076,5.340933662027014,2.2162396919574796,5.221133521530535,1.3101082124502912,1.3391597746172148,1.3290183355986633
W8X31_x_1X2.5907999999999998,68.0,2.065167140455123,5.111468039447801,2.2116991567747566,5.474147506645108,2.159420759754161,5.344753933461753,1.3198698034781704,1.3506217661885827,1.339485743151631
W8X31_x_1X2.5907999999999998,69.0,2.009235974148735,5.2342386646442645,2.1543086547595456,5.612165918489304,2.100700321151886,5.472511434831533,1.3301201662034232,1.3627079356503895,1.3504797940972428
W8X31_x_1X2.5907999999999998,70.0,1.9533688264104854,5.366836742429384,2.094773328303589,5.755342418389915,2.0399436566447644,5.604699133591182,1.3413731247023157,1.3754786967535726,1.362048491363106
W8X31_x_1X2.5907999999999998,71.0,1.8953586482392877,5.504521203313481,2.0329322625485586,5.904063990471645,1.9785110218186392,5.746013231167199,1.3532629626073702,1.3890023929323587,1.3746392180073548
W8X31_x_1X2.5907999999999998,72.0,1.8350422587069044,5.647679349643131,1.9686089064141972,6.0587552224075525,1.9154914556609266,5.895276518687494,1.3658532189135326,1.4033566483465472,1.3881958660862728
W8X31_x_1X2.5907999999999998,73.0,1.7722403093920271,5.796736856558055,1.9016090903541012,6.219883072517956,1.8498789208110573,6.050681312013462,1.379216054780541,1.418630004702618,1.4026000452037624
W8X31_x_1X2.5907999999999998,74.0,1.7067551970294879,5.952162726221172,1.83171873614701,6.387962377493096,1.7814674727089725,6.212715395558031,1.39343377310164,1.4349239169671957,1.4179434525302879
W8X31_x_1X2.5907999999999998,75.0,1.638368645552367,6.114475026729239,1.7606939687940721,6.570999348119569,1.7100296468046183,6.3819175243238995,1.4086006710041519,1.453102899462512,1.434331374002269
W8X31_x_1X2.5907999999999998,76.0,1.5669028247731647,6.284503974303666,1.6874010974621045,6.76779614892847,1.6353135352957167,6.558884347717158,1.4248501031190435,1.4731741384827095,1.4518853050081215
W8X31_x_1X2.5907999999999998,77.0,1.494258991795755,6.472346772895481,1.6102775843204018,6.974878507384393,1.5570393754667402,6.744278490144656,1.4432475199538763,1.4949073523549798,1.4707462017137118
W8X31_x_1X2.5907999999999998,78.0,1.4177767173915945,6.670115033158017,1.5289641958560802,7.193210992139022,1.477027455811109,6.948867841135295,1.4631422403663281,1.5185329128087184,1.492142089767595
W8X31_x_1X2.5907999999999998,79.0,1.3370930315025948,6.878747324942587,1.4430561706071061,7.423880417767521,1.393173656978908,7.16725713195488,1.4847385359693752,1.5443256709354396,1.5156850994911863
W8X31_x_1X2.5907999999999998,80.0,1.2517985351528034,7.09930227423617,1.352095732608021,7.668115946722553,1.304501468629275,7.398195462701805,1.5082794574367766,1.572616246234613,1.5414100226939202
W8X31_x_1X2.5907999999999998,81.0,1.1614944457220033,7.333387315963947,1.2582117317894124,7.9440362273673095,1.2105243538602257,7.642949972736026,1.5341023808239678,1.605861129181277,1.56965298480031
W8X31_x_1X2.5907999999999998,82.0,1.067673661736225,7.596892846105014,1.1589864595416746,8.246617162876099,1.110688879730875,7.902962025825902,1.5642588736398366,1.6439864520271867,1.6008227163630722
W8X31_x_1X2.5907999999999998,83.0,0.9673708961578606,7.878603702649855,1.0524478277763343,8.571499706779809,1.0071049352568942,8.202211482055072,1.597849801873879,1.6870070420042862,1.6382774599638101
W8X31_x_1X2.5907999999999998,84.0,0.8598225034957987,8.180664664201105,0.9376837712112045,8.92146514211327,0.895960623685867,8.524495910379914,1.6355216811720727,1.7359623570858835,1.680642967956175
W8X31_x_1X2.5907999999999998,85.0,0.7448357449507611,8.513511521753411,0.8164831680506361,9.332445315143055,0.776183140300851,8.871813890160276,1.6791627066836792,1.7972384818273182,1.728843256669173
W8X31_x_1X2.5907999999999998,86.0,0.6213979079024118,8.886404093531416,0.6851302354443459,9.797818839472065,0.648168647730859,9.269243509263305,1.7309291193481462,1.8721074980184618,1.7875331907774028
W8X31_x_1X2.5907999999999998,87.0,0.4869951274281887,9.292420592714862,0.5403620259093438,10.310721677233895,0.5096014867637254,9.723775625208138,1.791079986691209,1.962255134691304,1.8597779138349473
W8X31_x_1X2.5907999999999998,88.0,0.3400968285790818,9.739098923906885,0.38326368453513177,10.975235944491462,0.3571622888445384,10.22778976645803,1.8623160908786724,2.092924067655173,1.9470910886811266
W8X31_x_1X2.5907999999999998,89.0,0.17935982059904132,10.275517240218921,0.20504722733878325,11.74714778673244,0.18932206960814052,10.846254103706283,1.9557890740304669,2.2685680567395603,2.0662085090117923
W8X31_x_1X2.5907999999999998,90.0,0.0,10.465890000202208,0.0,12.907593533850614,0.0,11.303959606384733,1.9523271300832548,2.5156132534101365,2.114686515975533
W8X31_x_1X2.7432,0.0,4.263349963673404,0.0,4.215995008738743,0.0,4.215995008738743,0.0,1.0,1.0,1.0
W8X31_x_1X2.7432,1.0,4.216920241835582,0.07360661661835509,4.189880052942635,0.07313462836555741,4.188383077063831,0.07310849855439693,1.003916606695796,1.0038913933231999,1.003889997519401
W8X31_x_1X2.7432,2.0,4.171463512116338,0.14567071574985105,4.164071005582393,0.1454125637332129,4.161113967690748,0.14530930169462042,1.0077813268810238,1.0077674287350864,1.0077618695189836
W8X31_x_1X2.7432,3.0,4.126922654562383,0.2162828515984879,4.13854706491869,0.2168920611307367,4.134165020138043,0.21666240789506416,1.0115974945852018,1.01163054598472,1.0116180863681863
W8X31_x_1X2.7432,4.0,4.083243922926116,0.2855282299179363,4.11328823016038,0.2876291325398797,4.107514488832103,0.28722539321580676,1.0153683020932769,1.015483152875532,1.0154610794756624
W8X31_x_1X2.7432,5.0,4.041403461873399,0.3535769876483463,4.088275233820332,0.3576777363330754,4.081141467074779,0.3570536126146013,1.0191017585235944,1.0193276313365376,1.019293247523201
W8X31_x_1X2.7432,6.0,4.019255463361935,0.42244077181404827,4.063489478554943,0.4270899541536397,4.055025816245639,0.4262003873990733,1.0229083153637817,1.0231663433576432,1.0231169625265089
W8X31_x_1X2.7432,7.0,3.9972688090885526,0.4908028955348144,4.038912978025818,0.49591615653194293,4.0291480997041,0.49471718023494043,1.0267157038969397,1.0270016368207187,1.026934575755804
W8X31_x_1X2.7432,8.0,3.97542848615557,0.5587100377439683,4.014528301364894,0.5642051584101959,4.003603086529744,0.562669719597961,1.030526246229462,1.0308358512571854,1.0307493229170959
W8X31_x_1X2.7432,9.0,3.9537198581055213,0.6262077069260481,3.9903185208618135,0.6320043656433297,3.978593527978561,0.6301473092077067,1.0343422721622926,1.0346713235621985,1.034565883398061
W8X31_x_1X2.7432,10.0,3.9321286240985813,0.6933403680446335,3.9667343675496585,0.6994422943025337,3.9537583970258585,0.6971542805983099,1.0381661249009475,1.038515106808428,1.0383842227197098
W8X31_x_1X2.7432,11.0,3.9091302465740667,0.7598579457886727,3.943341362298197,0.7665079130390755,3.929080894584475,0.7637359589164338,1.0419832545467669,1.0423664264619519,1.042206671492205
W8X31_x_1X2.7432,12.0,3.8860760263969216,0.8260109585592319,3.920066165498616,0.8332357856573737,3.9045446251515026,0.8299365804093687,1.045807727496993,1.046227133708053,1.0460355703589945
W8X31_x_1X2.7432,13.0,3.8631234455593835,0.8918723219710477,3.896893808933077,0.8996688246767852,3.8801335516057165,0.8957994143848185,1.0496436530399798,1.050099625100997,1.0498732757464626
W8X31_x_1X2.7432,14.0,3.8402579349782813,0.9574838413308122,3.8738095812232456,0.9658492062811699,3.855831951965044,0.9613668798823674,1.0534934316782105,1.0539863262614226,1.0537221656958013
W8X31_x_1X2.7432,15.0,3.8174651416741923,1.0228867018455612,3.8507989897415524,1.031818479515832,3.8316243778492614,1.0266806577441125,1.0573594982387302,1.057889698036273,1.0575846458079565
W8X31_x_1X2.7432,16.0,3.7927836809273368,1.0875632196872205,3.8278477236842194,1.0976176721538062,3.8074980189920535,1.0917824882317735,1.0612109548832473,1.0618122428454988,1.061463196564164
W8X31_x_1X2.7432,17.0,3.766785539946755,1.1516219100365495,3.804941618103167,1.163287393813099,3.7838487835173207,1.1568386671212736,1.0650536934621522,1.0657565112509249,1.0653678748287716
W8X31_x_1X2.7432,18.0,3.7408681102557364,1.21548173003166,3.782066618702668,1.228867936881486,3.7602424478257674,1.2217768339096284,1.068912618391248,1.0697251087847621,1.0692945510579086
W8X31_x_1X2.7432,19.0,3.71501529215421,1.2791823488820677,3.7593253416593013,1.2944395224729028,3.7366645452869753,1.2866367845427764,1.072790199530474,1.0737231601598725,1.073245825768171
W8X31_x_1X2.7432,20.0,3.689211144710022,1.3427630445975913,3.7369575458476345,1.3601413134050162,3.7131006787302283,1.351458123891436,1.0766889535417488,1.0777595766353472,1.0772243623496325
W8X31_x_1X2.7432,21.0,3.6629375875517427,1.4060700024405035,3.7145733988469,1.42589113331659,3.6895364852271904,1.4162803626296951,1.080599497318901,1.0818297827447358,1.0812328945518566
W8X31_x_1X2.7432,22.0,3.6318967919879075,1.4673815534896877,3.6921592236186602,1.4917291563011101,3.66595760105225,1.481143013624846,1.0844142602999425,1.08593671721623,1.0852742343633885
W8X31_x_1X2.7432,23.0,3.6009478496759093,1.528511676671553,3.6697012697370504,1.5576957720157876,3.6423496266387327,1.5460856883385985,1.0882449452609837,1.0900834172590756,1.089351280334901
W8X31_x_1X2.7432,24.0,3.57007157230566,1.589498272595028,3.6471856795190596,1.6238316851683912,3.6186980913491387,1.6111481937398864,1.0920940019855094,1.0942730281598216,1.0934670264005613
W8X31_x_1X2.7432,25.0,3.539248949970345,1.6503788894882092,3.624598453595097,1.6901780166481588,3.5952301960312925,1.6764833732394886,1.0959639263247583,1.0985088135247894,1.0976317856322384
W8X31_x_1X2.7432,26.0,3.50846110409118,1.7111908161810316,3.601925415736787,1.7567764068384697,3.571846393454124,1.7421058874390163,1.0998572668542017,1.1027941662430951,1.101847273767298
W8X31_x_1X2.7432,27.0,3.4776892410266185,1.7719711737360266,3.579152176752243,1.82366912166865,3.5483710321242032,1.8079853451160948,1.1037766318167368,1.1071326202523732,1.106112324956377
W8X31_x_1X2.7432,28.0,3.44691460612293,1.832757006207273,3.5562640972505775,1.8908991619872264,3.5247891796360524,1.8741636514308155,1.107724696394013,1.1115278631981955,1.110430464840526
W8X31_x_1X2.7432,29.0,3.4161184379670546,1.893585370999833,3.5334664833018405,1.9586324546991944,3.5010856373464723,1.9406834586924362,1.1117042103504562,1.11599182823658,1.114805372949877
W8X31_x_1X2.7432,30.0,3.3852819226043955,1.9544934292984213,3.5106718431461448,2.0268873336768665,3.477244900180324,2.007588279157363,1.1157180060981726,1.1205269849669497,1.1192408963645686
W8X31_x_1X2.7432,31.0,3.3543861474839387,2.015518537034673,3.487714251639795,2.095630144231532,3.4532511147773426,2.0749226024827268,1.1197690072350912,1.1251323795851194,1.1237410644864747
W8X31_x_1X2.7432,32.0,3.323412054890635,2.076698336867157,3.4645778105342875,2.164908491107997,3.42908803573305,2.1427320185285397,1.1238602376134574,1.1298125301893376,1.1283101050479893
W8X31_x_1X2.7432,33.0,3.2917586354196335,2.1376930528149862,3.4412461530883274,2.2347713818772825,3.402461888840458,2.2095845861781376,1.1279692850795493,1.1345721954470136,1.132851587406918
W8X31_x_1X2.7432,34.0,3.2596326485170235,2.198649983202368,3.4177023951095915,2.3052693735341796,3.372424268736052,2.27472889166856,1.132106243069437,1.1394163957766659,1.137312713159443
W8X31_x_1X2.7432,35.0,3.227384404356824,2.259838888631102,3.393929083000421,2.3764547280660624,3.34221546150818,2.3402444604690715,1.1362899076955582,1.1443504365089547,1.141835224372296
W8X31_x_1X2.7432,36.0,3.194993434402881,2.3212986067915993,3.3699081384521334,2.4483815780568525,3.3118154277580523,2.4061747531704905,1.140523668444007,1.149379933262482,1.146423211412404
W8X31_x_1X2.7432,37.0,3.1624389137129976,2.38306865163111,3.3456207993978175,2.5211061034943736,3.2812036388952412,2.4725642913015355,1.1448110583048638,1.1545108398014625,1.1510809649859985
W8X31_x_1X2.7432,38.0,3.129699606054195,2.445189317493878,3.3169207717817755,2.5914625232546693,3.250359019299712,2.5394587827653354,1.1491557665941234,1.1595189227007032,1.15581299370322
W8X31_x_1X2.7432,39.0,3.096753806795291,2.507701787478682,3.283864651955533,2.6592211623270696,3.219259885420804,2.6069052539189546,1.1535616527962238,1.1643837738994265,1.1606240431902544
W8X31_x_1X2.7432,40.0,3.0635792832413857,2.5706482466502023,3.2505411509871895,2.7275278809199217,3.1878838814243484,2.6749521891391663,1.1580327615428674,1.1693299088822087,1.1655191169285666
W8X31_x_1X2.7432,41.0,3.0301532120505192,2.634072000786756,3.2169264512329203,2.7964315005869955,3.156207910964729,2.7436496787922966,1.1625733388575272,1.1743624739380907,1.170503499023661
W8X31_x_1X2.7432,42.0,2.9964521133446573,2.698017601400339,3.1829959587168397,2.8659824342123232,3.124208064619366,2.8130495766112045,1.1671878498105965,1.1794869040992386,1.1755827791320748
W8X31_x_1X2.7432,43.0,2.9624517810947912,2.762530977826279,3.1487242264297577,2.936232843232888,3.0918595424782938,2.8832056675796975,1.1718809977480757,1.1847089487912963,1.1807628798056187
W8X31_x_1X2.7432,44.0,2.928608800356855,2.828124644305826,3.114084872567256,3.007236805234716,3.05913657133037,2.954173847535538,1.1766919963342952,1.1900346999718077,1.1860500865468486
W8X31_x_1X2.7432,45.0,2.8950852661977673,2.895085266197767,3.0790504931219025,3.079050493121902,3.0260123158294485,3.026012315829448,1.181644601417696,1.195470623059371,1.1914510809102123
W8X31_x_1X2.7432,46.0,2.86117002443422,2.96282829321054,3.0435925681839,3.1517323671821194,2.992458782957524,3.098781782521351,1.1866981268652845,1.201023590997833,1.196972977030257
W8X31_x_1X2.7432,47.0,2.8268351305227277,3.0314095423711125,3.0076813612355484,3.2253433815134462,2.958446719026295,3.172545691758982,1.1918588657110445,1.20670092184817,1.2026233620128048
W8X31_x_1X2.7432,48.0,2.7920514258885025,3.100887255638464,2.9712858106463957,3.299947206438291,2.923945498372406,3.247370463170875,1.1971335144916357,1.2125104203568595,1.2084103406885847
W8X31_x_1X2.7432,49.0,2.756788430067277,3.1713223153418006,2.9343734124864085,3.375610468713668,2.888115220967464,3.3223965066150947,1.20252921075165,1.2184604240150054,1.2142696539705315
W8X31_x_1X2.7432,50.0,2.7210142241060713,3.242778477078357,2.8969100936723793,3.452403011556487,2.851294787695886,3.3980408067817174,1.2080535745690892,1.2245598541989307,1.2202356522895177
W8X31_x_1X2.7432,51.0,2.684695324229823,3.3153226220543566,2.8588600743461092,3.530398176741597,2.8138963391009555,3.474872587940161,1.2137147546265221,1.230818273072532,1.226356236085782
W8X31_x_1X2.7432,52.0,2.6477965446620537,3.3890250310899432,2.820185718249495,3.6096731113038687,2.7758828167774245,3.552967983282818,1.2195214794324756,1.2372459470368777,1.2326413720955354
W8X31_x_1X2.7432,53.0,2.610280848351859,3.463959682780265,2.7808473697088103,3.6903091016888143,2.7372151706023464,3.6324072178086704,1.225483114390384,1.2438539176364898,1.2391017765713357
W8X31_x_1X2.7432,54.0,2.5727846612629315,3.541134293027851,2.74080317566521,3.7723919385555726,2.6978521831662765,3.713274969013747,1.2316848140212104,1.2506540809781632,1.2457489918559028
W8X31_x_1X2.7432,55.0,2.535214854335594,3.6206620408823786,2.700530417870981,3.856757133428891,2.6577502776922457,3.7956607615044815,1.2381422932697723,1.2577220292102305,1.252595472316272
W8X31_x_1X2.7432,56.0,2.4968890042758995,3.7017901804480893,2.6611739321279675,3.945352602196497,2.616863307469472,3.8796593995873936,1.2448005732415781,1.265231755945125,1.2596546810133344
W8X31_x_1X2.7432,57.0,2.457759978936529,3.7846184810300283,2.6209478117606158,4.035905707316671,2.575142324564093,3.9653714424322875,1.25167342165878,1.2730015908449868,1.2669411987168433
W8X31_x_1X2.7432,58.0,2.4177776492967595,3.8692530557133087,2.5797975634735093,4.128539118762629,2.5325353252631726,4.052903727034863,1.258775778649199,1.2810502764499303,1.2744708471572763
W8X31_x_1X2.7432,59.0,2.376888611976546,3.9558069487451677,2.5376650075178016,4.223383805090751,2.488986969353659,4.142369944933092,1.2661238888068735,1.2893982781290962,1.282260828743737
W8X31_x_1X2.7432,60.0,2.33503588220075,4.044400785468114,2.4944879256069203,4.320579826018278,2.444438269926121,4.233891279477805,1.2737354513175243,1.298067991610375,1.2903298853844636
W8X31_x_1X2.7432,61.0,2.292158553371742,4.135163492936484,2.450199669454064,4.420277213645389,2.3988262499136597,4.327597111442905,1.281629791110058,1.307083981045961,1.2986984795395689
W8X31_x_1X2.7432,62.0,2.248572375522591,4.228949575892007,2.4047287245974895,4.522636954329029,2.353266693317219,4.425850950139743,1.2898915778431825,1.31647325299858,1.3075917676776363
W8X31_x_1X2.7432,63.0,2.2047420562706286,4.327049921565763,2.3579982233438654,4.62783208509715,2.307268364027084,4.528269130259237,1.298649293483184,1.3262655728459252,1.3169938366374059
W8X31_x_1X2.7432,64.0,2.159658295729574,4.427955700232941,2.30992539967363,4.736048920712435,2.2599598867151713,4.633604437547226,1.3077836212956122,1.3364938314790376,1.3268071630272542
W8X31_x_1X2.7432,65.0,2.1132378575523805,4.531853210203873,2.2604209777843747,4.847488430123574,2.211254379533277,4.742050319916183,1.3173253306337354,1.3471944718864814,1.3370657245870061
W8X31_x_1X2.7432,66.0,2.0653908152558413,4.63894372354863,2.2093884845611456,4.962367784164841,2.1610579966523566,4.853815731020968,1.3273085184768993,1.358407987364768,1.3478072231135916
W8X31_x_1X2.7432,67.0,2.0160198335931216,4.749445094517965,2.1567234746093704,5.08092210008611,2.109269181844089,4.969126792206529,1.3377710767929805,1.370179505801196,1.3590736143827773
W8X31_x_1X2.7432,68.0,1.965019356730799,4.863593576552947,2.104297293870906,5.208318567739369,2.055777825503866,5.08822866944936,1.3487552407587566,1.3830606793331135,1.3709117310113745
W8X31_x_1X2.7432,69.0,1.913305725001102,4.984331821616415,2.05074809820473,5.342381445074751,2.000464310135866,5.211387698645171,1.3605734145907469,1.3968825105491398,1.383374017860895
W8X31_x_1X2.7432,70.0,1.860182992528137,5.110810768024582,1.9951393869916734,5.481600414424158,1.9431984266100775,5.338893798630937,1.3731797889306967,1.4115341365079457,1.396519404454228
W8X31_x_1X2.7432,71.0,1.8050178456430055,5.242152461715395,1.9373141001138638,5.626368683025431,1.8840843613654896,5.471778296736559,1.3865228366350915,1.4271023778704444,1.4104902800430248
W8X31_x_1X2.7432,72.0,1.7476545592610937,5.37872766570714,1.8770995857433164,5.7771184926806916,1.8247999610509964,5.616156798764694,1.4006779612843778,1.44368646366807,1.4259928514586322
W8X31_x_1X2.7432,73.0,1.6879219530863911,5.520943940049487,1.814305583585139,5.934326168799847,1.7630260094563077,5.766598239485808,1.4157310890557069,1.461400337056369,1.4425165117869896
W8X31_x_1X2.7432,74.0,1.6262891873481164,5.671544401820115,1.748721888068297,6.098517970710125,1.6985622145698729,5.923590400853376,1.4320317141297338,1.480375494860723,1.4601767108880002
W8X31_x_1X2.7432,75.0,1.5626443126827216,5.831867969090465,1.6801156305466842,6.270276895790847,1.6311870225663052,6.087672844864453,1.4498061647180251,1.5007645108861165,1.4791068375607834
W8X31_x_1X2.7432,76.0,1.4959416437383364,5.999894222387992,1.6092970835599645,6.454538059137148,1.5606546852404646,6.259444055395842,1.4689186926735824,1.5232770074001871,1.4994618521597076
W8X31_x_1X2.7432,77.0,1.4259116802541028,6.176302041880632,1.5372288199366184,6.658469546809768,1.4866918296078144,6.439569792441622,1.4895393695764692,1.5490004389442689,1.5214228389835258
W8X31_x_1X2.7432,78.0,1.35342099300336,6.367345154483832,1.461094177760752,6.873907661476895,1.4101467127484635,6.6342186835784815,1.512539730719594,1.577144396327326,1.5458956877802652
W8X31_x_1X2.7432,79.0,1.2777025262623707,6.573209662698487,1.3804884754246283,7.101997530246498,1.3310049490221807,6.847426855768414,1.5381401390853207,1.6080872065181802,1.5736295898651806
W8X31_x_1X2.7432,80.0,1.1963563525055603,6.784874031748937,1.2949522667241806,7.344039247545586,1.2471970089578834,7.073205722384426,1.5653893215164996,1.642290186757384,1.604113952166342
W8X31_x_1X2.7432,81.0,1.108920623624136,7.00144926706128,1.2039617162808114,7.6015151097787355,1.1582418476529521,7.312851219978844,1.5942971995154327,1.680321733804022,1.6378009061783048
W8X31_x_1X2.7432,82.0,0.9839895241192393,7.00144926706128,1.1099456426993555,7.897673619555273,1.06359076725907,7.567841542362576,1.5942971995154323,1.7263232122072365,1.6752472325010193
W8X31_x_1X2.7432,83.0,0.8596698739400824,7.00144926706128,1.0098663014240261,8.224701004734682,0.9648020356654847,7.857682012874807,1.5942971995154325,1.7801611422163917,1.7199637389700597
W8X31_x_1X2.7432,84.0,0.7358819709659066,7.00144926706128,0.9016257997834423,8.578396460469595,0.8593731556138807,8.176389404685803,1.5942971995154327,1.8423321373402024,1.771995669884638
W8X31_x_1X2.7432,85.0,0.6125474391197513,7.00144926706128,0.7842404654126935,8.96390953760899,0.7454667557503235,8.520724008196016,1.5942971995154327,1.915277414501783,1.8318979277053709
W8X31_x_1X2.7432,86.0,0.4895890262298225,7.00144926706128,0.6604640302801973,9.445075671599993,0.6232519777568857,8.912918527736878,1.594297199515432,2.0149118306206275,1.9052969753173288
W8X31_x_1X2.7432,87.0,0.3669304078495591,7.00144926706128,0.5230007058402717,9.97944795591653,0.49104858248713396,9.36976512275216,1.5942971995154318,2.1385529464971276,1.998633953878598
W8X31_x_1X2.7432,88.0,0.2444959959632137,7.00144926706128,0.37186229585940145,10.648742890596285,0.34498331854902853,9.879029688350707,1.594297199515431,2.316766524809613,2.114166383202438
W8X31_x_1X2.7432,89.0,0.12221075154817662,7.00144926706128,0.20034178346234915,11.477573087595843,0.18354811412664773,10.515464415713849,1.5942971995154331,2.583688395040877,2.2789340950587746
W8X31_x_1X2.7432,90.0,0.0,7.00144926706128,0.0,12.788242665149621,0.0,10.914086018365909,1.5754849718574833,3.02838727212683,2.3304290312745315
W8X31_x_1X2.8955999999999995,0.0,4.03903145823982,0.0,3.9941005345946,0.0,3.9941005345946,0.0,0.9999999999999999,1.0,1.0
W8X31_x_1X2.8955999999999995,1.0,3.9984583249704024,0.06979334967513051,3.9691311623408034,0.06928144214727046,3.9677033189894337,0.06925651904886497,1.0041387248088325,1.0041082426601733,1.0041067586321422
W8X31_x_1X2.8955999999999995,2.0,3.9586682224844587,0.13823974049168652,3.9444571083408295,0.13774347745045593,3.9416369589285742,0.13764499566289826,1.0082313806874563,1.0082015858576836,1.008195673382418
W8X31_x_1X2.8955999999999995,3.0,3.9196151368615553,0.20541832496710777,3.920058388540859,0.20544155480328355,3.915879679950654,0.2052225579657999,1.0122811863523602,1.01228259243703,1.0122693368786682
W8X31_x_1X2.8955999999999995,4.0,3.8812556256354265,0.2714038322385003,3.895915794475369,0.2724289711080311,3.8904105934398787,0.2720440099505111,1.0162912417346712,1.0163537948084846,1.016330303903219
W8X31_x_1X2.8955999999999995,5.0,3.843548606913805,0.3362669308158159,3.8720108279545076,0.33875705249564636,3.8652096231780937,0.33816202417939173,1.020264538184857,1.020417701292511,1.0203810978928205
W8X31_x_1X2.8955999999999995,6.0,3.8064551670591564,0.40007455940683545,3.8483256401084027,0.4044753234568885,3.8402574369840257,0.40362732113753275,1.024203968023952,1.0244768023379796,1.024424217273297
W8X31_x_1X2.8955999999999995,7.0,3.781978563159315,0.4643685772217145,3.8248429743405983,0.46963166512696985,3.815535382920505,0.4684888366013901,1.0282046791929478,1.0285335766471253,1.0284621416630495
W8X31_x_1X2.8955999999999995,8.0,3.7608425127611125,0.5285519459276861,3.8015461127845627,0.5342724638503741,3.791097064990632,0.5328039459515698,1.0322301665738738,1.0325904972394013,1.0324979722428165
W8X31_x_1X2.8955999999999995,9.0,3.7398391670246762,0.5923323333729833,3.778418825893844,0.5984427510508878,3.767204560548997,0.5966665859105936,1.03626208993524,1.0366500374857857,1.0365372393078973
W8X31_x_1X2.8955999999999995,10.0,3.718954597562037,0.6557520355799784,3.7556781437379336,0.6622273875980822,3.7434813338044415,0.6600767609282344,1.04030292860924,1.0407173052500123,1.0405796433564543
W8X31_x_1X2.8955999999999995,11.0,3.698175177103853,0.7188524341708837,3.7333482299068104,0.7256893830480399,3.719911284563191,0.7230775054582805,1.0443551837987313,1.0447961651289484,1.0446276552845213
W8X31_x_1X2.8955999999999995,12.0,3.6774875428400446,0.781674107690418,3.7111329261604147,0.7888256546850658,3.696478705473209,0.7857108039218397,1.0484213848201447,1.0488863077857757,1.0486837596935048
W8X31_x_1X2.8955999999999995,13.0,3.656076769418083,0.8440718303717453,3.6890179150060596,0.8516768930672454,3.6731682385418307,0.8480177069320234,1.0524919721849755,1.0529902839399938,1.052750461014856
W8X31_x_1X2.8955999999999995,14.0,3.6327601391238904,0.9057488302960748,3.666989129688401,0.9142830761528622,3.6499648335678962,0.9100384424013261,1.056547082594324,1.0571106785205264,1.0568302897382615
W8X31_x_1X2.8955999999999995,15.0,3.6095390609288924,0.9671730764244897,3.645032717671469,0.9766835730850906,3.6268537082423458,0.9718125221893592,1.0606171065771286,1.0612501172829665,1.0609258087764926
W8X31_x_1X2.8955999999999995,16.0,3.5863988811242766,1.0283833306529377,3.623135005259761,1.0389172447394508,3.603820309686934,1.0333788449066064,1.0647046214750866,1.0654112736441703,1.0650396200013024
W8X31_x_1X2.8955999999999995,17.0,3.5633251462360453,1.0894178252175268,3.601282463163447,1.1010225415880837,3.581173408183876,1.09487458650569,1.0688122482523847,1.0695968757727752,1.0691810501889103
W8X31_x_1X2.8955999999999995,18.0,3.5403035664699702,1.1503143593896974,3.579461672821339,1.16303759941044,3.5586389327788472,1.1562718810410968,1.0729426583775632,1.073809713976591,1.0733484715888106
W8X31_x_1X2.8955999999999995,19.0,3.5173199800170054,1.2111103938953085,3.5576592933021325,1.2250003333605206,3.536134033700627,1.2175885920964937,1.0770985809777922,1.0780526484306192,1.0775433406942951
W8X31_x_1X2.8955999999999995,20.0,3.491962767799062,1.270970506644681,3.5360192982900753,1.2870057723684512,3.5136449620090104,1.2788621799506812,1.0812224565616382,1.0823325842421807,1.0817685122714757
W8X31_x_1X2.8955999999999995,21.0,3.4645595299507113,1.3299198007872834,3.514686199745786,1.3491616265177087,3.491158007383181,1.3401299996603098,1.0853149094951322,1.086657529759093,1.0860269197067527
W8X31_x_1X2.8955999999999995,22.0,3.437221966110127,1.388727818325172,3.4933263384972717,1.4113954561536,3.468659464664947,1.401429392215974,1.0894288869396396,1.0910230584101044,1.0903215835751887
W8X31_x_1X2.8955999999999995,23.0,3.409933236809927,1.4474307839819165,3.4719266198390284,1.4737454138494057,3.446135600428749,1.4627977756253692,1.0935670869902197,1.095432443212337,1.0946556207069786
W8X31_x_1X2.8955999999999995,24.0,3.38267662213714,1.5060646652980387,3.4504738514551536,1.5362499365748596,3.423572619405017,1.5242727363959976,1.0977322693244307,1.099889077310498,1.0990322538123782
W8X31_x_1X2.8955999999999995,25.0,3.35543548062566,1.5646652610607437,3.4289547106883953,1.5989478410606563,3.401077500157374,1.5859484843020417,1.1019272628491223,1.1043964852149655,1.1034588834660548
W8X31_x_1X2.8955999999999995,26.0,3.3281932085564288,1.6232682888565468,3.4073557111263977,1.6618784211523494,3.37877044987602,1.6479364576878714,1.106154973731404,1.10895833484831,1.1079443969430194
W8X31_x_1X2.8955999999999995,27.0,3.29968459880916,1.681273278398081,3.3856631683252925,1.7250815476776766,3.3563785275297127,1.7101602779130258,1.1103719620766677,1.1135784504920885,1.11248420762498
W8X31_x_1X2.8955999999999995,28.0,3.269910901987376,1.7386424672793812,3.3638631644829298,1.788597771374202,3.3338875207963117,1.7726594389059034,1.1145748220661755,1.1182608267358445,1.1170821257865873
W8X31_x_1X2.8955999999999995,29.0,3.2401268371476273,1.7960316336859619,3.341941511864423,1.8524684294522011,3.311282969928463,1.8354741221527542,1.118811449739273,1.1230096435417536,1.1217421316653133
W8X31_x_1X2.8955999999999995,30.0,3.2103142346787785,1.8534757875750802,3.3199975904436445,1.916801502551547,3.288550129645502,1.8986453025944092,1.1230848677499063,1.1278342345040915,1.12646839049151
W8X31_x_1X2.8955999999999995,31.0,3.1804548553006606,1.9110100731451651,3.2982182619893856,1.9817694665869465,3.265673929482311,1.962214858810907,1.1273981967420443,1.1327491506876948,1.1312652687592173
W8X31_x_1X2.8955999999999995,32.0,3.1505303453199076,1.9686698550507202,3.2762701800338236,2.047240824077591,3.2426389323622504,2.026225688141153,1.1317546650595494,1.137746147823735,1.1361373518791529
W8X31_x_1X2.8955999999999995,33.0,3.120522191290063,2.0264908057651017,3.2541378407518367,2.1132618230955944,3.2192687454416453,2.0906175678332284,1.1361576190941542,1.1428304231593673,1.1410814229529531
W8X31_x_1X2.8955999999999995,34.0,3.0904116738367278,2.0845089945521327,3.2318052523066494,2.179880167456923,3.191664610772057,2.1528049628703214,1.1406105343454276,1.148007465450149,1.1458976907739402
W8X31_x_1X2.8955999999999995,35.0,3.0601798204009913,2.1427609785220096,3.2092558857338958,2.2471451632347526,3.1638889107307593,2.2153788653517847,1.1451170272742357,1.1532830808544987,1.1507855466667871
W8X31_x_1X2.8955999999999995,36.0,3.0298073566446106,2.201283896265815,3.1864726226677673,2.3151078746929117,3.1359229516475087,2.2783813889200135,1.1496808680398545,1.1586634213393405,1.1557496457519383
W8X31_x_1X2.8955999999999995,37.0,2.9992746562481765,2.2601155645864788,3.1634376995412454,2.3838212907371714,3.10774754925851,2.3418557524407833,1.1543059942208251,1.1641550159023533,1.1607948839910291
W8X31_x_1X2.8955999999999995,38.0,2.968561688818714,2.319294578872568,3.1401326478550398,2.453340503093622,3.0793429735309346,2.405846404304174,1.1589965256308639,1.1697648049582883,1.1659264193333685
W8X31_x_1X2.8955999999999995,39.0,2.9376479656055605,2.378860417695178,3.1165382300673032,2.52372289755033,3.0506888903966214,2.470399153688577,1.1637567803540183,1.1755001782855674,1.1711496947984572
W8X31_x_1X2.8955999999999995,40.0,2.9065124827027073,2.438853552248002,3.086290171055836,2.589704944239016,3.0217643000138734,2.535561309646313,1.1685912921379715,1.1809288255476398,1.1764704637227987
W8X31_x_1X2.8955999999999995,41.0,2.875391673287704,2.499539847616209,3.05480687578396,2.6555031037088175,2.992547471141147,2.601381828948486,1.173523134000208,1.1863930318185771,1.1818948174292045
W8X31_x_1X2.8955999999999995,42.0,2.844514720181482,2.5612125581161456,3.0230187606331005,2.7219383180622874,2.9630158711663936,2.6679114737169085,1.1785784228323215,1.1919622245407753,1.1874292156113564
W8X31_x_1X2.8955999999999995,43.0,2.813339326699818,2.6234813645719517,2.9909017171808414,2.789060972426173,2.9331460912901597,2.7352029799737894,1.1837274199701027,1.1976429534662953,1.1930805197663181
W8X31_x_1X2.8955999999999995,44.0,2.781841864398295,2.6863934617378162,2.9584307301657113,2.856923347165323,2.90291376630852,2.8033112383570633,1.188975982994323,1.203442172190424,1.198856030053963
W8X31_x_1X2.8955999999999995,45.0,2.74999781723295,2.7499978172329493,2.92557979347112,2.9255797934711194,2.8722934883826965,2.872293488382696,1.1943303220817316,1.2093672750690156,1.2047635260159908
W8X31_x_1X2.8955999999999995,46.0,2.717781699285295,2.814345335875169,2.892321819958419,2.995086921804853,2.841258714114696,2.942209527787382,1.1997970319537208,1.2154261379757243,1.2108113116497325
W8X31_x_1X2.8955999999999995,47.0,2.6851669664696884,2.87948903603399,2.85862854445175,3.065503804653459,2.809781664171344,3.0131219386584296,1.2053831270884263,1.2216271633892755,1.217008265404876
W8X31_x_1X2.8955999999999995,48.0,2.652125921540727,2.945484239366038,2.824470419099782,3.136892195217073,2.777833214611269,3.0850963322554827,1.211096080607255,1.2279793303726818,1.2233638957565849
W8X31_x_1X2.8955999999999995,49.0,2.618629611642558,3.0123887754470196,2.7898165002510367,3.209316763832676,2.744766546917058,3.1574927207704864,1.2169438673060198,1.234492250090201,1.2298247981697765
W8X31_x_1X2.8955999999999995,50.0,2.584647717555511,3.080263202987205,2.7546343258785377,3.282845354149077,2.7100380929949357,3.2296976333938767,1.2229350113699162,1.2411762276061382,1.2363376399786496
W8X31_x_1X2.8955999999999995,51.0,2.550148433696796,3.149171049514489,2.7188897824741662,3.3575492613095523,2.6747575249962763,3.3030504620386334,1.2290786393923139,1.2480423308251343,1.2430257585001934
W8X31_x_1X2.8955999999999995,52.0,2.51509833781918,3.2191790716343807,2.6825469602011025,3.433503534674381,2.6388895462527677,3.3776245930080204,1.2353845394119825,1.2551024675698097,1.249900571847012
W8X31_x_1X2.8955999999999995,53.0,2.4794622492225344,3.2903575382340584,2.6455679949414193,3.5107873079317002,2.602396946371873,3.4534973914835616,1.2418632267947058,1.262369471952631,1.2569743789357772
W8X31_x_1X2.8955999999999995,54.0,2.4444717883009606,3.3645267745192795,2.6079128957022046,3.5894841598081393,2.5652404323251843,3.53075055271404,1.2486875601722265,1.2698572013899068,1.2642604511605429
W8X31_x_1X2.8955999999999995,55.0,2.409141209790444,3.4406102167225088,2.5695393556438364,3.6696825090081617,2.5273784435511732,3.6094704864405958,1.2557671805628132,1.2775806458330714,1.2717731355254713
W8X31_x_1X2.8955999999999995,56.0,2.3730886001412954,3.518248533392022,2.530402544763818,3.7514760474921487,2.488766949155738,3.6897487385428294,1.26307555300255,1.2855560510638426,1.2795279709566425
W8X31_x_1X2.8955999999999995,57.0,2.3362689361362525,3.597538680804585,2.491432960030858,3.836470324844376,2.4493592250354594,3.771682454428143,1.2706286241923093,1.2939507770253105,1.287541819813278
W8X31_x_1X2.8955999999999995,58.0,2.2986343023072813,3.678583843620527,2.4529206674597592,3.925493641134273,2.4091056084495226,3.8553748893082207,1.2784437357972716,1.3028629657360946,1.2958330169797672
W8X31_x_1X2.8955999999999995,59.0,2.2601336218858075,3.7614940142751134,2.4134693614287515,4.016687539507479,2.3679532272195862,3.940935971227252,1.2865397852495024,1.3121218986644776,1.3044215393553507
W8X31_x_1X2.8955999999999995,60.0,2.220712358872471,3.8463866345632494,2.373019330134004,4.1101900471351565,2.3258457003340207,4.02848292354414,1.2949374091120813,1.3217541992995943,1.3133291990854299
W8X31_x_1X2.8955999999999995,61.0,2.180312187447419,3.933387307555444,2.3315065500392502,4.206149157998931,2.282722806263605,4.118140954546742,1.303659192797725,1.331789157356113,1.3225798645193299
W8X31_x_1X2.8955999999999995,62.0,2.138870624372627,4.022630589209433,2.2888622574744426,4.304723823164534,2.239217803478794,4.211356184677249,1.3127299111808732,1.3422590765276874,1.3323380856925802
W8X31_x_1X2.8955999999999995,63.0,2.096320619369321,4.114260870481293,2.245012469663799,4.406085057952235,2.1957770642049175,4.309455133955828,1.3221768055574872,1.3531996779144473,1.3427657845603198
W8X31_x_1X2.8955999999999995,64.0,2.0540041681046723,4.211332636484896,2.1998774479932313,4.51041718262418,2.151085468142448,4.410378798897859,1.332335602197753,1.3646505698201783,1.3536671061966203
W8X31_x_1X2.8955999999999995,65.0,2.010736879796708,4.312039154047836,2.1533710951399776,4.617919215952929,2.105059752107261,4.514315206480157,1.3430426878014854,1.3766557970287405,1.36508218616499
W8X31_x_1X2.8955999999999995,66.0,1.9661001213268556,4.415933173677659,2.105400276274626,4.728806444300906,2.0576099292012264,4.621467567336405,1.354272254226694,1.3892644857139893,1.377055692569348
W8X31_x_1X2.8955999999999995,67.0,1.919999293754523,4.523234878571528,2.0558640528588983,4.843312192739645,2.008638563883343,4.7320559128093995,1.3660708717950734,1.4025316040014955,1.3896374902756352
W8X31_x_1X2.8955999999999995,68.0,1.8723316426974876,4.63418343407589,2.0046528155412378,4.961689829410081,1.9580399526270194,4.846318945211004,1.3784906852333982,1.4165188631362742,1.402883425255775
W8X31_x_1X2.8955999999999995,69.0,1.8229853300283005,4.749039148353944,1.9520785803354295,5.085338563054826,1.9056991954198974,4.964516134584149,1.3915902792136663,1.4314327304160523,1.4168562551981514
W8X31_x_1X2.8955999999999995,70.0,1.7718383771135826,4.868085932042691,1.9000506931558594,5.220346375264826,1.8514911406761339,5.086930101327958,1.4054357101327566,1.4480827791542707,1.4316267592398781
W8X31_x_1X2.8955999999999995,71.0,1.7192313463262,4.993010377241799,1.8458963310571292,5.360872203718006,1.7952791828806929,5.21386933138707,1.4202668551876192,1.4658335491720422,1.4472750683897697
W8X31_x_1X2.8955999999999995,72.0,1.6658198608699535,5.126866361699025,1.7894473002411884,5.507352496595007,1.7390929157529997,5.3523776364311155,1.4365129318194625,1.484809887474979,1.464748085267601
W8X31_x_1X2.8955999999999995,73.0,1.6101186304767874,5.266460738565098,1.7305179215532813,5.660269075046283,1.6806453726368449,5.497143317832478,1.453859801071066,1.5051561059961038,1.4834712482922556
W8X31_x_1X2.8955999999999995,74.0,1.5519409716393253,5.412261360483477,1.6689026669934925,5.8201552662377205,1.6196212926397422,5.648290689504121,1.4724349875165403,1.5270399370270031,1.503542049114817
W8X31_x_1X2.8955999999999995,75.0,1.4910800621737543,5.564786550185413,1.6043734033921415,5.98760305577167,1.5558067138078433,5.806349702687643,1.4923863539962687,1.5506574938194078,1.5251250684876207
W8X31_x_1X2.8955999999999995,76.0,1.4273061197561856,5.72461217143714,1.5366761648382903,6.163271462952401,1.488964080779481,5.971908745910069,1.5138863324212777,1.5762395475674555,1.5484126578094808
W8X31_x_1X2.8955999999999995,77.0,1.3616838984696111,5.898100954622318,1.4658343828466063,6.3492262649962825,1.418828867601606,6.145623009754267,1.537942840491461,1.6042635298925405,1.5736310634814228
W8X31_x_1X2.8955999999999995,78.0,1.293272408652738,6.084368313505391,1.394565805261259,6.560916277081182,1.3460437229279576,6.3326378275613395,1.5646446154952145,1.6374142133881087,1.6017228508750807
W8X31_x_1X2.8955999999999995,79.0,1.2209551986578366,6.281269970574998,1.3189634812414024,6.785478874338634,1.271034175521496,6.538903972114621,1.593906570173342,1.6741245494943533,1.6339028813955159
W8X31_x_1X2.8955999999999995,80.0,1.1443399210443335,6.489874189681491,1.2385692115855835,7.024275052003556,1.1915332432170487,6.75752081972697,1.6261361052354824,1.7150267912541675,1.6694639406101215
W8X31_x_1X2.8955999999999995,81.0,1.063929444389831,6.717386141023671,1.1528585676290686,7.278862527574129,1.1070720371679421,6.989777751523478,1.6628190208366858,1.760912128297538,1.7089938828497364
W8X31_x_1X2.8955999999999995,82.0,0.9792920583304353,6.9680250612156875,1.0612284414277067,7.551032720667687,1.0171148178361227,7.237147979019476,1.7052116963835309,1.81278399565276,1.7532250109068188
W8X31_x_1X2.8955999999999995,83.0,0.8885574637160926,7.236719805666324,0.9666626841001978,7.8728357783077785,0.9232294550813626,7.519100514692824,1.7531464580869187,1.8782319553302538,1.806539290340926
W8X31_x_1X2.8955999999999995,84.0,0.791510836100227,7.530722564124,0.8648381231171546,8.228385097242434,0.822964882337741,7.829987823587676,1.8088070916332166,1.9563102370969738,1.8692441909407511
W8X31_x_1X2.8955999999999995,85.0,0.6881113818312053,7.865149084456062,0.7538088966479861,8.616075114973306,0.7144676005442852,8.166402042849581,1.8766131971678846,2.049253603025136,1.942231736333223
W8X31_x_1X2.8955999999999995,86.0,0.5747745586720258,8.219659136417539,0.6342844246239225,9.070689868377277,0.5981145944417604,8.55343719838023,1.9543158530096685,2.1702411306958926,2.033639391439934
W8X31_x_1X2.8955999999999995,87.0,0.43308198249996543,8.263696505074135,0.5044103201136512,9.624722264789295,0.4718744990199224,9.003901815252389,1.9644229487299412,2.3386459794914547,2.1515733883029666
W8X31_x_1X2.8955999999999995,88.0,0.28857464080345613,8.263696505074135,0.3589510247466937,10.279012460808396,0.3321765018761932,9.512290442359527,1.9644229487299407,2.5748343876718884,2.3023772191264222
W8X31_x_1X2.8955999999999995,89.0,0.1442433590431545,8.263696505074135,0.19524140928976852,11.18537284694618,0.17728631646018309,10.156726267662512,1.964422948729938,2.9942798088981593,2.5271127857174505
W8X31_x_1X2.8955999999999995,90.0,0.0,8.263696505074135,0.0,12.664799931663554,0.0,10.441301839009013,1.927023960000432,3.8426059964822916,2.5564616243334433
W8X31_x_1X3.0479999999999996,0.0,3.8371436789325015,0.0,3.7943955078648712,0.0,3.7943955078648712,0.0,1.0000000000000002,1.0,1.0
W8X31_x_1X3.0479999999999996,1.0,3.79931736501583,0.06631733128925586,3.77045941805777,0.06581361395140788,3.7690338805643644,0.06578873110190288,1.0043584138281296,1.0043251643530768,1.004323521938689
W8X31_x_1X3.0479999999999996,2.0,3.762207163880259,0.1313791691500645,3.746809109204075,0.13084145723209614,3.7439938825458987,0.13074314735089895,1.0086718346487684,1.008636032207602,1.0086294867245797
W8X31_x_1X3.0479999999999996,3.0,3.725770942640855,0.19525938122109032,3.7234253333919187,0.19513645304928784,3.7192544585065637,0.19491786675887893,1.0129435449036126,1.0129352894650108,1.0129206102882378
W8X31_x_1X3.0479999999999996,4.0,3.6899688923427183,0.25802776081225265,3.7002895955317454,0.2587494546832766,3.6947954178171,0.25836526435144036,1.0171767134544882,1.0172255934452288,1.0171995718208875
W8X31_x_1X3.0479999999999996,5.0,3.654763338000194,0.31975035994518186,3.677384090135187,0.32172941931742355,3.6705973630249638,0.321135657632835,1.021374405634325,1.021509579505537,1.021469020547035
W8X31_x_1X3.0479999999999996,6.0,3.6201185651931542,0.38048979336570443,3.654691642337682,0.38412357019976123,3.6466416233462042,0.38327747910978777,1.0255395926882718,1.0257898675446164,1.0257315823394988
W8X31_x_1X3.0479999999999996,7.0,3.5884713005253044,0.44060887294767453,3.63219565272927,0.44597754833380243,3.6229101926375082,0.44483743719365404,1.0296962202591229,1.03006906842606,1.029989866212249
W8X31_x_1X3.0479999999999996,8.0,3.5680345928001187,0.5014545599191361,3.6098800455988047,0.507335554783963,3.599475790091509,0.5058733320305107,1.0339379361586918,1.034349790354908,1.0342473578767122
W8X31_x_1X3.0479999999999996,9.0,3.547730533869369,0.5619053150291683,3.5877292202326414,0.5682404845825318,3.576533468378292,0.5664672516910684,1.0381872733523092,1.0386346452403379,1.0385093852140284
W8X31_x_1X3.0479999999999996,10.0,3.52754558008078,0.6220014614471345,3.5657280049402784,0.6287340531387378,3.5537569599754697,0.6266232349241677,1.0424468499533592,1.0429262550775276,1.0427759028513202
W8X31_x_1X3.0479999999999996,11.0,3.5074664906117667,0.6817824207353037,3.5438616135069503,0.6888569159747748,3.5311307401047167,0.6863822848672554,1.0467193092223848,1.0472272583818714,1.0470495230348356
W8X31_x_1X3.0479999999999996,12.0,3.4874802915898275,0.7412868196722999,3.522115603797241,0.7486487825474755,3.5086396702629665,0.7457843844501364,1.0510073261890391,1.0515403167091983,1.0513328753876665
W8X31_x_1X3.0479999999999996,13.0,3.467574241660805,0.8005525927658264,3.5010342164054915,0.8082774366102392,3.48626895609102,0.804868607669939,1.0553136144412927,1.0558775370048887,1.0556286134159394
W8X31_x_1X3.0479999999999996,14.0,3.4476825164278324,0.8596037962583029,3.480057883837145,0.8676758819557812,3.4640041071330163,0.8636732258720503,1.0596399557827503,1.0602341397333344,1.059939421139914
W8X31_x_1X3.0479999999999996,15.0,3.4246045678392063,0.9176200283484492,3.4591513075074802,0.9268767993436915,3.441830898247173,0.9222358096698157,1.063925551152258,1.064612583821877,1.0642680198855141
W8X31_x_1X3.0479999999999996,16.0,3.4016209530334214,0.9753991123828123,3.4383014599551633,0.9859170784899157,3.4197353324437936,0.9805933270946208,1.0682286141302846,1.0690157233492448,1.0686171752732823
W8X31_x_1X3.0479999999999996,17.0,3.378717170882385,1.0329775031099486,3.417495453312995,1.0448332138232554,3.3980445051762027,1.0388864621943767,1.0725518911075957,1.0734464749695756,1.072997568657645
W8X31_x_1X3.0479999999999996,18.0,3.355878917837572,1.090391158578198,3.396720507205535,1.1036613953893057,3.376420547478257,1.0970655386411783,1.076898179106541,1.0779078259212889,1.077405750509475
W8X31_x_1X3.0479999999999996,19.0,3.3330920517624985,1.1476756310581346,3.3759639172082467,1.1624375981643447,3.3548280619208395,1.155159939558396,1.0812703332174114,1.0824028424257648,1.0818442150784713
W8X31_x_1X3.0479999999999996,20.0,3.3103425566136546,1.204866155832051,3.3552130237019524,1.2211976702498126,3.3332538469738573,1.213205183551795,1.0856712743500578,1.0869346785278087,1.086316009369825
W8X31_x_1X3.0479999999999996,21.0,3.287616507780826,1.2619977383257903,3.3344551809599356,1.2799774204080285,3.311684745700323,1.2712366692497608,1.0901039973468116,1.0915065854341974,1.0908242672810207
W8X31_x_1X3.0479999999999996,22.0,3.262812732278823,1.3182619138295089,3.3136777263070893,1.3388127053938768,3.2901076136340546,1.3292897617280814,1.0945053358537922,1.0961219214115678,1.0953722188662687
W8X31_x_1X3.0479999999999996,23.0,3.2363063943146497,1.3737305619246798,3.2928679491911605,1.397739517535416,3.268509286722048,1.3873998787607278,1.0988797615095487,1.1007841623105585,1.099963200154
W8X31_x_1X3.0479999999999996,24.0,3.2098410947896325,1.4291133306825008,3.2720130600053614,1.4567940730185476,3.2468765491652563,1.4456025773439638,1.1032828279185938,1.1054969127895997,1.1046006635836854
W8X31_x_1X3.0479999999999996,25.0,3.1834006441217344,1.4844440993295198,3.251231412319903,1.5160741059988625,3.2253625131620476,1.504011240213515,1.1077175280165614,1.1102688666805196,1.109294451855587
W8X31_x_1X3.0479999999999996,26.0,3.1569689133899397,1.5397566201496302,3.230791983986937,1.5757625374677837,3.2039682057603716,1.5626797066782243,1.1121869367600083,1.1151159613102914,1.1140498915627202
W8X31_x_1X3.0479999999999996,27.0,3.1305297949400743,1.5950846009225432,3.21026352382331,1.6357109649716408,3.182495718534088,1.6215625615001765,1.1166942200937204,1.1200274248948467,1.1188643336438158
W8X31_x_1X3.0479999999999996,28.0,3.1040671631009182,1.650461787131448,3.1896328537623333,1.6959578718827508,3.1609314617594313,1.6806970710529945,1.1212426444373405,1.1250076027705889,1.1237418733108524
W8X31_x_1X3.0479999999999996,29.0,3.0775648348068856,1.7059220443662024,3.1688865389189655,1.75654249154962,3.139261616913664,1.7401211291334988,1.1258355867543692,1.13006104772413,1.1286867918129793
W8X31_x_1X3.0479999999999996,30.0,3.0498369098129716,1.7608241608649755,3.1480108515466534,1.8175049125523233,3.1174721004240475,1.7998733563709717,1.13041992427383,1.1351925381991557,1.1337035728436584
W8X31_x_1X3.0479999999999996,31.0,3.0217544516440875,1.8156532503641527,3.126991733396728,1.878886188622822,3.0955485259878723,1.8599932035549251,1.135035981631893,1.1404070980790695,1.1387969203195787
W8X31_x_1X3.0479999999999996,32.0,2.993605436054742,1.8706122886997665,3.105814756254113,1.9407284538909337,3.0734761652435987,1.9205210594845328,1.1397013788016985,1.1457100182271591,1.1439717776880876
W8X31_x_1X3.0479999999999996,33.0,2.965372406941607,1.9257353577262581,3.0844650804055376,2.003075044167926,3.0506183960342828,1.981094750332674,1.1444198012644637,1.1511068799888398,1.1491983613655556
W8X31_x_1X3.0479999999999996,34.0,2.9370377010886277,1.981056943671581,3.0629274107762425,2.0659706250386978,3.0253512139274936,2.0406251602336685,1.149195084175068,1.156603580886771,1.1543821681276067
W8X31_x_1X3.0479999999999996,35.0,2.9085834033884774,2.036612024564265,3.041185950448022,2.129461327601166,2.999911963047002,2.100560970490999,1.1540312258814827,1.1622063627697865,1.1596492436449037
W8X31_x_1X3.0479999999999996,36.0,2.8799913007297113,2.0924361602656116,3.0192243512449224,2.1935948927688314,2.9742832140296436,2.1609432453250066,1.1589324024893077,1.1679218427113573,1.1650048999666622
W8X31_x_1X3.0479999999999996,37.0,2.8512428342929965,2.148565585608057,2.9966304729453523,2.258123029549422,2.9484470440544244,2.2218142115608233,1.1639029835897132,1.173730106685449,1.170454739233353
W8X31_x_1X3.0479999999999996,38.0,2.8223190499850976,2.2050373071694502,2.969689750460079,2.3201759172187804,2.9223849840028757,2.28321738312051,1.168947549282734,1.179370898473211,1.1760046793134709
W8X31_x_1X3.0479999999999996,39.0,2.7932005467218883,2.2618892042469496,2.942504136177866,2.3827928670871024,2.8960779624823823,2.3451976929061615,1.1740709086434853,1.1851187722279783,1.181660981879184
W8X31_x_1X3.0479999999999996,40.0,2.763867422251325,2.319160134633986,2.915053477195536,2.4460202975768217,2.8695062463358494,2.407801632961312,1.1792781197967226,1.1909804119488794,1.1874302832141663
W8X31_x_1X3.0479999999999996,41.0,2.734299216183708,2.3768900458498003,2.887316899324568,2.5099062884555163,2.842649377224929,2.4710774038831866,1.1845745117856241,1.1969629104536668,1.1933196280866016
W8X31_x_1X3.0479999999999996,42.0,2.7044748498693676,2.435120092524172,2.859272738914094,2.5745007378688123,2.8154861038328067,2.535075074555427,1.189965708444121,1.2030738066362596,1.1993365070663728
W8X31_x_1X3.0479999999999996,43.0,2.674372562732701,2.4938927607008843,2.83089846985775,2.6398555304663747,2.78799430918561,2.59984675338153,1.1954576545090603,1.2093211265760202,1.205488897718733
W8X31_x_1X3.0479999999999996,44.0,2.64396984463578,2.553251999893176,2.802170625235862,2.7060247178843917,2.7601509325380102,2.6654467723252337,1.2010566442395079,1.2157134289881786,1.2117853101688039
W8X31_x_1X3.0479999999999996,45.0,2.6139790976605966,2.613979097660596,2.773064712984971,2.7730647129849704,2.7319318852076675,2.7319318852076675,1.2068397542856057,1.222259855576074,1.218234837603541
W8X31_x_1X3.0479999999999996,46.0,2.5840814540983197,2.675894679022824,2.7435551249189007,2.8410344994089947,2.703311959673696,2.7993614818747017,1.2127942590409244,1.228970186929098,1.224847212362267
W8X31_x_1X3.0479999999999996,47.0,2.5537967833166406,2.7386117621904496,2.7136150383482587,2.909995858177102,2.6742647311750725,2.867797820034717,1.2188866691264328,1.2358549047077272,1.2316328683658977
W8X31_x_1X3.0479999999999996,48.0,2.523098698940994,2.802184991193122,2.6832163094569923,2.9800136132767365,2.6447624509543823,2.937306276780267,1.2251256773004267,1.2429252609714712,1.238603010751333
W8X31_x_1X3.0479999999999996,49.0,2.491959578108229,2.866671570727502,2.651911829684712,3.050675587604955,2.61280786620097,3.005691623416135,1.231520583007477,1.2501439979117275,1.245538734381215
W8X31_x_1X3.0479999999999996,50.0,2.4603504528097333,2.9321314911767913,2.619883064050938,3.122255053759432,2.5798197147831528,3.0745094133381925,1.2380813513805073,1.2575433252150743,1.252597968564338
W8X31_x_1X3.0479999999999996,51.0,2.4282408919520058,2.998627772853669,2.587306882424892,3.1950579121900686,2.5463052656389875,3.144425132207815,1.2448186790125493,1.2651604134280874,1.2598530706492785
W8X31_x_1X3.0479999999999996,52.0,2.395598873068321,3.0662267316749667,2.554148756557454,3.269161328332071,2.5122308984481516,3.2155089166056117,1.2517440674361104,1.2730098733640882,1.2673169189981484
W8X31_x_1X3.0479999999999996,53.0,2.3623906424825534,3.1349982687509854,2.5203721908294576,3.3446468643963194,2.4775611656094045,3.287834715069787,1.2588699053987156,1.2811075135576664,1.2750034061129023
W8X31_x_1X3.0479999999999996,54.0,2.328580562574042,3.2050161866875055,2.4859385468718775,3.4216008713168327,2.4422586308968826,3.3614806246811497,1.2662095612016344,1.2894704709767613,1.2829275458478187
W8X31_x_1X3.0479999999999996,55.0,2.2941309446174474,3.2763585357608114,2.450806850983843,3.500114919142493,2.4062836928204394,3.436529259557565,1.2737774865809048,1.2981173589948514,1.291105594272277
W8X31_x_1X3.0479999999999996,56.0,2.259001865470042,3.3491079935433525,2.4149335822414777,3.5802862705818668,2.369594390854343,3.513068155087372,1.2815893338627697,1.3070684353553477,1.2995551862689148
W8X31_x_1X3.0479999999999996,57.0,2.223150966146334,3.42335228203928,2.3782724388977097,3.6622184030644416,2.3321461924507134,3.591190212248435,1.289662088428371,1.3163457933651694,1.308295490323592
W8X31_x_1X3.0479999999999996,58.0,2.187860196032046,3.5013082164246048,2.3407740803331722,3.746021585441486,2.2938917584672818,3.6709941869578855,1.2982496823155556,1.325973580166854,1.3173473844109962
W8X31_x_1X3.0479999999999996,59.0,2.15197458890985,3.581487154862354,2.302385841422641,3.8318135163340354,2.2547806843064278,3.7525852300914493,1.3072034607742455,1.335978246684524,1.3267336564210916
W8X31_x_1X3.0479999999999996,60.0,2.1152046567735105,3.663641933938008,2.263051415719759,3.919720032167299,2.214759213675829,3.83607548461783,1.316508158213799,1.346388834751641,1.3364792332291884
W8X31_x_1X3.0479999999999996,61.0,2.0774940444760746,3.747898467526813,2.222710503322782,4.00987589413768,2.1737699214305786,3.921584747233374,1.3261908351207592,1.3572373080503124,1.3466114433147722
W8X31_x_1X3.0479999999999996,62.0,2.038782298644252,3.8343918261398735,2.1812984186505955,4.102425664774278,2.133258952579136,4.012076569552576,1.3362812769542955,1.3685589348775147,1.3575043224145735
W8X31_x_1X3.0479999999999996,63.0,1.999004458582118,3.9232671509649,2.138745652613146,4.197524686422029,2.091943297352533,4.1056698923051655,1.346812351427842,1.380392732473754,1.368959261141159
W8X31_x_1X3.0479999999999996,64.0,1.9580905985923922,4.014680676454285,2.094977382781308,4.2953401759382555,2.049435111610508,4.201964682402518,1.3578204233062832,1.3927819847967549,1.3809502790676076
W8X31_x_1X3.0479999999999996,65.0,1.9159653147694962,4.108800876979458,2.049912924120932,4.396052452219325,2.0056549474685847,4.301140915000615,1.3693458378303116,1.4057748483175239,1.3935237560690596
W8X31_x_1X3.0479999999999996,66.0,1.8725471481649734,4.205809755647997,2.0034651116207396,4.499856315934297,1.9605169308740737,4.403393122605,1.3814334864020061,1.419425063818657,1.406731437395337
W8X31_x_1X3.0479999999999996,67.0,1.8280203189423434,4.306545993154211,1.9586525336149987,4.6142962051435825,1.9139280678482204,4.508931966656714,1.3942156500124256,1.434787302136226,1.4206312389116649
W8X31_x_1X3.0479999999999996,68.0,1.7839279579069742,4.415376636057332,1.9123846396678326,4.7333180803171135,1.8657874602388638,4.617986014106193,1.408295877759822,1.4511246338721606,1.4352882016245787
W8X31_x_1X3.0479999999999996,69.0,1.7382154763290278,4.528206129466276,1.8643668079745985,4.856841584032713,1.815985416832129,4.730803751032792,1.4231996928601107,1.4684815850169264,1.4507756288245215
W8X31_x_1X3.0479999999999996,70.0,1.6907624608332517,4.6453316828008875,1.814466862416282,4.985206732837411,1.7644024430891259,4.847655871217942,1.4390114609654963,1.4869683150356319,1.4671764479615441
W8X31_x_1X3.0479999999999996,71.0,1.6414369432334188,4.767079025557446,1.7625396685845496,5.118786877838387,1.7117732395580227,4.9713504624387905,1.4558273310093668,1.506711283172778,1.4849502059055666
W8X31_x_1X3.0479999999999996,72.0,1.5900939527222415,4.893805980855167,1.7084254772900151,5.257992965946254,1.6583837547880829,5.103980380430164,1.4737573738869336,1.5278563870466355,1.5044968832808023
W8X31_x_1X3.0479999999999996,73.0,1.5365738458955378,5.025906587341665,1.6519480084398943,5.403278469005289,1.6027198472779232,5.242260409165497,1.492928204272862,1.5505728552779587,1.5254366928098897
W8X31_x_1X3.0479999999999996,74.0,1.4808568738071368,5.164361650976103,1.592912226473736,5.555145106375289,1.5445968387874556,5.3866493254983805,1.5135687114292755,1.5750581143321436,1.5479383019601576
W8X31_x_1X3.0479999999999996,75.0,1.4242699616977883,5.315447860750325,1.531101747772401,5.714149514244109,1.4838102265511803,5.537655154279292,1.5367591910628648,1.6015439264298454,1.572198576288958
W8X31_x_1X3.0479999999999996,76.0,1.3648475921108485,5.474104699620501,1.4662758069305681,5.880911049742008,1.4201329191156624,5.695842035075701,1.561895867572572,1.6303042034638504,1.5984487386436297
W8X31_x_1X3.0479999999999996,77.0,1.3023321082774555,5.641020107309421,1.3994014981754965,6.061473827784269,1.3533119975780736,5.861838267888726,1.5892518803750582,1.6626423231059233,1.6269622162708304
W8X31_x_1X3.0479999999999996,78.0,1.2364343318052156,5.816966185803688,1.3320824174192691,6.266955049297536,1.2850074516770174,6.045484748063871,1.619153806211842,1.701053016893676,1.6597266465505254
W8X31_x_1X3.0479999999999996,79.0,1.1668285602729422,6.002812555701016,1.2605901704493037,6.48517422387766,1.2134706837411144,6.242765479302585,1.651995410599998,1.7438529277711592,1.696438615426488
W8X31_x_1X3.0479999999999996,80.0,1.0951473853657556,6.210889456426677,1.1844764482110102,6.717499746504457,1.1376412718130093,6.4518842620798855,1.6903963328248577,1.7918710795127315,1.7371839276225305
W8X31_x_1X3.0479999999999996,81.0,1.0188894390263528,6.433014738939037,1.1032270156629824,6.96550124117258,1.0570702876283278,6.674079129631336,1.733426554562888,1.8461590613250263,1.782695297844708
W8X31_x_1X3.0479999999999996,82.0,0.9374429602728833,6.6702532559878955,1.0162490980208072,7.230988062457513,0.9715184870348703,6.91271322738443,1.7818913380921808,1.9080711119502571,1.834327857929807
W8X31_x_1X3.0479999999999996,83.0,0.8507470037161124,6.928778320825408,0.9229984365213603,7.517219019508874,0.8826904797878455,7.18893705606732,1.837912275342747,1.979683134884387,1.8979874579575946
W8X31_x_1X3.0479999999999996,84.0,0.7593619091800079,7.224845956592866,0.8279510267221322,7.87742781848215,0.7868966994671696,7.486821986555513,1.9065915373766609,2.0778799984774965,1.9718222457181116
W8X31_x_1X3.0479999999999996,85.0,0.6601991979140939,7.546111362399183,0.7237385977854417,8.272370026214757,0.6832186028557536,7.809224364860798,1.9872136168294718,2.197470242713852,2.058541354920172
W8X31_x_1X3.0479999999999996,86.0,0.5529803670228756,7.907987675308221,0.6088948810191928,8.7076024788758,0.5729910717333844,8.194154084934823,2.0866641949983777,2.3464023569397248,2.172698347371205
W8X31_x_1X3.0479999999999996,87.0,0.4352931593268153,8.305888272347996,0.484130204841601,9.237754613240423,0.4521131763847106,8.626833316919617,2.208260693417056,2.557741415178539,2.317248187549502
W8X31_x_1X3.0479999999999996,88.0,0.2998545311258642,8.586710301350122,0.34688995978258885,9.93362874963459,0.31886080814964524,9.130978864168371,2.3030347427125966,2.9011070383471846,2.5121521917506553
W8X31_x_1X3.0479999999999996,89.0,0.1498815858298619,8.586710301350122,0.18942862362810353,10.852358579421566,0.17057103815450508,9.772008231190352,2.3030347427125952,3.527193785603702,2.813345939324289
W8X31_x_1X3.0479999999999996,90.0,0.0,8.586710301350122,0.0,15.018018010456862,0.0,9.84117703463675,2.2441293375094373,211.08961174837208,2.7477111316154423
W8X31_x_1X3.2003999999999997,0.0,3.654482390895727,0.0,3.6137100074903525,0.0,3.6137100074903525,0.0,0.9999999999999998,1.0,1.0
W8X31_x_1X3.2003999999999997,1.0,3.6179878123386877,0.06315221217387168,3.5905838356828124,0.06267387398205204,3.589235464483174,0.06265033807521501,1.0045768231679089,1.0045419972996974,1.004540283808617
W8X31_x_1X3.2003999999999997,2.0,3.582193325501486,0.12509294739471463,3.567737947957392,0.12458815448758115,3.5650755898395787,0.12449518289344452,1.009107213471631,1.0090701254642065,1.009063294981264
W8X31_x_1X3.2003999999999997,3.0,3.5470577762400524,0.18589342104138362,3.5451536046312193,0.1857936276359909,3.541209908335248,0.18558694727095226,1.013594594279653,1.0135871959417164,1.0135718737217523
W8X31_x_1X3.2003999999999997,4.0,3.5125423008920102,0.24562088491810102,3.5228128079946135,0.2463390687368292,3.5176187948336493,0.24597586795529036,1.0180422722826272,1.0180959930003866,1.0180688245777736
W8X31_x_1X3.2003999999999997,5.0,3.4786101386366246,0.3043389519570476,3.500698240261982,0.3062714104480748,3.4942834042069575,0.3057101850148828,1.0224534478975615,1.0225992806353255,1.0225569234923033
W8X31_x_1X3.2003999999999997,6.0,3.4452264603197746,0.36210789242898334,3.4787932057288184,0.3656358995355586,3.471185606188929,0.364836308603711,1.026831225048779,1.0270998093697414,1.0270389247048783
W8X31_x_1X3.2003999999999997,7.0,3.4129744450149544,0.41906056860399565,3.4570815767039504,0.42447624340111567,3.4483079246573642,0.4233989743870607,1.0311844285661995,1.031600322985965,1.0315175675394979
W8X31_x_1X3.2003999999999997,8.0,3.3931115860031973,0.4768707345352447,3.4355477428269032,0.4828347474368099,3.4258194605253878,0.48146752652193436,1.0356415276451851,1.0361035652214183,1.0359976085197935
W8X31_x_1X3.2003999999999997,9.0,3.373382584551822,0.5342913126547779,3.4141765634159293,0.5407524441657806,3.403684810928864,0.5390907138200932,1.0401073404773182,1.0406122864642926,1.0404823726731418
W8X31_x_1X3.2003999999999997,10.0,3.353774187295944,0.5913608764238797,3.3929533225236144,0.5982692150453435,3.3817139857086915,0.5962874167196026,1.0445846232136202,1.0451292504836864,1.0449729542579778
W8X31_x_1X3.2003999999999997,11.0,3.334273448593465,0.6481171036872844,3.3718636864044154,0.6554239057335373,3.359891928414468,0.6530968317145294,1.0490761602014773,1.0496572412292722,1.0494721076055806
W8X31_x_1X3.2003999999999997,12.0,3.3148676951368667,0.7045968796693235,3.3511762651390495,0.7123145044681428,3.338203966005553,0.7095571571673718,1.053584770982057,1.054203891403695,1.0539826080414376
W8X31_x_1X3.2003999999999997,13.0,3.2955444920483,0.7608363956530038,3.33082742957705,0.7689821036178626,3.3166357677446308,0.7657057003215462,1.0581133174733008,1.0587724966009882,1.0585072587773556
W8X31_x_1X3.2003999999999997,14.0,3.2762916102600577,0.8168712439180088,3.3105625343757468,0.8254159449833636,3.2951733059781763,0.8215789794016999,1.0626647113779548,1.0633622310085629,1.0630488979497072
W8X31_x_1X3.2003999999999997,15.0,3.255259966283207,0.872244279118949,3.2903687850480083,0.8816516587541883,3.2738028185686026,0.8772128214141903,1.0672014178134817,1.0679760591457992,1.0676104058417457
W8X31_x_1X3.2003999999999997,16.0,3.233597231770769,0.9272190856127225,3.2702335632431985,0.9377243846135719,3.252688164224874,0.9326933224037703,1.071744416226154,1.0726170062772071,1.0721989375004561
W8X31_x_1X3.2003999999999997,17.0,3.2120072843821554,0.9820091759043375,3.250144394814215,0.9936688606655953,3.231786506065512,0.9880562908283121,1.0763112347390156,1.077288166605442,1.076817681572423
W8X31_x_1X3.2003999999999997,18.0,3.1904766640094624,1.0366487085081308,3.230088918642807,1.0495195102506976,3.2109317698971513,1.0432949752995704,1.0809048672981556,1.0819927118422563,1.0814663357070926
W8X31_x_1X3.2003999999999997,19.0,3.168992056566161,1.091171471371334,3.210054856056126,1.105310527114706,3.1901111287430615,1.0984433510888985,1.0855283760064274,1.0867339002095044,1.086148053081593
W8X31_x_1X3.2003999999999997,20.0,3.1475402608031895,1.1456109660868405,3.190029980672812,1.1610759593816922,3.1693118390430968,1.1535351725191645,1.0901848996034194,1.0915150859265164,1.0908660725008668
W8X31_x_1X3.2003999999999997,21.0,3.1261081557146375,1.2000004906097423,3.170002088520755,1.2168497927702724,3.148521209371199,1.2086040558238156,1.094877662370592,1.0963397292449282,1.09562372781501
W8X31_x_1X3.2003999999999997,22.0,3.1042692839624073,1.254206202775336,3.1499589682711022,1.272666033486178,3.127726569423723,1.2636835612886093,1.0995953837956238,1.1012114070975494,1.1004244578782032
W8X31_x_1X3.2003999999999997,23.0,3.0788881782684303,1.3069104936004168,3.129888371434114,1.3285587912210746,3.1069152391173227,1.3188072751031459,1.104222011720183,1.1061338244340893,1.1052718171151907
W8X31_x_1X3.2003999999999997,24.0,3.0535490454563474,1.3595276270336651,3.10996493561692,1.3846455996403677,3.0861875841652866,1.374059240713438,1.108880420419908,1.1111182572368603,1.1101739739594942
W8X31_x_1X3.2003999999999997,25.0,3.0282363744400893,1.4120898121049414,3.090286401449575,1.441024214888189,3.065617675254359,1.4295209989464313,1.1135738078376303,1.1161746017718353,1.115139155935084
W8X31_x_1X3.2003999999999997,26.0,3.002934718748756,1.4646291236696276,3.070538462760257,1.4976016727331012,3.0449892635725124,1.4851404956774776,1.1183054631065,1.121295764638074,1.1201637542513703
W8X31_x_1X3.2003999999999997,27.0,2.977628658779123,1.5171775807919259,3.0507086505989176,1.5544136964729556,3.024289471471923,1.5409524523529998,1.1230787762730958,1.1264861830528503,1.1252519606097247
W8X31_x_1X3.2003999999999997,28.0,2.952302764187518,1.569767224838758,3.030784292152555,1.6114965934689722,3.0035052446812673,1.5969920666417474,1.1278972486009482,1.1317505006986508,1.1304081520979459
W8X31_x_1X3.2003999999999997,29.0,2.9269415562259984,1.6224301976893245,3.0107524776259136,1.6688873500318941,2.982623318827654,1.6532951027002665,1.1327645035240095,1.1370935858809401,1.1356369076081423
W8X31_x_1X3.2003999999999997,30.0,2.90133499403297,1.6750865398142163,2.990600025847069,1.726623729961307,2.9616301848390183,1.7098979844569284,1.1376737841705453,1.1425205512296155,1.1409430256019064
W8X31_x_1X3.2003999999999997,31.0,2.874860896643343,1.7273906979752462,2.970313448398156,1.7847443773104033,2.940512053031221,1.7668378924423418,1.1425929952403961,1.1480367751212646,1.1463315433761712
W8X31_x_1X3.2003999999999997,32.0,2.8483195990008436,1.7798276218582927,2.9498789120575513,1.843288923988394,2.918857706705475,1.8239047235045962,1.1475680428473516,1.153647925021297,1.1517839351391055
W8X31_x_1X3.2003999999999997,33.0,2.8216946050766887,1.8324299022212525,2.9292821993236604,1.9022981028590888,2.8962232632648024,1.8808293787594355,1.1526029681919647,1.1593599829701788,1.1572752182703865
W8X31_x_1X3.2003999999999997,34.0,2.7949692122520524,1.8852305379763776,2.908508666771805,1.961813867047594,2.87343014156453,1.938153103037015,1.157701984265252,1.16517927346696,1.1628587326018216
W8X31_x_1X3.2003999999999997,35.0,2.768126468807658,1.9382630201769473,2.8875432009743096,2.0218795162284064,2.8504626267151463,1.9959154186109953,1.1628694911841628,1.171112494036571,1.1685403124647922
W8X31_x_1X3.2003999999999997,36.0,2.7411491300911797,1.991561418616141,2.865116741647644,2.0816291605071613,2.8273045481221,2.0541569938336846,1.168110092751188,1.1770753909574696,1.174326120713344
W8X31_x_1X3.2003999999999997,37.0,2.7140196131171233,2.0451604715228267,2.841721518233394,2.1413907593290356,2.8039392314018885,2.112919764065009,1.173428614376931,1.1831011744436597,1.1802226779320255
W8X31_x_1X3.2003999999999997,38.0,2.686719949339322,2.099095678867668,2.8180968191903344,2.201738538937708,2.78034944739111,2.172247059912569,1.1788301225209081,1.1892496537333257,1.1862368944842705
W8X31_x_1X3.2003999999999997,39.0,2.6592317353190404,2.15340339982681,2.794224637648677,2.2627184967280023,2.7565173579020645,2.2321837436539784,1.1843199458245997,1.1955284798211445,1.192376105747395
W8X31_x_1X3.2003999999999997,40.0,2.6315360809917276,2.2081209549898633,2.7700862824892387,2.324378377965963,2.7324244578448225,2.29277635479737,1.1899036981322948,1.2019457940385476,1.1986481109280664
W8X31_x_1X3.2003999999999997,41.0,2.603613555212301,2.263286733944609,2.745662315188196,2.3867678371148946,2.708051513297304,2.354073265832509,1.1955873036199245,1.2085102736211113,1.2050612159074583
W8X31_x_1X3.2003999999999997,42.0,2.575444128232245,2.318940308923438,2.720932482004511,2.4499386110582213,2.683378495061152,2.416124849334912,1.2013770242804207,1.215231182158602,1.2116242806297457
W8X31_x_1X3.2003999999999997,43.0,2.547007110731287,2.375122555256823,2.695875640982368,2.513944705567097,2.658384507191417,2.47898365771063,1.2072794900467785,1.222118425565676,1.218346771622649
W8X31_x_1X3.2003999999999997,44.0,2.5182810889915226,2.4318757794480472,2.6704696831819277,2.5788425965113904,2.633047709931284,2.5427046170121135,1.2133017318716044,1.2291826143072138,1.2252388203264726
W8X31_x_1X3.2003999999999997,45.0,2.4892438557620573,2.489243855762057,2.644691447484474,2.6446914474844734,2.6073452364183485,2.607345236418348,1.2194512181254515,1.2364351327249363,1.2323112880108824
W8X31_x_1X3.2003999999999997,46.0,2.4607776122853333,2.54820981301864,2.618516628241214,2.7115533457084484,2.581253102455106,2.6729658351582177,1.225837959725209,1.2438882164444818,1.23957583817946
W8X31_x_1X3.2003999999999997,47.0,2.4320923058306323,2.608099688664551,2.589705287381232,2.777118918373112,2.5529882474745107,2.7377447136524165,1.2323943211795396,1.2512854594598917,1.24683256061788
W8X31_x_1X3.2003999999999997,48.0,2.4030117039375907,2.668814871674112,2.5598508700900213,2.843002412418376,2.5222902291876133,2.8012870945671566,1.2391137422389962,1.258808620506116,1.2540346264927662
W8X31_x_1X3.2003999999999997,49.0,2.3735094822667144,2.730410322639123,2.529537115868043,2.9098995829875465,2.491151415445763,2.8657418859327057,1.2460066352350057,1.2665415933212238,1.2614264679763112
W8X31_x_1X3.2003999999999997,50.0,2.3435580258490942,2.7929436967586527,2.498734431932072,2.9778757361938992,2.4595428491364486,2.9311690265977615,1.2530841744005947,1.2744981958110344,1.2690203749684301
W8X31_x_1X3.2003999999999997,51.0,2.3131283159441574,2.8564755800601525,2.467411657094007,3.046999639346829,2.4274341111772157,2.9976314815689338,1.260358372246273,1.2826933377985605,1.2768295720717968
W8X31_x_1X3.2003999999999997,52.0,2.2821898069223994,2.921069746446663,2.4355359237523895,3.1173438255125117,2.3947931923266674,3.0651955073514685,1.267842165054462,1.2911431367696329,1.2848683148647224
W8X31_x_1X3.2003999999999997,53.0,2.25071029201551,2.986793437986943,2.4030725070323724,3.188984926435686,2.361586353459679,3.133930941168094,1.2755495088026467,1.299865048401375,1.2931519980590005
W8X31_x_1X3.2003999999999997,54.0,2.218655756628847,3.053717671173237,2.369984659546493,3.2620040371938224,2.3277779729572843,3.203911516849442,1.2834954870441844,1.3088780141384784,1.3016972773050814
W8X31_x_1X3.2003999999999997,55.0,2.1859902177416153,3.1219175722254486,2.336233430045324,3.336487116403522,2.293330379686989,3.27521521055111,1.2916964325365126,1.3182026284868782,1.3105222067111697
W8X31_x_1X3.2003999999999997,56.0,2.15267554772473,3.1914727449284697,2.301777463992265,3.412525426317172,2.2582036698480397,3.3479246198689343,1.3001700647184793,1.3278613291822254,1.319646394507533
W8X31_x_1X3.2003999999999997,57.0,2.1186712806807178,3.2624676749604093,2.2665727838249503,3.490216017747726,2.222355505723953,3.4221273804047536,1.3089356455131025,1.337878613981141,1.3290911797260694
W8X31_x_1X3.2003999999999997,58.0,2.0840536707180104,3.33518304962478,2.2305725463503294,3.569662265455451,2.18574089411601,3.49791662439091,1.3180382175120686,1.3482812885410447,1.3388798332951581
W8X31_x_1X3.2003999999999997,59.0,2.0502620981015114,3.4122091433112707,2.19372677435374,3.650974460439915,2.14831194192008,3.575391486626187,1.3278208576769581,1.3590987507307029,1.3490377875925363
W8X31_x_1X3.2003999999999997,60.0,2.0156244162762085,3.491163897966753,2.1559820590746237,3.7342704665242126,2.110910947121321,3.656205010667467,1.3380017741153707,1.3703633177884131,1.3598006037469568
W8X31_x_1X3.2003999999999997,61.0,1.9800865204813496,3.572170642517582,2.117281229701656,3.8196764497215923,2.0733204008177117,3.7403690150536413,1.3486123947880708,1.3821106040690319,1.3711954660808212
W8X31_x_1X3.2003999999999997,62.0,1.9435903293867294,3.655361770268816,2.0775629854541737,3.907327690167601,2.0347302670535297,3.826771063088783,1.3596874054211836,1.3943799587610772,1.3830955929281998
W8X31_x_1X3.2003999999999997,63.0,1.90607338528983,3.740879650233586,2.0367614851280957,3.9973694879206727,1.9950756558179668,3.915556441385919,1.3712651886418459,1.4072149749966676,1.3955431103378295
W8X31_x_1X3.2003999999999997,64.0,1.867468406401762,3.8288776476734987,1.9948292443443727,4.090006062973992,1.9542867120219578,4.006881553205991,1.383388335892684,1.4206711073812273,1.408584811580832
W8X31_x_1X3.2003999999999997,65.0,1.8277027843141211,3.919521269596222,1.9545154136304155,4.191471830773028,1.9122881018668658,4.100915068461582,1.3961042466093638,1.4357108930991744,1.422272828350782
W8X31_x_1X3.2003999999999997,66.0,1.786698018581224,4.012989453595228,1.9128516693224344,4.296335192322255,1.8689984354709885,4.197839216437287,1.4094658325356502,1.4515956600012043,1.4366654209894614
W8X31_x_1X3.2003999999999997,67.0,1.7443690789712925,4.10947602156432,1.8697423456605406,4.4048369285052384,1.824329616254515,4.297851242495539,1.4235323493602525,1.4684092217211573,1.451827913126781
W8X31_x_1X3.2003999999999997,68.0,1.701551594101081,4.211487980969128,1.825083194517627,4.517239421141595,1.7781861059350996,4.401165053727484,1.4387158128498,1.4862466933935201,1.4678338025062054
W8X31_x_1X3.2003999999999997,69.0,1.6582613489443592,4.3199185065393415,1.7787603739135467,4.633829198792836,1.7304640920084977,4.508013082936625,1.4552170420245705,1.5052164706168685,1.4847660880139406
W8X31_x_1X3.2003999999999997,70.0,1.613305594001735,4.432520690199592,1.7306492911581972,4.754919848452294,1.6828934833665377,4.623711844896894,1.4727622350867724,1.5254426391013551,1.5035509920502936
W8X31_x_1X3.2003999999999997,71.0,1.5665572917282418,4.549612727139536,1.6806132755883525,4.880855356130088,1.633572256701269,4.7442383173812654,1.491465473322096,1.5470679284838222,1.5236364479997506
W8X31_x_1X3.2003999999999997,72.0,1.5178767901188206,4.671544408409111,1.6285020508150105,5.012013952049495,1.5822481776343829,4.869659168030886,1.5114579265894386,1.5702573593047304,1.545120340877145
W8X31_x_1X3.2003999999999997,73.0,1.4671101906668476,4.798701208747425,1.5741499701750419,5.1488125518337675,1.5287634623319575,5.000359973811363,1.5328911855837126,1.5952027806614428,1.5681685460866308
W8X31_x_1X3.2003999999999997,74.0,1.4140874572586266,4.931509023297998,1.517373971371001,5.291711904467471,1.4729440049526943,5.136766197840901,1.5559414052582625,1.6221285631031497,1.5929740700827584
W8X31_x_1X3.2003999999999997,75.0,1.3596091731690734,5.074130512703694,1.4579711966806972,5.441222581984358,1.4145971819086518,5.279348555126843,1.5814862173396962,1.6512988051255242,1.619762843599653
W8X31_x_1X3.2003999999999997,76.0,1.3032747028186176,5.227149329224506,1.399299881373942,5.612285284513577,1.3536915771589044,5.429360367557002,1.609850758091273,1.685998609971604,1.6489458626919653
W8X31_x_1X3.2003999999999997,77.0,1.2439714207087833,5.388232197099082,1.3376527918755308,5.794010796177708,1.2919247698620484,5.595940972047575,1.6408399173375556,1.7245085612722766,1.6826198099057692
W8X31_x_1X3.2003999999999997,78.0,1.1814191558230727,5.558140132399842,1.2724253481589116,5.986290605012016,1.226791561235192,5.771600517041162,1.6748574179761393,1.7672336026432032,1.7196639755674787
W8X31_x_1X3.2003999999999997,79.0,1.1153019795564474,5.737731277946755,1.2032529125010105,6.190199603235042,1.1579659278024614,5.957218264232937,1.7123940516829081,1.8149366505136584,1.7606372914112665
W8X31_x_1X3.2003999999999997,80.0,1.0465359969432282,5.935200573039622,1.1297202407383775,6.4069618625537,1.0850790265964125,6.153788956384712,1.7556745490803671,1.8685763067548824,1.8062292827115498
W8X31_x_1X3.2003999999999997,81.0,0.9744619595155127,6.152510672884277,1.0513523567288539,6.637977534753976,1.0082586689559785,6.36589469830505,1.805925118429509,1.9293739189371133,1.8581700489637476
W8X31_x_1X3.2003999999999997,82.0,0.8973533135832314,6.385000597751265,0.9690150144013837,6.894900094007301,0.9285016707084615,6.606632674942137,1.8629968503450365,2.0018463537501896,1.9208921286045915
W8X31_x_1X3.2003999999999997,83.0,0.8146112132801849,6.634475925066523,0.8840319017228405,7.199862061012003,0.8429127716605074,6.864973620967419,1.9284226574515457,2.095319797716569,1.993123873715917
W8X31_x_1X3.2003999999999997,84.0,0.7273888821254529,6.920642924491113,0.791598711077789,7.531558638686931,0.7507697869464516,7.143097374227583,2.0094111779979986,2.207502346444125,2.077261090920199
W8X31_x_1X3.2003999999999997,85.0,0.6328496918930265,7.233505078123697,0.6906265320443434,7.893897382941532,0.6533052111235951,7.467312732809237,2.106172671161209,2.344729230367728,2.1848395549508295
W8X31_x_1X3.2003999999999997,86.0,0.5297727538048728,7.576103344062706,0.5815600289958356,8.316695882913164,0.5475956615690267,7.830982799722033,2.223495251057797,2.528264040060961,2.3196835805211755
W8X31_x_1X3.2003999999999997,87.0,0.41838207583785597,7.9832055767575785,0.4643750620344482,8.86080403305155,0.43177121258243617,8.238685525111599,2.3812307370618093,2.8117821616710237,2.492257025743657
W8X31_x_1X3.2003999999999997,88.0,0.29071106805872743,8.32487577707661,0.3310446369987028,9.479878073045679,0.30517465701583124,8.739058773832213,2.5321003009562633,3.223561242096084,2.7429288321820295
W8X31_x_1X3.2003999999999997,89.0,0.14531124720821878,8.32487577707661,0.18240049799453967,10.449717531538537,0.15758518912190755,9.028049438370008,2.532100300956265,4.185356603035837,2.9122359759621155
W8X31_x_1X3.2003999999999997,90.0,0.0,8.32487577707661,0.0,13.63066324253467,0.0,9.028049438370008,2.4562513323549204,245.1237509433844,2.8040827580146113
W8X31_x_1X3.3527999999999993,0.0,3.4884259181026547,0.0,3.449450461695337,0.0,3.449450461695337,0.0,1.0,0.9999999999999997,0.9999999999999997
W8X31_x_1X3.3527999999999993,1.0,3.453597623579389,0.06028277075551619,3.4270260737239107,0.05981896262754545,3.425735841531546,0.05979644154085524,1.0047959137466964,1.0047588369091334,1.004757036643174
W8X31_x_1X3.3527999999999993,2.0,3.419437298919881,0.11940938170706564,3.4048779532683304,0.11890095815361719,3.4023309058546727,0.11881201329800026,1.0095452787443038,1.0095042458275343,1.009497067775894
W8X31_x_1X3.3527999999999993,3.0,3.385905677677352,0.17744779742891076,3.382987772912426,0.17729487652002157,3.3792156380031204,0.17709718730626883,1.014251623162699,1.0142391644488686,1.014223058847718
W8X31_x_1X3.3527999999999993,4.0,3.352965678475863,0.23446220045182647,3.3613379405935544,0.2350476460504721,3.356370862668861,0.23470031412652329,1.018918359517844,1.018966504712485,1.01893794067813
W8X31_x_1X3.3527999999999993,5.0,3.320582226012944,0.2905133010818102,3.3399115383725237,0.292204396787025,3.3337781767596733,0.2916677971765954,1.0235487951999598,1.0236891600029516,1.0236446167926099
W8X31_x_1X3.3527999999999993,6.0,3.2887220877670034,0.3456586200360899,3.318692265398219,0.34880861263679525,3.31141988517411,0.34804425467477895,1.0281461423918874,1.0284100122528428,1.0283459706157057
W8X31_x_1X3.3527999999999993,7.0,3.25735372473377,0.39995274679687676,3.2976643846380806,0.4049022734729339,3.289352358122622,0.4038816849470199,1.032713527443612,1.0331319389859395,1.0330456347881043
W8X31_x_1X3.3527999999999993,8.0,3.2340892999450657,0.4545216097163524,3.276812672986441,0.4605259882248889,3.267717018926309,0.4592476774111138,1.0373455739392374,1.0378578203374698,1.03774872203253
W8X31_x_1X3.3527999999999993,9.0,3.21494553846342,0.5091973497833937,3.2561223743985703,0.5157191198973177,3.246260097702308,0.5141570887224545,1.042029040943197,1.042590546087833,1.0424560040811615
W8X31_x_1X3.3527999999999993,10.0,3.1959228075494885,0.5635274192325219,3.235579155729769,0.5705199033730743,3.2249664782692595,0.5686486019992301,1.0467254635624947,1.0473330227463449,1.0471703602268274
W8X31_x_1X3.3527999999999993,11.0,3.177008477260746,0.617547889943096,3.2151982358313447,0.6249712270199439,3.2038214713012776,0.6227598080136023,1.0514377707434075,1.0520886782218757,1.051894687056635
W8X31_x_1X3.3527999999999993,12.0,3.1581901926309377,0.6712940484456169,3.195375026638304,0.6791979289084932,3.1828107717721754,0.6765273140942032,1.0561689307134252,1.056868326937383,1.0566319056032247
W8X31_x_1X3.3527999999999993,13.0,3.1394558403842443,0.7248004909880951,3.1756498246079077,0.7331565306554394,3.161920418554398,0.7299868475146373,1.0609219585802157,1.0616681421764391,1.06138496862372
W8X31_x_1X3.3527999999999993,14.0,3.120793516956716,0.7781012148687638,3.156009970136253,0.7868816628072384,3.14114676989864,0.7831758507761358,1.065699924180168,1.0664911966619877,1.066157093073817
W8X31_x_1X3.3527999999999993,15.0,3.1021914976413205,0.831229706559687,3.1364430165648574,0.8404073733947879,3.12073816456807,0.8361992709849985,1.070505960220812,1.071340621422239,1.0709577530041812
W8X31_x_1X3.3527999999999993,16.0,3.0810667214660308,0.8834816655954026,3.1169366980365036,0.8937672158642622,3.100404951980183,0.8890268139640758,1.075275654925212,1.0762196141544866,1.0757843543359928
W8X31_x_1X3.3527999999999993,17.0,3.059741938861164,0.9354569880556666,3.0974788983102313,0.9469943343842075,3.080134389622773,0.9416915859236253,1.0800629293863104,1.081131447951787,1.080640074415678
W8X31_x_1X3.3527999999999993,18.0,3.0384862056823074,0.9872640149581714,3.0780576203646124,1.0001215469962523,3.05991388955169,0.9942262914919859,1.0848777912549643,1.0860794804446363,1.0855281647721142
W8X31_x_1X3.3527999999999993,19.0,3.0172862935604665,1.0389349880732959,3.0586609566256406,1.0531814270571913,3.0397309868217435,1.0466633157349698,1.0897234405538774,1.0910671634138127,1.0904519601759781
W8X31_x_1X3.3527999999999993,20.0,2.9961291114086603,1.0905018145711987,3.0392770596611824,1.1062063834047753,3.0195733085619234,1.099034804501255,1.0946031561509741,1.0960980529351103,1.0954148881624253
W8X31_x_1X3.3527999999999993,21.0,2.9750016728615942,1.1419961463817636,3.0198941131881334,1.1592287396680954,2.999428543530839,1.151372743520148,1.0995203050223885,1.1011758201219626,1.1004204790770784
W8X31_x_1X3.3527999999999993,22.0,2.953891064262058,1.1934494582219939,3.000500303241215,1.2122808131357914,2.9794475603642216,1.203774952887722,1.104478352009579,1.106304262537995,1.1054787690151142
W8X31_x_1X3.3527999999999993,23.0,2.9327844130255976,1.244893124701434,2.9812657141548935,1.2654722160878946,2.9595579623785584,1.2562578221423109,1.1094808701330516,1.1114948877228323,1.1105921878566392
W8X31_x_1X3.3527999999999993,24.0,2.9091828031126123,1.2952516347520304,2.9622471562679875,1.318877406944146,2.939641129823847,1.3088125555103716,1.1144224377884984,1.1167561500987115,1.1157607548264263
W8X31_x_1X3.3527999999999993,25.0,2.8850199401043586,1.3453068920005378,2.9431774625568647,1.3724261900994628,2.919684841563445,1.3614714010200981,1.1193785447858315,1.1220823572875398,1.1209885693900012
W8X31_x_1X3.3527999999999993,26.0,2.860868377607764,1.3953387393568513,2.924044755690097,1.426151917775163,2.8996767797817764,1.4142668618072871,1.1243770655007532,1.1274780271837066,1.1262798986455926
W8X31_x_1X3.3527999999999993,27.0,2.8367133965753872,1.445377668476942,2.9048370026153734,1.4800883794656474,2.8796044993668244,1.4672317769060608,1.1294216334414602,1.1329478821473706,1.1316391924369646
W8X31_x_1X3.3527999999999993,28.0,2.8125402696233137,1.4954541882864343,2.8855419838213168,1.5342698882529682,2.859455396625124,1.520399403800893,1.1345160060567894,1.1384968670467348,1.1370710996402074
W8X31_x_1X3.3527999999999993,29.0,2.788334225087179,1.5455988994413659,2.866147261607743,1.5887313699057393,2.8393002638411846,1.5738498360394038,1.1396640767108197,1.1441301688048586,1.1425852890729646
W8X31_x_1X3.3527999999999993,30.0,2.7640804108483517,1.5958425692650673,2.8466401471858296,1.6435084552637345,2.8193562612077026,1.627756096349724,1.1448698874743797,1.1498532376228252,1.1482015240381376
W8X31_x_1X3.3527999999999993,31.0,2.7397638577416323,1.646216207551974,2.82700766641878,1.6986375764400472,2.7992929314541244,1.6819848836329994,1.150137642827155,1.1556718100720837,1.1539079472753708
W8X31_x_1X3.3527999999999993,32.0,2.715016509178091,1.6965306065132386,2.8072365240007966,1.7541560674085712,2.7790968606306734,1.7365724541955354,1.15544833753434,1.1615919342728243,1.1597103127270334
W8X31_x_1X3.3527999999999993,33.0,2.6897890652619956,1.7467694430807745,2.787313065857286,1.8101022695863547,2.758754293750011,1.791555986127493,1.1608007409291767,1.1676199974028376,1.1656146884969787
W8X31_x_1X3.3527999999999993,34.0,2.6644636344550796,1.7972034142568771,2.7672289077951207,1.866519466360375,2.7382510955958557,1.8469736852325105,1.1662245768244845,1.1737631743382644,1.1716274846141013
W8X31_x_1X3.3527999999999993,35.0,2.639024117533167,1.8478645806139502,2.7471479664137655,1.923573714660393,2.7175727093894033,1.902864896747445,1.1717246583812468,1.1800425086944246,1.177755483436766
W8X31_x_1X3.3527999999999993,36.0,2.613454130143195,1.898785570540288,2.726870204572452,1.9811871719725647,2.6967041130461378,1.959270223574995,1.177306029370424,1.1864526562688038,1.1840058730156553
W8X31_x_1X3.3527999999999993,37.0,2.587736959515933,1.9499996664439214,2.706380170913002,2.039403738909385,2.675629772731426,2.016231651817385,1.1829739844084066,1.1930017802135107,1.1903862837756005
W8X31_x_1X3.3527999999999993,38.0,2.561855519401626,2.001540894495391,2.685661827276725,2.098268983309072,2.654333593395667,2.0737926844739603,1.1887340909481954,1.199698574833092,1.1969048289267274
W8X31_x_1X3.3527999999999993,39.0,2.535792302963026,2.0534441184382546,2.664698494532059,2.157830294150834,2.632798865938247,2.131998484250714,1.194592213228972,1.206552315300696,1.203570149073008
W8X31_x_1X3.3527999999999993,40.0,2.5095293333408275,2.1057451380348535,2.643472794408978,2.218137046815747,2.6110082106136647,2.190896026526776,1.2005545384122094,1.2135729127650658,1.2103914615534084
W8X31_x_1X3.3527999999999993,41.0,2.48304811158404,2.1584807927596317,2.6219665868877198,2.2792407809787716,2.5889435162523,2.2505342636334325,1.2066276051617806,1.2207709755596252,1.2173786151291428
W8X31_x_1X3.3527999999999993,42.0,2.456329561611993,2.2116890714037787,2.600160902638805,2.3411953925611018,2.5665858748216976,2.3109643017271666,1.2128183349592225,1.2281578773331723,1.2245421507219378
W8X31_x_1X3.3527999999999993,43.0,2.4293539718450363,2.2654092283139446,2.5780358699536787,2.404057341335837,2.541891524184478,2.3703521936274807,1.2191340664842065,1.2357458330488647,1.2316656066897256
W8X31_x_1X3.3527999999999993,44.0,2.4021009331071603,2.319681907055183,2.5555706355394605,2.467885875967037,2.5145148153611907,2.4282387312803837,1.2255825934351752,1.2435479839480892,1.238690009636261
W8X31_x_1X3.3527999999999993,45.0,2.374549272365163,2.3745492723651624,2.5293303751986547,2.5293303751986542,2.48681290005876,2.4868129000587595,1.2321722062171545,1.2511533039647798,1.2458807142922106
W8X31_x_1X3.3527999999999993,46.0,2.346676981824958,2.430055151354306,2.5013484810488076,2.5902221774800362,2.458762759504153,2.546123371885902,1.23891173798411,1.2587834745788864,1.2532482400396632
W8X31_x_1X3.3527999999999993,47.0,2.3184611428555417,2.4862451850063487,2.4729827288290753,2.651949298827755,2.4303403624828555,2.606220959436659,1.2458106155935191,1.266614851644031,1.2608038512193511
W8X31_x_1X3.3527999999999993,48.0,2.290637478705608,2.5440106507872375,2.4442075151441185,2.714567455158622,2.4015205756012863,2.6671588058825955,1.252984287323234,1.2746604680754883,1.2685596302344075
W8X31_x_1X3.3527999999999993,49.0,2.2629320871202996,2.6032055807098935,2.4149959853912777,2.7781350851596964,2.3722770662138557,2.7289925901473624,1.2604225589542037,1.2829343485046873,1.2765285591441222
W8X31_x_1X3.3527999999999993,50.0,2.2347943675423423,2.663324216227892,2.3853199240671916,2.8427135889936235,2.3425821971801915,2.7917807494367315,1.2680687483145519,1.291451611462644,1.2847246109369348
W8X31_x_1X3.3527999999999993,51.0,2.2061965630208915,2.724425862431903,2.355149635425387,2.9083675880013735,2.312406912517646,2.8555847210200387,1.2759365586287676,1.3002285841836996,1.2931628518651619
W8X31_x_1X3.3527999999999993,52.0,2.177109430987534,2.786572998561129,2.324453813365995,2.9751652078370983,2.281720612899259,2.920469205482869,1.284040777649552,1.3092829319017456,1.3018595564533089
W8X31_x_1X3.3527999999999993,53.0,2.147502112373898,2.8498315576446727,2.293199399296486,3.0431783877794363,2.2504910198155423,2.9865024539494502,1.2923973927576338,1.318633803834519,1.310832337065021
W8X31_x_1X3.3527999999999993,54.0,2.117341988456135,2.9142712323655076,2.2613514265387114,3.112483219319579,2.218684027067092,3.0537565820933206,1.301023720782354,1.3283019984390982,1.3201002902401273
W8X31_x_1X3.3527999999999993,55.0,2.086594523962063,2.979965810275431,2.228872849669097,3.1831603175365366,2.18626353808084,3.1223079141231147,1.3099385548015057,1.3383101509882016,1.3296841624048086
W8X31_x_1X3.3527999999999993,56.0,2.0552230947808385,3.0469935419080314,2.1957243569612466,3.25529522924348,2.1536121410480322,3.1928613016329668,1.319162330582962,1.3486829470802082,1.339695742708959
W8X31_x_1X3.3527999999999993,57.0,2.0231887983885257,3.115437545820617,2.1618641638485623,3.32897888243671,2.1202823586749977,3.264948517517774,1.328717315817841,1.3594473663792153,1.3500833887686368
W8X31_x_1X3.3527999999999993,58.0,1.9904502448405768,3.185386255156588,2.1272477850326457,3.404308082213837,2.0862121031171155,3.338637263521669,1.338627825884974,1.3706329617136441,1.3608712263762444
W8X31_x_1X3.3527999999999993,59.0,1.9569633258776307,3.256933910970572,2.091827782524145,3.4813860590657173,2.0513549484727096,3.4140279517613354,1.3489204706037405,1.3822721796802209,1.3720898070887189
W8X31_x_1X3.3527999999999993,60.0,1.9226809593365108,3.330181108316107,2.055553486507594,3.560323076306498,2.0156613168474435,3.49122781163096,1.3596244373083524,1.3944007301516206,1.383772719557658
W8X31_x_1X3.3527999999999993,61.0,1.8888816277741334,3.4076326605593583,2.0183706854603134,3.641237104410323,1.979078176713117,3.57035154220596,1.3711309087871322,1.4070580136317943,1.3959569828960159
W8X31_x_1X3.3527999999999993,62.0,1.8545183157876781,3.4878416769713922,1.98022128141504,3.7242545711992916,1.9415487074317923,3.6515220378259343,1.3832560758211767,1.4202876173218506,1.4086835025593938
W8X31_x_1X3.3527999999999993,63.0,1.8191764429058284,3.570334798214469,1.9434068446104706,3.814150689703125,1.9030119253505218,3.7348711967945167,1.395954381582868,1.4348994203281442,1.4219976006619544
W8X31_x_1X3.3527999999999993,64.0,1.7827911206783482,3.6552634834602755,1.9056304849599461,3.907121503943994,1.8634022661500906,3.820540824695096,1.4092757621580645,1.4503335333304344,1.4359496353165173
W8X31_x_1X3.3527999999999993,65.0,1.7452922602436491,3.742791330404275,1.8666525901524287,4.003049397768976,1.8226869969814175,3.9087648789494343,1.423275977397132,1.4666136541444224,1.4506093639554567
W8X31_x_1X3.3527999999999993,66.0,1.706604014993529,3.8330953761680484,1.8263899855408308,4.102139071015096,1.7822680168678169,4.003039506838457,1.438017492017014,1.4838220878116182,1.4666119565278453
W8X31_x_1X3.3527999999999993,67.0,1.6666441511483714,3.926367566469212,1.7847523013070166,4.204612931443523,1.7405212512629729,4.100411107554394,1.4535705214268453,1.5020520036252005,1.4835185114969731
W8X31_x_1X3.3527999999999993,68.0,1.6253233350607224,4.022816419159525,1.741641151044076,4.310713116318018,1.6973534440338394,4.201097194929029,1.470014279374184,1.521409296802739,1.5014190791004107
W8X31_x_1X3.3527999999999993,69.0,1.5825443240418222,4.122668912954594,1.6969491963039398,4.4207037946323275,1.6526630859039424,4.305334532711472,1.487438474373816,1.5420148463030172,1.5204159093485825
W8X31_x_1X3.3527999999999993,70.0,1.5390606711010935,4.228534441020931,1.6505590781416561,4.534873796670037,1.606339453393452,4.413381376177589,1.506372831093659,1.5640072707637833,1.5406255985465502
W8X31_x_1X3.3527999999999993,71.0,1.4950529485580133,4.341949035903493,1.6023421929974804,4.653539626662214,1.5582615114223497,4.525520031736356,1.527204332237338,1.5875463156836034,1.5621817053000133
W8X31_x_1X3.3527999999999993,72.0,1.4491894031976267,4.4601463684701645,1.5521572857397443,4.777048925427835,1.508296656402305,4.642059788585852,1.5495417692126707,1.6128170472443544,1.5852379603537663
W8X31_x_1X3.3527999999999993,73.0,1.401320326684845,4.583512259872177,1.49984882713361,4.905784463560335,1.457435670217463,4.7670572782029765,1.5735697657469767,1.6400350861704531,1.610742582752102
W8X31_x_1X3.3527999999999993,74.0,1.3512800665434068,4.712473621737781,1.4469197269503462,5.046008754844981,1.4050382918481508,4.899950833140799,1.5995042266313073,1.6707557674390272,1.6387816890940612
W8X31_x_1X3.3527999999999993,75.0,1.2988848200557217,4.847504141627913,1.393134882025302,5.199250161514902,1.3502032205321717,5.039027019569191,1.6275992657746028,1.7056827972659039,1.669198776404072
W8X31_x_1X3.3527999999999993,76.0,1.2439300524108332,4.989130936861615,1.3365295994636273,5.360527434635017,1.2927204401419872,5.184818493713548,1.6581560606451247,1.7440669248856417,1.7023308591391046
W8X31_x_1X3.3527999999999993,77.0,1.188035824242765,5.14594851049283,1.2768387120969225,5.530596076799874,1.2323557573574369,5.337919231528919,1.6933684897256995,1.7864753828468949,1.738581573639333
W8X31_x_1X3.3527999999999993,78.0,1.129466219584254,5.313720784294881,1.2137633516971555,5.71030761017592,1.1692397944457646,5.50084074214994,1.7327487743064809,1.8336064333596742,1.7789062338724504
W8X31_x_1X3.3527999999999993,79.0,1.0674264867298753,5.491433219059256,1.1469653914497702,5.9006254107618705,1.104379835932054,5.681541720100877,1.7765265773232848,1.886329539329947,1.8258946140831385
W8X31_x_1X3.3527999999999993,80.0,1.0015574633359423,5.6801146331195564,1.0760607521037966,6.102643780210418,1.0355981190980619,5.873168785271131,1.8255137284459522,1.9457412793939795,1.878535600494429
W8X31_x_1X3.3527999999999993,81.0,0.9317054388095631,5.8825566255148525,1.002664928141938,6.330577208767703,0.9624819324765548,6.076871759021209,1.881193160154369,2.0174674258836442,1.9379530803154488
W8X31_x_1X3.3527999999999993,82.0,0.8588259243489456,6.110863978911116,0.9262982989620152,6.590954870330317,0.8850385581137605,6.297376559545227,1.948238664490593,2.106206803081877,2.0066903299757617
W8X31_x_1X3.3527999999999993,83.0,0.7804619350976743,6.356352373282882,0.8438034098287553,6.872227286751606,0.8040437051038111,6.54841047759768,2.0259148614732663,2.211340613887958,2.0911739877700444
W8X31_x_1X3.3527999999999993,84.0,0.6959166563322396,6.621204698108896,0.7543549882086347,7.177208285677732,0.7167140246691024,6.819078440154518,2.11702840305177,2.337959992499395,2.1906728845633334
W8X31_x_1X3.3527999999999993,85.0,0.6060180535799452,6.926818048836402,0.6577946779695698,7.518627573670241,0.6225877577785134,7.116210634467322,2.2329815682890137,2.4982088761052306,2.311481659350432
W8X31_x_1X3.3527999999999993,86.0,0.5082249416974303,7.267955274551836,0.5562317973297217,7.954485294983387,0.5217762613283754,7.46174817393201,2.378501003893346,2.737991777212975,2.4699954058640214
W8X31_x_1X3.3527999999999993,87.0,0.4008076310149091,7.647865192879994,0.4424641894207583,8.442719677762335,0.40946416292789434,7.8130416615533465,2.564787469392131,3.0682124197123986,2.655259232488763
W8X31_x_1X3.3527999999999993,88.0,0.2830024055828791,8.10412856594571,0.3172023265399219,9.08348616472728,0.272837426892527,7.8130416615533465,2.8313554636045963,3.6460677220676088,2.6552592324887647
W8X31_x_1X3.3527999999999993,89.0,0.14600139622055047,8.3644143875126,0.17333419478981665,9.930309368807126,0.1363771494892833,7.8130416615533465,3.009962565306715,4.857042334912136,2.6552592324887665
W8X31_x_1X3.3527999999999993,90.0,0.0,8.3644143875126,0.0,12.432186295688819,0.0,7.8130416615533465,2.8926718541492225,326.56083878449596,2.5695122975959874
W8X31_x_1X3.5051999999999994,0.0,3.3368085110615757,0.0,3.2994743546651044,0.0,3.2994743546651044,0.0,1.0,1.0,1.0
W8X31_x_1X3.5051999999999994,1.0,3.302956240603893,0.057653315634802416,3.2776619548844517,0.05721180223525669,3.2764017822535463,0.05718980584016347,1.0050142760459502,1.0049756830198602,1.0049737603764588
W8X31_x_1X3.5051999999999994,2.0,3.2697639246081365,0.11418267230367314,3.2561230242283687,0.11370632156585138,3.2536358808627255,0.1136194686056868,1.0099804480403096,1.0099383926019,1.0099307250219185
W8X31_x_1X3.5051999999999994,3.0,3.237192800616752,0.16965408579137276,3.234839567340235,0.16953075806121554,3.2311569735036305,0.1693377614962377,1.0149021894818666,1.014891193310646,1.0148739857969284
W8X31_x_1X3.5051999999999994,4.0,3.2052062872678624,0.22412985728993706,3.213794321132985,0.22473039111898796,3.208946221823517,0.22439137899029132,1.0197830546919004,1.019837125407234,1.0198066008046387
W8X31_x_1X3.5051999999999994,5.0,3.1737698050980097,0.2776688785869572,3.1929706940787463,0.27934873870239146,3.1869855574204884,0.2788251070951404,1.0246264897257633,1.0247792123454875,1.0247316020182107
W8X31_x_1X3.5051999999999994,6.0,3.142850613198122,0.330326910254451,3.1723527097041795,0.33342770554645434,3.1654600868131095,0.3327032616885137,1.0294358426581018,1.0297204681804146,1.0296539564035163
W8X31_x_1X3.5051999999999994,7.0,3.112417660023395,0.3821568357324183,3.1519249538622987,0.3870077214588901,3.1441675690595146,0.3860552343721255,1.0342143733097953,1.0346639049278046,1.0345756067566532
W8X31_x_1X3.5051999999999994,8.0,3.0888831084708084,0.43411421036260495,3.131672525392806,0.44012787073325116,3.1230699492813043,0.43891885750594983,1.0390499094116097,1.039612539913154,1.0394993766640253
W8X31_x_1X3.5051999999999994,9.0,3.0702459332018845,0.4862791837888641,3.1115809898191698,0.4928260135969758,3.102151879044553,0.4913325891641801,1.0439509995473772,1.044569403148056,1.0444282713138424
W8X31_x_1X3.5051999999999994,10.0,3.0517308291448257,0.5381024830380475,3.0916363357624905,0.545138900533582,3.08139848716147,0.5433336916008138,1.0488665175178913,1.049537544772446,1.0493653084008632
W8X31_x_1X3.5051999999999994,11.0,3.033325425411678,0.5896187339068233,3.0720504556962687,0.5971461172649096,3.060903919734862,0.5949794501589167,1.0537995372193765,1.0545242661042384,1.054315558269478
W8X31_x_1X3.5051999999999994,12.0,3.0150176302627236,0.6408617808631426,3.052777140567519,0.6488878125438737,3.0406431317467906,0.6463086493496659,1.0587531758933852,1.059533317745179,1.0592824926104394
W8X31_x_1X3.5051999999999994,13.0,2.9967955982729877,0.6918647789463344,3.033603282540041,0.7003625024325898,3.020500869629226,0.6973375720644899,1.0637306021440456,1.0645645057043123,1.0642675099533296
W8X31_x_1X3.5051999999999994,14.0,2.978647698836017,0.7426602819242202,3.0145165165252314,0.751603382603018,3.0004639259824066,0.7480996782682026,1.0687350442294028,1.0696210647979905,1.0692737650613393
W8X31_x_1X3.5051999999999994,15.0,2.9605624858224484,0.7932803272180022,2.9955046952355935,0.8026430640120137,2.9805193589268373,0.7986277552497736,1.0737697986739436,1.074706293647508,1.0743044656448772
W8X31_x_1X3.5051999999999994,16.0,2.9408369345231424,0.8432714212435887,2.976555857625062,0.8535136576273379,2.9606544577740315,0.8489540045929489,1.0787892992141952,1.0798235635499143,1.0793628807753437
W8X31_x_1X3.5051999999999994,17.0,2.920517169576734,0.8928917044664128,2.95765819831997,0.9042468564941581,2.9410407120291175,0.8991663810863258,1.0838187166677034,1.0849763277457645,1.084458085223064
W8X31_x_1X3.5051999999999994,18.0,2.9002627226931783,0.9423524828530893,2.93880003787207,0.9548740155946465,2.921491981434362,0.9492502871545244,1.0888793802429502,1.0901681311396771,1.0895889400490997
W8X31_x_1X3.5051999999999994,19.0,2.880060992829327,0.9916845277895858,2.9199697936725038,1.0054262299331695,2.9019828195518773,0.9992328180639114,1.0939746962042651,1.0954026205339538,1.0947585860241928
W8X31_x_1X3.5051999999999994,20.0,2.8598995085707375,1.0409182941122883,2.901155951371603,1.0559344112635096,2.8825012507193826,1.049144655496955,1.0991081601790493,1.1006835554405068,1.099970652428885
W8X31_x_1X3.5051999999999994,21.0,2.839765897124659,1.090083995826239,2.882347036653949,1.1064293638623584,2.8630353667276585,1.0990163083211804,1.1042833672127266,1.10601481954214,1.1052288805183537
W8X31_x_1X3.5051999999999994,22.0,2.8196478538278167,1.1392116805662527,2.86367043696978,1.1569979586846144,2.843645073366554,1.1489071866070264,1.109504022386811,1.111406443594194,1.1105402371572777
W8X31_x_1X3.5051999999999994,23.0,2.7995331120086133,1.1883313031925589,2.845225393431968,1.207726525951935,2.824460429887253,1.1989123218676931,1.114773952069543,1.1168687836708464,1.115915796856099
W8X31_x_1X3.5051999999999994,24.0,2.7778210317883056,1.2367656060055088,2.8267463626666256,1.2585485667507483,2.8052522611390365,1.2489787761857318,1.1200201460492378,1.1223958895184967,1.1213509134151558
W8X31_x_1X3.5051999999999994,25.0,2.7547234382922325,1.2845486353747368,2.8082219556743433,1.309495403729953,2.7860087940313014,1.299137236343968,1.1252449404702498,1.1279923500942748,1.1268499512777053
W8X31_x_1X3.5051999999999994,26.0,2.731637079187212,1.332308423654468,2.789640671983592,1.360598666115166,2.766718169039209,1.3494186144176938,1.1305166657858852,1.133662955922392,1.1324174570510417
W8X31_x_1X3.5051999999999994,27.0,2.7085478843849717,1.3800740782684369,2.770990870820316,1.4118903689996805,2.7473684107923826,1.3998541244357832,1.1358392147192944,1.1394127169674158,1.138058175840441
W8X31_x_1X3.5051999999999994,28.0,2.685441776882125,1.4278747209459863,2.7522607415385956,1.463402994667687,2.7279473980568834,1.4504753606232352,1.1412166180090064,1.1452468819672703,1.143777068870316
W8X31_x_1X3.5051999999999994,29.0,2.662304638405598,1.475739558792914,2.7334382731505524,1.5151695763947775,2.708442832949002,1.5013143776460118,1.1466530575101601,1.1511709593920285,1.1495793325384243
W8X31_x_1X3.5051999999999994,30.0,2.6391222748438605,1.5236979558054404,2.7145112227854566,1.5672237851934434,2.688842209212418,1.5524037732972173,1.1521528802149927,1.157190740214531,1.1554704190660592
W8X31_x_1X3.5051999999999994,31.0,2.6158803812837115,1.5717795052001815,2.69546708289805,1.6196000199985348,2.6691327793817035,1.6037767740860431,1.1577206132973934,1.1633123227017093,1.1614560589266476
W8X31_x_1X3.5051999999999994,32.0,2.5925045121237926,1.6199766143128014,2.6762930470344175,1.672333501819836,2.6493015206448507,1.6554673242177436,1.1633565749565709,1.1695421394617374,1.1675422852575867
W8X31_x_1X3.5051999999999994,33.0,2.5685115522586757,1.6680109052523087,2.6570999905369113,1.7255409097397036,2.6293556972843866,1.7075235550336159,1.1690289416387412,1.1758966582477561,1.1737370608490456
W8X31_x_1X3.5051999999999994,34.0,2.544423593960184,1.7162353845809601,2.6380151549276527,1.7793636895580955,2.6096167425555437,1.7602087185483044,1.1747802770585782,1.182396058239628,1.180074684782018
W8X31_x_1X3.5051999999999994,35.0,2.520225301713148,1.7646807542463865,2.6187575311606595,1.8336737640621426,2.589712154774583,1.8133359725664735,1.1806158222546004,1.1890283042178622,1.1865359046766282
W8X31_x_1X3.5051999999999994,36.0,2.4959010640247854,1.8133782687078375,2.5993128629783446,1.8885113385451384,2.5696275538279907,1.8669436989904198,1.186541077120698,1.1958016809546046,1.1931284280931733
W8X31_x_1X3.5051999999999994,37.0,2.4714349520812475,1.8623598177064289,2.579666385501245,1.9439180527084994,2.549348076792273,1.9210715683885868,1.192561823099691,1.2027250055293663,1.1998604425803427
W8X31_x_1X3.5051999999999994,38.0,2.4468106766850135,1.9116580124771758,2.5598027770865386,1.9999371164296913,2.5288583309376103,1.9757606654333224,1.198684147888052,1.2098076768555865,1.2067406597292412
W8X31_x_1X3.5051999999999994,39.0,2.4220115432185825,1.9613062759124065,2.5397061077935517,2.0566134550990554,2.5081423435624433,2.031053622797172,1.2049144723856897,1.217059730524666,1.2137783638445832
W8X31_x_1X3.5051999999999994,40.0,2.3970204043611054,2.011338937223818,2.519359784069694,2.1139938656157518,2.487183508294635,2.0869947644802416,1.2112595801545432,1.2244918996633916,1.2209834658258767
W8X31_x_1X3.5051999999999994,41.0,2.37181961026287,2.061791331693964,2.498746489228375,2.1721271842510825,2.4659645274565727,2.143630259643257,1.2177266496842292,1.2321156826056177,1.2283665629388176
W8X31_x_1X3.5051999999999994,42.0,2.346390955857537,2.1126999061580007,2.4778481192427706,2.231064467721987,2.4444673500480265,2.2010082881372663,1.224323289802582,1.2399434183021811,1.23593900525937
W8X31_x_1X3.5051999999999994,43.0,2.320715624963434,2.164102330913795,2.4558111108487766,2.2900809095709738,2.4226731048509134,2.259179219053446,1.2310575786148017,1.2478829814171184,1.2437129696929723
W8X31_x_1X3.5051999999999994,44.0,2.294774130792498,2.2160376188239757,2.4303786443309265,2.3469893753612094,2.397925890658687,2.3156501154283493,1.2379381064079535,1.25563682310201,1.2513548160431403
W8X31_x_1X3.5051999999999994,45.0,2.2685462524481705,2.2685462524481705,2.4046223803250104,2.40462238032501,2.372057422754488,2.3720574227544877,1.244974023019101,1.263589202239325,1.259083333613639
W8X31_x_1X3.5051999999999994,46.0,2.2420109669510557,2.3216703201287254,2.3785200928169803,2.4630296580719424,2.3458515699612508,2.4292004123480746,1.2521750902369564,1.271752881960708,1.267011580874781
W8X31_x_1X3.5051999999999994,47.0,2.2151463762827337,2.375453662050165,2.3520485268354596,2.5222632446379967,2.3192853989096105,2.4871290914077804,1.2595517398903504,1.2801415776378149,1.2751524270588153
W8X31_x_1X3.5051999999999994,48.0,2.18808409708874,2.4301135817254895,2.3251833079242687,2.582377681052634,2.292334895678968,2.5458958233207345,1.2671390962783287,1.2887700536256737,1.2835197075141989
W8X31_x_1X3.5051999999999994,49.0,2.161652230947191,2.4866964338804616,2.297898843946283,2.6434302330654846,2.2649748708873143,2.6055555346182513,1.2750912331912458,1.2976542317510453,1.2921283222885271
W8X31_x_1X3.5051999999999994,50.0,2.1348070800532004,2.5441640071489573,2.2701682183396574,2.7054811299994834,2.2371788566420574,2.666165939678979,1.2832715440185496,1.306811313259992,1.30099434674421
W8X31_x_1X3.5051999999999994,51.0,2.1075221227143826,2.602573076674707,2.241963073838876,2.768593824940212,2.208918994415876,2.7277877852204306,1.291695199847317,1.3162599162298978,1.310135155972053
W8X31_x_1X3.5051999999999994,52.0,2.0797694157528226,2.6619834605839134,2.2132534855485,2.8328352787499673,2.180165912794876,2.790485116874387,1.3003785940371502,1.326020230799056,1.3195695650691504
W8X31_x_1X3.5051999999999994,53.0,2.051519469249389,2.7224582881208534,2.1840078221143653,2.898276270715338,2.1507604770463447,2.854155553610194,1.3093394737656487,1.3361141949842616,1.3292918330810828
W8X31_x_1X3.5051999999999994,54.0,2.0227411095308767,2.7840642929521007,2.154192593572233,2.9649917390057277,2.1203064201534345,2.9183514225581435,1.318597088671107,1.346565694359445,1.3392418597493754
W8X31_x_1X3.5051999999999994,55.0,1.9934013289966173,2.8468721346436006,2.1237722842638282,3.0330611545455333,2.089266635473798,2.9837819810047077,1.3281723592570323,1.357400789475932,1.3495391880478131
W8X31_x_1X3.5051999999999994,56.0,1.963465121193201,2.910956751717177,2.0927091689905826,3.1025689323941705,2.0576045858846665,3.0505242476654275,1.3380880682076095,1.3686479756424792,1.3602089420323402
W8X31_x_1X3.5051999999999994,57.0,1.9328952993287136,2.9763977501581875,2.0609631103209143,3.173604885297505,2.0252814800639594,3.1186599930130336,1.34836907834924,1.3803384805823489,1.371278568156971
W8X31_x_1X3.5051999999999994,58.0,1.9016522961661453,3.0432798317848806,2.0284913346714704,3.2462647247353202,1.9922560663880406,3.1882761737322816,1.3590425817049652,1.3925066065857652,1.3827781164530053
W8X31_x_1X3.5051999999999994,59.0,1.869693942943374,3.111693267515698,1.9952481844389172,3.3206506155588125,1.9584844053831834,3.2594654123826867,1.370138384956621,1.4051901251307066,1.3947405633067473
W8X31_x_1X3.5051999999999994,60.0,1.8369752246269022,3.181734421299045,1.9611848430576595,3.39687179120986,1.9239196179924247,3.3323265280413845,1.3816892376929766,1.4184307336198383,1.407202183211903
W8X31_x_1X3.5051999999999994,61.0,1.8040075897950125,3.254515842862303,1.9272823041678895,3.476909314608418,1.8885116065184846,3.4069651245437025,1.393902098982264,1.4326080272070716,1.4202029784055923
W8X31_x_1X3.5051999999999994,62.0,1.7713498449920695,3.3314245328637075,1.8928042976748427,3.5598471363583526,1.853226111199363,3.4854113936035063,1.4070465391914864,1.4476039228058788,1.434130845474571
W8X31_x_1X3.5051999999999994,63.0,1.737755895459339,3.4105379764320087,1.8573222609126263,3.645200181375698,1.8170053413770713,3.566073771545612,1.4208313912948303,1.4633708481650831,1.4487425460049468
W8X31_x_1X3.5051999999999994,64.0,1.7031635190970673,3.4920027060424297,1.820769092265056,3.733129864499892,1.7797527685495917,3.6490339384186155,1.4353136733504668,1.47998022844011,1.4640871776858997
W8X31_x_1X3.5051999999999994,65.0,1.667505484397964,3.5759770512790774,1.7830722295671715,3.8238107360752083,1.7413999659193817,3.7344442782892235,1.450557219724449,1.4975124180580532,1.48023139882978
W8X31_x_1X3.5051999999999994,66.0,1.630709011648809,3.6626324077002246,1.7441530577186306,3.9174319069535284,1.7018730214423283,3.8224693906749483,1.4666337381198298,1.5160581489825773,1.4972500307338992
W8X31_x_1X3.5051999999999994,67.0,1.5926951641525207,3.7521546705047664,1.7039262386009897,4.0141986603973105,1.6610919498598025,3.9132873999280062,1.483624069355928,1.5357202700414347,1.5152273544465593
W8X31_x_1X3.5051999999999994,68.0,1.5533781585721198,3.8447458586658687,1.6622989510820076,4.114334280270777,1.619342921712275,4.0080143767027865,1.5016196967820914,1.5566158479430383,1.5344483080491476
W8X31_x_1X3.5051999999999994,69.0,1.5126645815177195,3.9406259598614355,1.6191700266480213,4.21808213030073,1.5769684220281088,4.108143191592864,1.5207245650234176,1.5788787208969697,1.5553073206162213
W8X31_x_1X3.5051999999999994,70.0,1.4704940976691967,4.040149328787417,1.574428963489296,4.325708025722186,1.5330304242505912,4.211966473965437,1.5410809779855263,1.6026626228427752,1.5775485903589168
W8X31_x_1X3.5051999999999994,71.0,1.4285542038998726,4.1488226583155345,1.5279547985590864,4.437502946572269,1.4874124574997343,4.319759438661254,1.5639460166662433,1.6281450328128366,1.6013292183820267
W8X31_x_1X3.5051999999999994,72.0,1.3848389865060007,4.26209615040798,1.4796148130899183,4.55378615160748,1.4399868400160412,4.431823791266384,1.588518706520077,1.6555319537045858,1.6268308533563485
W8X31_x_1X3.5051999999999994,73.0,1.3392048832398264,4.380341799031735,1.432135065128874,4.684302727799732,1.3906445012097939,4.548593208162625,1.615014553909107,1.6873987507229302,1.6542891202401857
W8X31_x_1X3.5051999999999994,74.0,1.291492997244369,4.503971332709399,1.382459344731042,4.821208686837874,1.3405120532399892,4.674921096611971,1.643686723401704,1.7221819100898357,1.685066954311799
W8X31_x_1X3.5051999999999994,75.0,1.2415269692196802,4.633441728094849,1.3303327230986481,4.964869313575614,1.2880582013660307,4.807098650603811,1.6748346501508016,1.7602696631242933,1.718530376964105
W8X31_x_1X3.5051999999999994,76.0,1.1891104860837878,4.769261665452397,1.275535003006912,5.11589147011771,1.233083600811728,4.9456281955914045,1.7088151288743276,1.802183281175472,1.7550702378842387
W8X31_x_1X3.5051999999999994,77.0,1.135054019015634,4.916459099375489,1.217819391882549,5.274955315174665,1.1753660448123484,5.091069666557479,1.7472467768304045,1.8485595048722927,1.7951568615332383
W8X31_x_1X3.5051999999999994,78.0,1.0792108098457067,5.0772876704747345,1.1569083351338967,5.442825787377518,1.115433888439312,5.247703856684215,1.7912793069967168,1.9001844085295008,1.8404442255082056
W8X31_x_1X3.5051999999999994,79.0,1.0200460889021559,5.2476822031363906,1.0924885417288086,5.620366314752486,1.0527196200602638,5.4157729490717665,1.8404378057775967,1.9580399249342078,1.8916694897246342
W8X31_x_1X3.5051999999999994,80.0,0.9572149832776645,5.4286359321282855,1.0264809499145366,5.821462749434225,0.9868075393742913,5.596463657515103,1.895708528581811,2.028010909123381,1.950044896752166
W8X31_x_1X3.5051999999999994,81.0,0.8903237405375062,5.621282865369828,0.9575193246030165,6.0455390860429175,0.8999736502766399,5.682209997601761,1.9583478095958236,2.1121563398712957,1.9790351970988405
W8X31_x_1X3.5051999999999994,82.0,0.8208756618924619,5.840833830471719,0.8834633568210714,6.286168419960566,0.7985825360172254,5.682209997601761,2.0350178132091368,2.2107122875711793,1.9790351970988402
W8X31_x_1X3.5051999999999994,83.0,0.7465127169007053,6.079858179327868,0.8036764336228708,6.545419291423789,0.6976876595136268,5.682209997601761,2.125668588059305,2.3278056896806882,1.9790351970988411
W8X31_x_1X3.5051999999999994,84.0,0.6661636445108343,6.3381237000292545,0.7174118623049761,6.825717921752096,0.5972243364169143,5.682209997601761,2.2332193913838942,2.4693052686715706,1.9790351970988407
W8X31_x_1X3.5051999999999994,85.0,0.5800177414609494,6.629633121428162,0.6281965546634366,7.180319476217559,0.49712895856382167,5.682209997601761,2.3685744988631154,2.6751847249056726,1.9790351970988405
W8X31_x_1X3.5051999999999994,86.0,0.4865773423832805,6.958380181501154,0.5296392814215045,7.574194600053669,0.3973388299258327,5.682209997601761,2.542488023816223,2.948490980947532,1.9790351970988407
W8X31_x_1X3.5051999999999994,87.0,0.38390988305632756,7.32543695436752,0.4204396743420702,8.022466895064955,0.29779200739420386,5.682209997601761,2.7697473986519245,3.336879950485976,1.97903519709884
W8X31_x_1X3.5051999999999994,88.0,0.2711868950932295,7.76577661489716,0.30193314550604233,8.646234029218412,0.1984271455299561,5.682209997601761,3.102786786442793,4.086994811099334,1.9790351970988416
W8X31_x_1X3.5051999999999994,89.0,0.14096083819309496,8.075641011522059,0.16563298095418258,9.489107123653381,0.09918334444390631,5.682209997601761,3.389880207411953,5.874800794742063,1.9790351970988405
W8X31_x_1X3.5051999999999994,90.0,0.0,8.075641011522059,0.0,11.390253245560274,0.0,5.682209997601761,3.233885229598995,597.5466981141029,1.9407962776971763
W8X31_x_1X3.6575999999999995,0.0,3.1978253605434603,0.0,3.161996256554059,0.0,3.161996256554059,0.0,1.0,0.9999999999999999,0.9999999999999999
W8X31_x_1X3.6575999999999995,1.0,3.1649905269305787,0.055245115144766835,3.1407206088721553,0.054821482149254544,3.1396319341106067,0.05480247926060599,1.0052328731648754,1.0051925353932096,1.0051907260401283
W8X31_x_1X3.6575999999999995,2.0,3.132803719306964,0.10939991654480845,3.11971664658378,0.1089429058949204,3.1175684026672426,0.10886788756429895,1.0104165358571173,1.0103725647920523,1.0103653473085523
W8X31_x_1X3.6575999999999995,3.0,3.101226893250707,0.16252841452811467,3.0989666385112247,0.16240995959660443,3.09578645414576,0.16224329319629976,1.0155547952344146,1.0155432801968292,1.0155270789559867
W8X31_x_1X3.6575999999999995,4.0,3.0702241628705575,0.21469098766147116,3.078453585666886,0.21526644496175368,3.0742677067069613,0.2149737397909047,1.0206513371217356,1.0207078507808196,1.020679104433356
W8X31_x_1X3.6575999999999995,5.0,3.0397616230440745,0.26594468183751974,3.0581611608044206,0.26755443280566715,3.0529945372192633,0.26710241181326017,1.0257097372331943,1.0258694306864904,1.0258245833959836
W8X31_x_1X3.6575999999999995,6.0,3.0098071874800567,0.3163434827372279,3.038073652206125,0.3193144078959255,3.0319500186125894,0.31867078807002974,1.0307334717597219,1.0310311667434087,1.0309666594834728
W8X31_x_1X3.6575999999999995,7.0,2.98033044090299,0.3659385645318337,3.018175911274848,0.3705854039936061,3.0111178616208782,0.36971878446601253,1.0357259273920292,1.0361962061480852,1.0361084680161552
W8X31_x_1X3.6575999999999995,8.0,2.9557614483682997,0.4154051811348303,2.9984533035406,0.42140513009573904,2.990482360465957,0.4202848871026635,1.0407544227862808,1.0413677041456144,1.0412531436482406
W8X31_x_1X3.6575999999999995,9.0,2.937641817356561,0.4652767551159725,2.9788916627288216,0.4718100887887316,2.9700283420789195,0.47040627670818,1.0458743305508065,1.0465488317529938,1.046403828017405
W8X31_x_1X3.6575999999999995,10.0,2.9196443564642647,0.514812074117853,2.959477247569517,0.5218356875393313,2.9497411184932,0.5201189452955164,1.0510104063831602,1.0517427835643869,1.0515636774305261
W8X31_x_1X3.6575999999999995,11.0,2.9017569743609855,0.564044417718819,2.940563459998898,0.5715876343936649,2.929956092870178,0.5695257710920469,1.056165873208678,1.0569602994354519,1.0567430309130625
W8X31_x_1X3.6575999999999995,12.0,2.8839678605969157,0.6130062924153301,2.9217789416681414,0.6210432858008562,2.910330986564367,0.6186099478258453,1.0613440020688,1.0621988918563,1.0619399123022468
W8X31_x_1X3.6575999999999995,13.0,2.866265453313978,0.6617295204922904,2.9030956456355876,0.6702324403723868,2.8908237762027924,0.6673992560747084,1.0665481205826677,1.0674616098329595,1.067157058253972
W8X31_x_1X3.6575999999999995,14.0,2.8486384083109932,0.7102453251665569,2.8845014592902753,0.7191869880430846,2.8714216187192187,0.7159258175159958,1.0717816217115341,1.072751851213265,1.0723977869504953
W8X31_x_1X3.6575999999999995,15.0,2.831075569282299,0.758584412500673,2.8659844934386975,0.7679382305370193,2.852111936426922,0.7642210900887594,1.0770479728761824,1.0780730832209935,1.077665475528773
W8X31_x_1X3.6575999999999995,16.0,2.8127084278572134,0.8065311631729668,2.8475330512111494,0.8165169632304964,2.83288238348601,0.8123159518620271,1.082323535893395,1.0834288518400095,1.0829635690096042
W8X31_x_1X3.6575999999999995,17.0,2.792946471353217,0.8538894279643798,2.829135597994116,0.8649535543136957,2.8137208136186183,0.8602407817820366,1.0875859010345852,1.0888227916300346,1.0882955895942543
W8X31_x_1X3.6575999999999995,18.0,2.7732526509589914,0.9010844089266976,2.8107807322216547,0.9132780216907659,2.7946152488887197,0.9080255377567705,1.0928818507250917,1.094258636033704,1.0936651463833817
W8X31_x_1X3.6575999999999995,19.0,2.7536146725589385,0.9481455681216224,2.7924571568665715,0.9615201080375111,2.7755538493731082,0.9556998325115855,1.098214967339629,1.09974022823933,1.0990759455771353
W8X31_x_1X3.6575999999999995,20.0,2.7340203795635722,0.9951020380383249,2.7741536514785423,1.0097093544190856,2.7565248835582756,1.0032930076293218,1.1035889293629408,1.1052715326692637,1.1045318012199117
W8X31_x_1X3.6575999999999995,21.0,2.7144577225633078,1.0419826943161965,2.7559334808296247,1.0579037462404584,2.7375393742498937,1.0508429102678913,1.1090075220446223,1.1108599773604282,1.1100376594940695
W8X31_x_1X3.6575999999999995,22.0,2.694914729542634,1.0888162271246828,2.7379869281867597,1.106218524981291,2.7188838326182734,1.0985003733769874,1.1144746486610169,1.1165200227885108,1.115611936247742
W8X31_x_1X3.6575999999999995,23.0,2.6753794764973624,1.1356312115771665,2.720022620823502,1.1545811020600234,2.7002212179691862,1.1461759052227454,1.1199943424584538,1.1222443644802758,1.1212452437112124
W8X31_x_1X3.6575999999999995,24.0,2.655840058301259,1.1824561775472155,2.702029566072062,1.203021071367059,2.681540144116249,1.1938985929669403,1.125570779359005,1.1280376542934412,1.1269420140703008
W8X31_x_1X3.6575999999999995,25.0,2.633732430211952,1.2281296017390086,2.6839967009419334,1.2515682161119752,2.662829179805213,1.2416976389017644,1.131064423151955,1.1339047419544237,1.1327068582326856
W8X31_x_1X3.6575999999999995,26.0,2.6115796867006362,1.2737525208405227,2.6659128647788624,1.3002525824296258,2.6440768206629572,1.289602432108937,1.1366063758389517,1.1398506927203371,1.1385445820057605
W8X31_x_1X3.6575999999999995,27.0,2.5894255857641943,1.319378235518876,2.6477667714132567,1.349104554360752,2.6252714607657173,1.3376426210915477,1.142203839322195,1.14588080645145,1.1444602035188696
W8X31_x_1X3.6575999999999995,28.0,2.567256622130429,1.365034559482138,2.6295469806490877,1.3981549306080838,2.6064013636764214,1.3858481877620932,1.1478611160926215,1.152000638254082,1.1504589720307532
W8X31_x_1X3.6575999999999995,29.0,2.545059254263645,1.4107493811219727,2.6112418689383703,1.4474350034849839,2.5874546327962653,1.4342495231823706,1.1535826748316191,1.1582160208728498,1.1565463882792497
W8X31_x_1X3.6575999999999995,30.0,2.5228198712231356,1.456550731767614,2.5928395990788715,1.4969766404937075,2.568419180869429,1.482877505466763,1.1593731656638553,1.1645330890328143,1.1627282265488315
W8X31_x_1X3.6575999999999995,31.0,2.500524759160771,1.5024668546830824,2.574328088763691,1.5468123689945876,2.5492826984721018,1.5317635802801965,1.1652374365481541,1.1709583059568764,1.1690105586527124
W8X31_x_1X3.6575999999999995,32.0,2.4781600672817845,1.5485262751699438,2.5558707427668623,1.5970852945967406,2.530096749310882,1.580979916009787,1.1711805509352986,1.1775128927890957,1.1754050151291908
W8X31_x_1X3.6575999999999995,33.0,2.45556149535563,1.59466028064738,2.537449255871733,1.6478388141164766,2.5110563227870397,1.6306990429645227,1.1771950177205595,1.184205786673051,1.1819369753623334
W8X31_x_1X3.6575999999999995,34.0,2.4326050552243057,1.6408128278627356,2.5188780881047275,1.699004723314407,2.4918735310798374,1.6807899196075615,1.1832746852139058,1.1910313322058594,1.1885923785204313
W8X31_x_1X3.6575999999999995,35.0,2.4095420908641536,1.6871795356566657,2.5001439488265853,1.7506196395777658,2.4725349467520177,1.731287608202706,1.1894467951381649,1.1979977998376294,1.195378931857242
W8X31_x_1X3.6575999999999995,36.0,2.38635770295118,1.733790358227216,2.4812331126052354,1.8027213782028175,2.4530267318342567,1.782228243011589,1.195717321907843,1.205113980640079,1.2023048126218439
W8X31_x_1X3.6575999999999995,37.0,2.3630366860053464,1.7806758652808135,2.462131376339116,1.855349070525508,2.433334595833029,1.8336491399452246,1.2020925539984753,1.2123892343059617,1.2093787108448086
W8X31_x_1X3.6575999999999995,38.0,2.339563487197902,1.8278673248476536,2.442824013543903,1.9085432898673025,2.4134437510965685,1.8855889131142047,1.2085791215610286,1.2198335422209312,1.216609876537742
W8X31_x_1X3.6575999999999995,39.0,2.3159221632543137,1.8753967899257837,2.4232957254748633,1.962346186199255,2.393338865228805,1.9380875990873432,1.2151840265931224,1.2274575662633407,1.2240081718660227
W8X31_x_1X3.6575999999999995,40.0,2.292096335190515,1.9232971894811561,2.4035305887231293,2.0168016305208885,2.373004010210143,1.9911867897495368,1.2219146759701431,1.2352727140848492,1.231584128935929
W8X31_x_1X3.6575999999999995,41.0,2.268069140599215,1.9716024243731443,2.383511998885495,2.0719553700570055,2.352422607848629,2.0449297747418753,1.2287789176794668,1.2432912117387507,1.2393490139323082
W8X31_x_1X3.6575999999999995,42.0,2.243823183178877,2.0203474688235135,2.3615848696818404,2.1263805676141163,2.3313817567779727,2.0991855626050895,1.2357850806473867,1.2513075328258318,1.2472889554872004
W8X31_x_1X3.6575999999999995,43.0,2.2193404791703557,2.069568478102344,2.3381866582898754,2.1803943330611144,2.3075331413345106,2.1518094660570606,1.242942018601897,1.2593671492457645,1.2550888663664668
W8X31_x_1X3.6575999999999995,44.0,2.194602400334656,2.1193029031678368,2.314496120052074,2.2350829224688136,2.2834023486528103,2.205056016462127,1.2502591584767517,1.2676349945897523,1.263081990935054
W8X31_x_1X3.6575999999999995,45.0,2.1695896130692676,2.169589613069267,2.290493028279461,2.2904930282794607,2.258969368350747,2.2589693683507464,1.2577465539344246,1.2761244849071893,1.2712806568257944
W8X31_x_1X3.6575999999999995,46.0,2.1442820132195766,2.220469026004743,2.266156232772016,2.346673474820861,2.2342133125191257,2.313595612587998,1.2654149446698675,1.284850043234673,1.2796980913420644
W8X31_x_1X3.6575999999999995,47.0,2.1186586560951115,2.2719832500193426,2.241463578436018,2.4036754061747416,2.2091123379000015,2.3689829480934352,1.273275822255315,1.293827202336904,1.2883485114852902
W8X31_x_1X3.6575999999999995,48.0,2.0926976811472198,2.324176234436134,2.216391817073547,2.4615524898068966,2.1836435617167607,2.4251818675688277,1.2813415034016666,1.3030727199859364,1.2972472247067657
W8X31_x_1X3.6575999999999995,49.0,2.0665949895821023,2.377345586536481,2.1909165115634073,2.520361137761407,2.1577829704340337,2.4822453588268174,1.2896648637062273,1.3126047086178452,1.3064107419214772
W8X31_x_1X3.6575999999999995,50.0,2.0410302128739732,2.432405088785883,2.1650119315569576,2.5801607474423345,2.131505320638748,2.5402291235049015,1.2983999820455794,1.322442781519704,1.315856904577827
W8X31_x_1X3.6575999999999995,51.0,2.015044042143028,2.4883721579353217,2.138650939702556,2.6410139642597024,2.104784031134379,2.5991918151682283,1.3074023876512777,1.3326082180752497,1.325605027882396
W8X31_x_1X3.6575999999999995,52.0,1.988609734921329,2.545304389910252,2.1118048672862404,2.7029869687076387,2.0775910652265863,2.6591952990558743,1.316690286823441,1.343124151048451,1.3356760626440343
W8X31_x_1X3.6575999999999995,53.0,1.9616990622478614,2.6032625821336386,2.08444337803125,2.7661497907773245,2.0498968020477464,2.7203049360137004,1.3262834190215738,1.3540157794276768,1.3460927786396981
W8X31_x_1X3.6575999999999995,54.0,1.9342821768842415,2.6623110173530944,2.0565343186318126,2.83057665499333,2.0216698956174737,2.7825898934887356,1.3362032279442408,1.3653106110107316,1.356879972932368
W8X31_x_1X3.6575999999999995,55.0,1.9063274688338934,2.722517774812865,2.02804355440354,2.8963463598076085,1.992877120162876,2.846123486842577,1.3464730557685598,1.377038739710201,1.3680647072098886
W8X31_x_1X3.6575999999999995,56.0,1.8778014066266988,2.7839550720830646,1.9989347882092865,2.9635426956013697,1.9634832000220304,2.910983554683156,1.3571183643067064,1.3892331635337207,1.3796765789889744
W8X31_x_1X3.6575999999999995,57.0,1.8486683626206202,2.846699641311966,1.9691693605600435,3.0322549061435766,1.9334506222223684,2.97725287242573,1.3681669875488631,1.401930150389396,1.3917480324745053
W8X31_x_1X3.6575999999999995,58.0,1.8188904203278138,2.9108331441925905,1.9387060284889193,3.1025781990508605,1.902739429556687,3.045019608887438,1.379649420929943,1.4151696603392214,1.4043147160229914
W8X31_x_1X3.6575999999999995,59.0,1.7884271614893859,2.976442630545162,1.9076432026492396,3.1748514418145612,1.8713069916667115,3.11437783140998,1.3915991537196866,1.429041798228061,1.4174158945856954
W8X31_x_1X3.6575999999999995,60.0,1.7572354302929836,3.0436210461276048,1.8759753859985429,3.2492846822981116,1.839292357062272,3.185747812404971,1.404053052241981,1.443618307527239,1.4311570890162109
W8X31_x_1X3.6575999999999995,61.0,1.725269071742252,3.1124677961158227,1.8434648639171356,3.3256986496714487,1.8065867772763216,3.259168820248383,1.4170518032433244,1.458898140067236,1.445576547048055
W8X31_x_1X3.6575999999999995,62.0,1.6931312136227146,3.184316682764193,1.8100569195808132,3.4042219524388924,1.7730096984029944,3.3345462631022293,1.4308789063277099,1.4749434794433853,1.460688424424812
W8X31_x_1X3.6575999999999995,63.0,1.6611610864857418,3.2602121996732665,1.775692647446993,3.4849930444277217,1.7385045126120238,3.412007220320469,1.445783573540779,1.4918238841723337,1.476553730749216
W8X31_x_1X3.6575999999999995,64.0,1.628235145061477,3.338376772913968,1.7403085197812533,3.5681612436406818,1.703010274651806,3.4916885083676097,1.4614648906034513,1.5096174222983971,1.4932406829741096
W8X31_x_1X3.6575999999999995,65.0,1.5942888817868686,3.418963540283385,1.7038358993662335,3.6538878776035157,1.6664612526866678,3.5737376891475874,1.4779955312214799,1.5284120218398047,1.5108258098965734
W8X31_x_1X3.6575999999999995,66.0,1.5592524439042519,3.502138328808971,1.6662004903692558,3.742347574066587,1.6287864233239144,3.658314203621432,1.4954573571874639,1.548307086562835,1.529395265909922
W8X31_x_1X3.6575999999999995,67.0,1.5230500449885338,3.58808105175421,1.6273217179520632,3.8337297191937427,1.5899089025035673,3.7455906494072764,1.5139429256089683,1.5694154399779245,1.549046401791595
W8X31_x_1X3.6575999999999995,68.0,1.4855992979988284,3.6769872919213786,1.5871120255347346,3.928240109299931,1.5497453024768904,3.835754224304213,1.5335573026382876,1.5918656780867555,1.5698896531917688
W8X31_x_1X3.6575999999999995,69.0,1.4468104573117373,3.7690701010274434,1.545476076612946,4.0261028269302646,1.5082050033636274,3.9290083615790623,1.5544202589874667,1.6158050348091095,1.5920508244211358
W8X31_x_1X3.6575999999999995,70.0,1.4065855548521342,3.864562050487289,1.5023098455939434,4.127562377793719,1.4651893256865882,4.025574587549845,1.5766689444130155,1.6414028953559474,1.6156738675799123
W8X31_x_1X3.6575999999999995,71.0,1.3651814088478182,3.964774697576638,1.4585172347034774,4.235841618303499,1.4205905877532907,4.125694637676996,1.6007187234266027,1.6696388282411696,1.640924287090478
W8X31_x_1X3.6575999999999995,72.0,1.32367718754548,4.073859488643163,1.4144797520608428,4.353321046585389,1.3751762241656953,4.232357225829586,1.627752868527355,1.701402612327396,1.668714965729404
W8X31_x_1X3.6575999999999995,73.0,1.280332946430816,4.187780370364749,1.3684697042474914,4.476062715454124,1.3294031288403092,4.348281704988334,1.6569859885838067,1.735916872533096,1.7000151055422037
W8X31_x_1X3.6575999999999995,74.0,1.234995305850477,4.3069404676986744,1.320321517140232,4.604508329388787,1.2815795806307055,4.469399140423096,1.6887179328052964,1.773579045727183,1.7340069296077258
W8X31_x_1X3.6575999999999995,75.0,1.1874938970939546,4.431787557632607,1.2698511260423226,4.739148920438499,1.2315334594244534,4.596145441793124,1.7233054441513047,1.8148667704040384,1.7710768801602024
W8X31_x_1X3.6575999999999995,76.0,1.137638919834159,4.562820488919159,1.2168532957522875,4.88053199751353,1.1790734224299495,4.729005201920899,1.7611763381834318,1.8603592075293043,1.8116888499940542
W8X31_x_1X3.6575999999999995,77.0,1.0852182665514376,4.700596739900026,1.1610984615300062,5.0292699737856745,1.1239861179835509,4.8685187530760565,1.8028481444219993,1.9107655445919793,1.856404624378749
W8X31_x_1X3.6575999999999995,78.0,1.0315711486915586,4.853160686203579,1.1023289879145808,5.1860501470938445,1.0660329012284342,5.015290484813959,1.8513735675516636,1.9669636743349757,1.9059111579271104
W8X31_x_1X3.6575999999999995,79.0,0.975232346649842,5.0171354854615915,1.0424971033434831,5.363182659643129,1.004945944521336,5.169998694720313,1.9065504124620751,2.0346007942357076,1.9610575100415744
W8X31_x_1X3.6575999999999995,80.0,0.915375169880587,5.191350559073243,0.9799237167341719,5.557423559326721,0.9421231358140928,5.343045811983687,1.9689218459230615,2.1143667151270593,2.0266766329131514
W8X31_x_1X3.6575999999999995,81.0,0.8516193198634701,5.3769127707145135,0.9130757767113045,5.764933568224088,0.876591247666798,5.53457931770713,2.0400396657498736,2.2068433269695524,2.104660462471264
W8X31_x_1X3.6575999999999995,82.0,0.7841326109471961,5.579393438267754,0.8414546117501833,5.987260667207812,0.8065889631367846,5.739178686712749,2.123786833509799,2.3154040041426116,2.19492559784266
W8X31_x_1X3.6575999999999995,83.0,0.7133837714433153,5.810044570729408,0.7644814249995919,6.226201562948353,0.7315953951420091,5.958366343147483,2.228034659956026,2.444731297817029,2.300691442400978
W8X31_x_1X3.6575999999999995,84.0,0.6368760197502076,6.059470564058138,0.6845502601679789,6.513060662471043,0.651006070179516,6.193909013599123,2.3530133240035673,2.620579148147327,2.4264099965412385
W8X31_x_1X3.6575999999999995,85.0,0.5539639283748315,6.331836675167465,0.5981262354998815,6.836614155417397,0.5661919006926736,6.471603038317118,2.506657046192819,2.8521619870819936,2.5936088371808825
W8X31_x_1X3.6575999999999995,86.0,0.4653039770795292,6.65415688413509,0.5029729435230437,7.192848201479071,0.4747980077455457,6.789927848120781,2.716750696495684,3.1598861408731493,2.8162383009111225
W8X31_x_1X3.6575999999999995,87.0,0.36738564100385473,7.0101356331031806,0.40054817529640996,7.642914482850899,0.37420661355728013,7.140287542738333,2.9941582647896188,3.6592136336533736,3.1103527164779523
W8X31_x_1X3.6575999999999995,88.0,0.2596632189704818,7.4357817066958685,0.2859909703760609,8.18970986431567,0.2643599990573673,7.570279890878076,3.4110614810788653,4.530089607788958,3.5681703938089706
W8X31_x_1X3.6575999999999995,89.0,0.13771768647496982,7.889840974027939,0.15672919806142016,8.97900974335841,0.14148495902234254,8.105667873719536,4.006931106926862,6.907516099932539,4.370130441185645
W8X31_x_1X3.6575999999999995,90.0,0.0,7.889840974027939,0.0,10.477198932316147,0.0,10.47719893231615,3.777512908668248,11064.599971554031,11064.599971553205
W8X31_x_1X3.8099999999999996,0.0,3.06996041673836,0.0,3.035516406291895,0.0,3.035516406291895,0.0,1.0,1.0,1.0
W8X31_x_1X3.8099999999999996,1.0,3.0379961372870627,0.05302841982801991,3.0147133129061894,0.052622016616739466,3.013668447454034,0.052603778422430844,1.0054514000886652,1.0054093925642846,1.0054075074720132
W8X31_x_1X3.8099999999999996,2.0,3.0066717345553715,0.10499529057976147,2.994180992898522,0.10455910426958165,2.9921197070113235,0.10448712258025818,1.0108523338029292,1.0108067565150847,1.010799235518332
W8X31_x_1X3.8099999999999996,3.0,2.975949655310363,0.15596291269294807,2.9739019202794745,0.15585559544741912,2.9708512117829673,0.15569571458987724,1.016206746337935,1.0161954118140248,1.0161785261543008
W8X31_x_1X3.8099999999999996,4.0,2.9457944974808115,0.2059900178495685,2.9538593038184864,0.2065539640457039,2.9498448162745663,0.20627324373017064,1.0215184589206119,1.0215786570914789,1.021548690836584
W8X31_x_1X3.8099999999999996,5.0,2.9161728324893175,0.25513206372509867,2.9340370266260196,0.25669497819508635,2.929083135222441,0.25626156885693474,1.0267911803700829,1.0269597777462054,1.0269130186626492
W8X31_x_1X3.8099999999999996,6.0,2.8870530435144253,0.3034415023100275,2.9144195900201857,0.30631784225237796,2.908549481070821,0.3057008689403288,1.0320285180128226,1.0323420539760946,1.032274784453541
W8X31_x_1X3.8099999999999996,7.0,2.85840517796184,0.3509680246586334,2.8949920612417395,0.35546032905696173,2.8882278058804984,0.3546297829325966,1.037233988023748,1.0377287687817736,1.0376372567622942
W8X31_x_1X3.8099999999999996,8.0,2.8331879806386318,0.39817860366773616,2.8757400246240508,0.4041589034477398,2.868102647217871,0.40308554005213804,1.0424577116294005,1.0431232159846409,1.0430037058496981
W8X31_x_1X3.8099999999999996,9.0,2.8154458346096436,0.44592281277869533,2.856649535862153,0.45244883794087337,2.8481590776174355,0.45110408146368497,1.0477948871473157,1.048528708300976,1.0483774116687843
W8X31_x_1X3.8099999999999996,10.0,2.797827977476956,0.49333255981018287,2.8378411189744144,0.5003879562390902,2.8285043365127804,0.49874162957809853,1.0531496546190455,1.0539512729135823,1.0537641106014124
W8X31_x_1X3.8099999999999996,11.0,2.7803224811253,0.5404399433836842,2.8193764821307155,0.5480312721721817,2.8092204350999372,0.5460571366107219,1.058525382086296,1.0593968748465168,1.059170102348981
W8X31_x_1X3.8099999999999996,12.0,2.7629177052554,0.5872762876063156,2.801027283688762,0.595376728564805,2.7900690552171348,0.5930474851988813,1.0639254896671728,1.064865106291923,1.0645947521149062
W8X31_x_1X3.8099999999999996,13.0,2.7456022652551373,0.633872228529702,2.782781364179239,0.6424556998459878,2.7710372815416613,0.639744364731021,1.0693534584377904,1.0703594633680698,1.0700414811610688
W8X31_x_1X3.8099999999999996,14.0,2.7283650014698653,0.6802577968437133,2.764626825869108,0.6892988851006265,2.752112504520082,0.6861787143517362,1.0748128396407914,1.0758835076923048,1.0755137656892424
W8X31_x_1X3.8099999999999996,15.0,2.711194949690591,0.7264624972929321,2.7465520007838027,0.7359363905801042,2.7332823857331396,0.7323808079434071,1.0803072642737934,1.081440875875865,1.081015145908594
W8X31_x_1X3.8099999999999996,16.0,2.693886577451253,0.7724595458417344,2.7285454199707675,0.7823978090099464,2.7145348247408254,0.7783803354760261,1.0858337093827635,1.087035289426413,1.086549235447235
W8X31_x_1X3.8099999999999996,17.0,2.6747014957806265,0.8177383110035091,2.710595783828273,0.8287122961487897,2.695857927213081,0.824206481202587,1.0913299809645987,1.0926705651173187,1.0921197311623472
W8X31_x_1X3.8099999999999996,18.0,2.655586242035363,0.8628522750824152,2.6926919333333283,0.8749086450274621,2.677239974163613,0.869887999147835,1.0968624879922146,1.0983506258872024,1.0977304234071545
W8X31_x_1X3.8099999999999996,19.0,2.636528847517904,0.9078296854351917,2.674822822010752,0.9210153582756895,2.658669392114545,0.9154532863130864,1.1024349965652267,1.1040795123384088,1.103385206817387
W8X31_x_1X3.8099999999999996,20.0,2.617517486220649,0.9526984526556107,2.6569995336299916,0.9670687427004985,2.640134724028175,0.9609304539988703,1.1080513765841233,1.1098624077835686,1.1090880916849253
W8X31_x_1X3.8099999999999996,21.0,2.598540445199115,0.9974862204968582,2.6394829834236684,1.013202588424327,2.621914416079149,1.0064586472736683,1.1137156130583068,1.1157171378453445,1.114857387408357
W8X31_x_1X3.8099999999999996,22.0,2.579586095537114,1.0422204343967083,2.621964205213217,1.0593423021071726,2.60372303707941,1.051972391791246,1.119431818071874,1.1216354036221345,1.1206858216101219
W8X31_x_1X3.8099999999999996,23.0,2.5606428637500285,1.0869284089687292,2.6044325180641557,1.1055160144356004,2.585529286899115,1.0974920688610523,1.1252042434868488,1.12762191253655,1.1265769599257125
W8X31_x_1X3.8099999999999996,24.0,2.541699203476219,1.1316373948134706,2.586877209541885,1.1517519390589481,2.567322073008957,1.1430454313293636,1.1310372944710982,1.1336815654175736,1.1325354699101076
W8X31_x_1X3.8099999999999996,25.0,2.5215187353878097,1.175803496492643,2.5692875094812826,1.1980784416731056,2.5490902700255815,1.188660314241322,1.1368598507539562,1.1398194739150553,1.1385662096204112
W8X31_x_1X3.8099999999999996,26.0,2.5002726171979828,1.2194644357063131,2.5516525634560265,1.244524109895124,2.530822692469379,1.2343647029993132,1.1426756760764134,1.146040979271477,1.1446742448002465
W8X31_x_1X3.8099999999999996,27.0,2.479025829765233,1.2631267502194297,2.5339614058081907,1.291117824295953,2.5125080672096973,1.2801868023033993,1.1485521416992757,1.1523516726046672,1.1508648673972628
W8X31_x_1X3.8099999999999996,28.0,2.4577654215877307,1.3068170554696472,2.5162029320946964,1.3378888309690176,2.4941350054526255,1.3261551062362147,1.154493840248908,1.158757416872984,1.1571436155646568
W8X31_x_1X3.8099999999999996,29.0,2.436478407931991,1.3505620351859347,2.4983658708019503,1.3848668160262,2.475691974122385,1.3722984698650125,1.1605055473463581,1.1652643707149355,1.1635162953150968
W8X31_x_1X3.8099999999999996,30.0,2.4151517390607564,1.3943885066805204,2.4804387541733233,1.432081982430348,2.4571672664818958,1.4186461827472594,1.166592238232011,1.171879014378517,1.1699890040154275
W8X31_x_1X3.8099999999999996,31.0,2.3937722681229237,1.4383234868353472,2.46262991482851,1.4796973350596467,2.438674317183133,1.4653033598292704,1.1727591056582687,1.1786270227428342,1.1765788538640023
W8X31_x_1X3.8099999999999996,32.0,2.3723267185369723,1.4823942591293795,2.444794948481015,1.5276774350085294,2.420249435929366,1.5123396964880984,1.1790115791937383,1.1855066229429083,1.1832986222949657
W8X31_x_1X3.8099999999999996,33.0,2.3508016506948155,1.5266284420624552,2.4268316130342478,1.5760028769162033,2.4017036812939434,1.5596846072427009,1.1853553460988702,1.192518256699037,1.190141254706516
W8X31_x_1X3.8099999999999996,34.0,2.3289152432347264,1.5708731665659745,2.408727449156324,1.6247071792080738,2.3830244435733072,1.6073702830338805,1.1917700038958572,1.1996701618976733,1.1971144399536433
W8X31_x_1X3.8099999999999996,35.0,2.306847842355436,1.6152722487200804,2.3904696282957185,1.673824853594025,2.364198766932149,1.655429798431991,1.1982779440765214,1.2069710839894254,1.2042263254842112
W8X31_x_1X3.8099999999999996,36.0,2.2846640183066507,1.6599055715034,2.3720449142253495,1.7233915085235445,2.3452133116068477,1.703897208126663,1.204893001875673,1.2144303223769006,1.2114855587652082
W8X31_x_1X3.8099999999999996,37.0,2.2623492177868263,1.7048024158101514,2.353439622223323,1.773443958998775,2.3260543139172922,1.7528076490114517,1.2116219779133952,1.222057781624966,1.2189013329116782
W8X31_x_1X3.8099999999999996,38.0,2.239888554465487,1.7499927325807934,2.3346395756105194,1.8240203434982416,2.306707543821214,1.8021974485421286,1.2184720504772464,1.2298640281087407,1.2264834370450144
W8X31_x_1X3.8099999999999996,39.0,2.21726676771613,1.7955072258304245,2.315630059337696,1.875160248838073,2.287158259720075,1.8521042401113958,1.225450809002312,1.237860352804715,1.2342423119827108
W8X31_x_1X3.8099999999999996,40.0,2.1944681792716216,1.8413774398570948,2.2963957702834,1.9269048438818666,2.267391160196933,1.902567086255871,1.232566290774917,1.2460588410356095,1.2421891119495465
W8X31_x_1X3.8099999999999996,41.0,2.1714766475306817,1.887635851176062,2.2750913903597714,1.977706772959629,2.2464834462668715,1.9528382665634827,1.2398270212503992,1.254215385066788,1.250209170845415
W8X31_x_1X3.8099999999999996,42.0,2.148275519220935,1.934315965772572,2.253510490256677,2.02906995929472,2.2244474729247035,2.0029015009495126,1.2472420584287442,1.262572421209289,1.2583006819612947
W8X31_x_1X3.8099999999999996,43.0,2.1248475780975284,1.9814524223190186,2.231665482525295,2.081061729667522,2.2021564710414587,2.053544131281835,1.2548210417937853,1.2711470620257215,1.266594177522924
W8X31_x_1X3.8099999999999996,44.0,2.10117499032604,2.0290811020632193,2.209537926584001,2.1337259732126665,2.1795921620019856,2.104807684502799,1.2625742463935639,1.2799533557109268,1.2751025662457145
W8X31_x_1X3.8099999999999996,45.0,2.077239246163933,2.0772392461639324,2.187108552631752,2.187108552631752,2.156735478766401,2.1567354787664006,1.2705126427231377,1.2890064104220886,1.2838397037633023
W8X31_x_1X3.8099999999999996,46.0,2.0530210975154772,2.1259655813288614,2.1643571884196877,2.241257478479114,2.133566495721622,2.2093727828076575,1.2786479631688468,1.2983225028291923,1.2928204877116856
W8X31_x_1X3.8099999999999996,47.0,2.028500490890293,2.175300454700459,2.1412626799438903,2.296223097915424,2.11006435287633,2.2627669881630568,1.2869927758873658,1.3079191999733268,1.302060964189771
W8X31_x_1X3.8099999999999996,48.0,2.00365649524465,2.2252859790375075,2.1178028053658124,2.3520582995796446,2.0862071737571504,2.3169677957011316,1.2955605671270936,1.3178154963931898,1.3115784472341914
W8X31_x_1X3.8099999999999996,49.0,1.9784672241265222,2.2759661893573995,2.09395418138248,2.408818736430736,2.0619719762873285,2.3720274180960113,1.3043658331573231,1.3280319688162334,1.321391653220308
W8X31_x_1X3.8099999999999996,50.0,1.9534183448898181,2.3279933303618763,2.069692161171886,2.46656306864067,2.037334575841642,2.4280008000756776,1.3135317146851049,1.3385909511132636,1.3315208524281643
W8X31_x_1X3.8099999999999996,51.0,1.9286317148396188,2.3816618206587656,2.044990722928022,2.525353228884374,2.0122694795709988,2.484945858504495,1.3231240404603577,1.34951673269883,1.3419880404032134
W8X31_x_1X3.8099999999999996,52.0,1.903415417109904,2.43626063571712,2.0198223478724286,2.585254712675893,1.9867497709750874,2.5429237446210786,1.3330288789420068,1.3608357841430683,1.352817132211513
W8X31_x_1X3.8099999999999996,53.0,1.8777424057684164,2.4918483359120276,1.9941578864822038,2.6463368967497094,1.960746983569091,2.601999131053201,1.3432680981162541,1.372577014467118,1.3640341832554168
W8X31_x_1X3.8099999999999996,54.0,1.8515840789656717,2.5484868505206197,1.9679664115048485,2.7086733888898067,1.9342309623380847,2.6622405265776985,1.3538654901566074,1.3847720654534843,1.375667641001495
W8X31_x_1X3.8099999999999996,55.0,1.8249101398948766,2.6062417787743413,1.9412150561341825,2.7723424130758145,1.9071697114967867,2.723720621993069,1.3648469943717814,1.3974556493523065,1.3877486328058513
W8X31_x_1X3.8099999999999996,56.0,1.7976884440181444,2.6651827206477017,1.9138688354942341,2.8374272343566824,1.8795292268688615,2.7865166709347013,1.376240951609645,1.410665937652488,1.4003112960394715
W8X31_x_1X3.8099999999999996,57.0,1.7698848308691806,2.7253836410423498,1.8857722316492402,2.9038345892511024,1.8512733109640809,2.8507109099986074,1.3880783954351086,1.424406971308914,1.4133931579640766
W8X31_x_1X3.8099999999999996,58.0,1.7414629385063165,2.78692327153695,1.8564836469524673,2.9709948828180885,1.8221351404397848,2.9160257818248514,1.4003933864518248,1.4385812815426142,1.4269589753745706
W8X31_x_1X3.8099999999999996,59.0,1.7123839984152207,2.849885554467794,1.8264854742717387,3.0397822996417103,1.7919243763708137,2.982262973517693,1.413223397429766,1.4533971102739693,1.4409873633585413
W8X31_x_1X3.8099999999999996,60.0,1.682606608340838,2.914360134797477,1.7957326466153671,3.110300180747943,1.7609804538836713,3.05010761726222,1.4266097584954058,1.4689086910622526,1.4556476533447853
W8X31_x_1X3.8099999999999996,61.0,1.6520864801547286,2.980442906037405,1.764176856478791,3.1826592978323593,1.7292567940265111,3.119661837551386,1.440598173619506,1.4851763649845893,1.470993093094478
W8X31_x_1X3.8099999999999996,62.0,1.6207761594268326,3.0482366174364293,1.7317662347643041,3.2569785895143957,1.696703464886107,3.191035110256122,1.455239322104336,1.5022674731982002,1.4870829041388594
W8X31_x_1X3.8099999999999996,63.0,1.5896616356210176,3.1198866262683094,1.6984449919341373,3.333385984192548,1.6632668491249938,3.264344991551163,1.4710432163639124,1.5202574104565854,1.5039831515315203
W8X31_x_1X3.8099999999999996,64.0,1.5582260863274606,3.194836930846264,1.664153016044971,3.412019321772776,1.6288892723763158,3.3397179326604647,1.4879499212424914,1.539230874507269,1.5217677698304917
W8X31_x_1X3.8099999999999996,65.0,1.525813307630469,3.2721171976191203,1.6288254214313884,3.49302738856151,1.5935085869446965,3.4172901925943098,1.5057976340615518,1.5592833552373078,1.5405197790769076
W8X31_x_1X3.8099999999999996,66.0,1.4923563088231473,3.3518871493847464,1.5923920407585501,3.576571082016086,1.5570577043471943,3.4972088630546776,1.5246790062951963,1.580522919029894,1.5603327331428378
W8X31_x_1X3.8099999999999996,67.0,1.4577823960710752,3.434320106640262,1.5547768519146288,3.6628247249110846,1.5194640691409116,3.579633022069803,1.54469908175049,1.603072358959721,1.5813124539752483
W8X31_x_1X3.8099999999999996,68.0,1.4220125301768338,3.519604518833926,1.5158973297168639,3.751977551911078,1.4806490651858584,3.6647350357646467,1.5659774487256262,1.6270718014486976,1.6035791198334548
W8X31_x_1X3.8099999999999996,69.0,1.3849605965173726,3.60794570501921,1.475663710606102,3.844235395665433,1.4405273439369854,3.752702031082646,1.58865085654639,1.6526818865986526,1.627269794806881
W8X31_x_1X3.8099999999999996,70.0,1.3465325727623871,3.699567838224796,1.435951547265862,3.9452444515438816,1.3990060624902378,3.843737566372049,1.6128764177600883,1.6816696523493355,1.652541512395043
W8X31_x_1X3.8099999999999996,71.0,1.3066255772252051,3.7947162144268907,1.3949048420956054,4.051097815736733,1.357811098911394,3.9433697632874325,1.6388355548670817,1.7131682229979777,1.681122319558393
W8X31_x_1X3.8099999999999996,72.0,1.266110844561149,3.896688502544904,1.3521263842893538,4.161417113107643,1.3152177903709101,4.047824141224563,1.6676081328553969,1.7472865672646796,1.7121762734497958
W8X31_x_1X3.8099999999999996,73.0,1.2247487210895927,4.005972561360996,1.3074764330152568,4.276562714534256,1.270826787137158,4.156687124347361,1.6995961411481124,1.7843893176495396,1.745795655177304
W8X31_x_1X3.8099999999999996,74.0,1.1814773374195884,4.120301131587772,1.2608003595274986,4.396933384616009,1.2244929915664984,4.2703145451709705,1.7344117820404445,1.8249118171945533,1.7823353148310117
W8X31_x_1X3.8099999999999996,75.0,1.1361330992315954,4.240106450493007,1.211926586494509,4.522971595841026,1.1760558427684331,4.389100157750027,1.7724716175178732,1.86937814848062,1.8222184618052002
W8X31_x_1X3.8099999999999996,76.0,1.088533697885489,4.365870200990387,1.1606641762177323,4.6551697482121694,1.125337175679257,4.513480888013442,1.8142780153855957,1.9184249749419764,1.8659539738166284
W8X31_x_1X3.8099999999999996,77.0,1.038475332858572,4.498130850316115,1.1067999958566999,4.794077479711101,1.0721387152413162,4.643942978953773,1.8604424578459517,1.9728335047981074,1.914159245481873
W8X31_x_1X3.8099999999999996,78.0,0.9861495161690411,4.639468706216478,1.05244735224662,4.951375502020323,1.016239130958131,4.781029213935837,1.9124645168540464,2.03832266317439,1.967590761395855
W8X31_x_1X3.8099999999999996,79.0,0.9325576999420955,4.797593460361139,0.9953433004759872,5.12059737373288,0.9592690984625546,4.935011692891751,1.9742510267841513,2.1138461548177565,2.0313064911781638
W8X31_x_1X3.8099999999999996,80.0,0.8755855048099185,4.965692154949282,0.9346259174603776,5.300526973836559,0.8996066268542292,5.1019227076860005,2.0445012292719342,2.200583099054832,2.1052362734359495
W8X31_x_1X3.8099999999999996,81.0,0.8148644879413101,5.144851894994348,0.8699003236956993,5.492334486350029,0.8361724859013719,5.279385299389382,2.125134977712667,2.3012977013571634,2.1900219234241347
W8X31_x_1X3.8099999999999996,82.0,0.7499711717083327,5.336322167834478,0.8007124871704172,5.69736538754734,0.7685548173850466,5.468551677614084,2.2186999333779136,2.4197436472314418,2.2883088937865077
W8X31_x_1X3.8099999999999996,83.0,0.6821094080106286,5.5553353206192275,0.7286556786879013,5.934424273945212,0.6962801196106094,5.670746505020389,2.336433041987522,2.5729539852703134,2.4036778037334066
W8X31_x_1X3.8099999999999996,84.0,0.609187203712166,5.796029076966286,0.6520062559885249,6.203425145907974,0.6202045944893603,5.900852548155103,2.481224213249902,2.7722811975135815,2.5500813750603153
W8X31_x_1X3.8099999999999996,85.0,0.529964288839263,6.057519540028499,0.568399951154374,6.49684117058149,0.5394317175887036,6.16573274580727,2.6604694181155812,3.0283917296162857,2.7425011588673205
W8X31_x_1X3.8099999999999996,86.0,0.44483911109415586,6.36149566568993,0.47769860186952245,6.831408276633953,0.45134859293457286,6.454585592993861,2.9045880205636267,3.385322989892688,2.9886160274310254
W8X31_x_1X3.8099999999999996,87.0,0.3514776587151962,6.706593248627327,0.3802275401228705,7.255173665523137,0.3550818484228967,6.775365285088464,3.242698136051935,3.9801584016466456,3.3197548737521987
W8X31_x_1X3.8099999999999996,88.0,0.24807037278546928,7.103806027071971,0.2703030589198714,7.740466858376273,0.25112174780466223,7.191185974982742,3.7450154990302282,4.9844996870393965,3.8772336930173554
W8X31_x_1X3.8099999999999996,89.0,0.13269802424958876,7.602264717736485,0.1475396015420376,8.452538111360825,0.1337192989955303,7.660773508745942,4.6501627231873535,7.9234934011143485,4.786055089763742
W8X31_x_1X3.8099999999999996,90.0,0.0,7.683237055444636,0.0,9.638724773674651,0.0,9.63872477367465,4.491740953411157,531.3478727761617,531.3478727754647
W8X31_x_1X3.9623999999999997,0.0,2.9519308601502714,0.0,2.9187657752806686,0.0,2.9187657752806686,0.0,1.0,1.0,1.0
W8X31_x_1X3.9623999999999997,1.0,2.920685697085393,0.05098075847754198,2.8983813883083194,0.050591435319659143,2.89737697431228,0.050573903208143464,1.0056698004954718,1.0056262556175397,1.0056242947819485
W8X31_x_1X3.9623999999999997,2.0,2.8900765937124544,0.10092369854252806,2.8782675841262315,0.10051131884084176,2.8762866142011623,0.10044214184671832,1.0112876184819801,1.0112409720663313,1.0112331475226823
W8X31_x_1X3.9623999999999997,3.0,2.860066225971396,0.14988971950558963,2.858406991905965,0.14980276273290957,2.855475902452146,0.149649150843755,1.0168575441615426,1.0168475977360156,1.0168300275417637
W8X31_x_1X3.9623999999999997,4.0,2.830619432029763,0.19793619270719154,2.8387829804005165,0.19850704361890492,2.8349268782203603,0.19823739868691817,1.022383540328968,1.0224495612063185,1.0224183747647784
W8X31_x_1X3.9623999999999997,5.0,2.801703033051299,0.24511725395818587,2.8193795973571936,0.2466637529450386,2.8146223447091825,0.24624754726880893,1.0278694543148081,1.028050279653105,1.028001608220942
W8X31_x_1X3.9623999999999997,6.0,2.773285670171425,0.29148406953662676,2.800181513278783,0.29431093655825113,2.79454580656637,0.2937185999140614,1.0333190292668455,1.0336531671950338,1.03358313443169
W8X31_x_1X3.9623999999999997,7.0,2.7453376559197253,0.3370850786123129,2.781173969090797,0.34148522458940184,2.7746814117702545,0.3406880387896621,1.03873591484337,1.0392616432241881,1.0391663557341202
W8X31_x_1X3.9623999999999997,8.0,2.7200991334664786,0.3822850026906306,2.7623427273162933,0.38822195263111237,2.7550138975493375,0.3871919527782727,1.0441621485554868,1.0448791407639333,1.0447546785825739
W8X31_x_1X3.9623999999999997,9.0,2.7027491786905196,0.42807341600449805,2.7436740263981414,0.4345552751040366,2.735528539923762,0.43326515678762095,1.0497178134632912,1.0505091148974701,1.0503515218714368
W8X31_x_1X3.9623999999999997,10.0,2.685524778973344,0.47353047589413744,2.725398704452968,0.480561324782954,2.716443728188413,0.478982320855909,1.0552927413466635,1.056160368587327,1.0559653892917982
W8X31_x_1X3.9623999999999997,11.0,2.668414190607526,0.5186871752777658,2.707323635512387,0.5262504052067496,2.69758534900998,0.5243574740659401,1.060890449317906,1.0618338786082233,1.061597597214428
W8X31_x_1X3.9623999999999997,12.0,2.6514059624481554,0.5635737349693757,2.689366092832178,0.5716424097643493,2.6788612497026207,0.5694095364278476,1.0665145111817647,1.0675318763085255,1.0672501408280723
W8X31_x_1X3.9623999999999997,13.0,2.6344889040325192,0.6082196878143549,2.6715140941574163,0.6167676264845701,2.660258709194342,0.6141691161177232,1.0721685667621137,1.0732580172039081,1.0729265955238598
W8X31_x_1X3.9623999999999997,14.0,2.617652055132319,0.6526539590444884,2.6537559256257417,0.6616556649695227,2.641765318333318,0.6586660708004257,1.0778563315835952,1.0790160274994849,1.0786305962860079
W8X31_x_1X3.9623999999999997,15.0,2.600884656557066,0.6969049433309638,2.6360801100128772,0.7063355366616955,2.623368945490534,0.7029295903930746,1.0835816069643234,1.0848097140764639,1.084365847218405
W8X31_x_1X3.9623999999999997,16.0,2.5841761220391213,0.7410005789828081,2.6184753762618587,0.7508357318661465,2.605057703684249,0.7469882761668942,1.0893482905796674,1.0906429749186504,1.0901361314436404
W8X31_x_1X3.9623999999999997,17.0,2.565750402668824,0.7844286190607719,2.600930630119769,0.79518429397322,2.586819919031396,0.7908702166563054,1.0950886512804212,1.0965198100413556,1.0959453214321802
W8X31_x_1X3.9623999999999997,18.0,2.5472863541531514,0.8276635084096694,2.583434925716067,0.8394088913011453,2.568644100343555,0.8346030608140746,1.1008645662083651,1.1024443329901625,1.1017973898234672
W8X31_x_1X3.9623999999999997,19.0,2.5288800326106635,0.8707632259247207,2.565977437925291,0.8835368869559456,2.5505189096957643,0.8782140888257017,1.1066840633244532,1.108420782982514,1.1076964208054512
W8X31_x_1X3.9623999999999997,20.0,2.510520000764113,0.9137545528081006,2.5487938737343567,0.9276851033193553,2.532640222945437,0.9218056552574576,1.112551226246855,1.1144658872275244,1.1136569845178705
W8X31_x_1X3.9623999999999997,21.0,2.492194935097696,0.9566640038814279,2.531662509117929,0.9718141860978934,2.5148592499669657,0.9653640192384586,1.1184702643824351,1.1205753558817009,1.1196781380259133
W8X31_x_1X3.9623999999999997,22.0,2.4738935977440852,0.9995178934143003,2.5145334065593907,1.0159374419886105,2.497091337499175,1.0088903886554554,1.1244455257425585,1.1267520947339915,1.1257609751798123
W8X31_x_1X3.9623999999999997,23.0,2.455604808818274,1.0423423999065584,2.4973961267320886,1.0600817618971823,2.479325652755548,1.0524113007771696,1.130481510569722,1.1330010496776468,1.1319102148590043
W8X31_x_1X3.9623999999999997,24.0,2.437317419052946,1.0851636301645378,2.4802402103631067,1.1042740881093334,2.4615513683820858,1.0959532795641844,1.1365828858700349,1.1393273720703612,1.1381307614262566
W8X31_x_1X3.9623999999999997,25.0,2.418372685066304,1.127705703319284,2.4630551526672706,1.1485414801468774,2.4437576360481232,1.1395429003639956,1.1427107642395462,1.145736437180465,1.144427721652157
W8X31_x_1X3.9623999999999997,26.0,2.397898730676133,1.1695333550314637,2.4458303775446835,1.1929111812328865,2.4259335599283225,1.1832068548726362,1.148801198351519,1.1522338640820065,1.1508064229181216
W8X31_x_1X3.9623999999999997,27.0,2.377425786657392,1.2113589425862534,2.428555211406684,1.237410685714028,2.408068169937895,1.2269720167008324,1.1549572971045252,1.1588255371628606,1.157272432842625
W8X31_x_1X3.9623999999999997,28.0,2.356941374692887,1.2532079587973795,2.411218856491772,1.2820678077966807,2.3901503945808766,1.270865507888057,1.1611839427072703,1.1655176294291507,1.163831580491832
W8X31_x_1X3.9623999999999997,29.0,2.336432988489477,1.2951059536325602,2.393810363528486,1.3269107519652832,2.372169033267839,1.314914766716328,1.1674862169607374,1.1723166278112283,1.17048997935456
W8X31_x_1X3.9623999999999997,30.0,2.3158880631931282,1.3370785966975935,2.376549478181256,1.3721014809704128,2.3542634277982963,1.3592346237826374,1.1738694192542274,1.1792499331726465,1.1772674351491748
W8X31_x_1X3.9623999999999997,31.0,2.2952939444996106,1.3791517403422469,2.3592376594333726,1.417573000480269,2.3363878704053054,1.4038434621002152,1.1803390859590859,1.186310465984147,1.184169642876728
W8X31_x_1X3.9623999999999997,32.0,2.274637857298892,1.4213514837187802,2.341817225041007,1.4633298117014735,2.3184113686050183,1.4487042093594344,1.1869010113783574,1.1935020584600478,1.1911937939201682
W8X31_x_1X3.9623999999999997,33.0,2.2539068736871193,1.4637042381324774,2.3242764305894426,1.5094027627147908,2.300322014168996,1.4938465828007377,1.1935612704289222,1.200832902717299,1.198347546521864
W8X31_x_1X3.9623999999999997,34.0,2.232965877509522,1.5061545021986955,2.3066032210168417,1.5558235175520339,2.2821076103933597,1.5393010195612393,1.2003130796035184,1.2083116844694106,1.205639005242553
W8X31_x_1X3.9623999999999997,35.0,2.211777934126556,1.5487035823213136,2.2887851958594583,1.6026246474835795,2.263755637804945,1.585098762255752,1.2071584973948,1.2159476277686256,1.2130767609929942
W8X31_x_1X3.9623999999999997,36.0,2.1904787809583235,1.5914759910595613,2.270809572538152,1.6498397274506413,2.2452532180621363,1.631271949063036,1.2141198109692857,1.2237505443217493,1.2206699350578576
W8X31_x_1X3.9623999999999997,37.0,2.169054454674108,1.6344997692131817,2.2526631474454,1.6975034382747891,2.2265870758204556,1.6778537088910412,1.2212043422619703,1.2317308879559727,1.2284282276062417
W8X31_x_1X3.9623999999999997,38.0,2.1474906737898523,1.6778035964892373,2.2343322545697446,1.7456516753356894,2.2077434983127535,1.7248782622454115,1.228419827751232,1.239899814894075,1.236361971252938
W8X31_x_1X3.9623999999999997,39.0,2.1257727991178905,1.7214168709259248,2.2154891531006347,1.7940677418976223,2.188708292370693,1.7723810284832964,1.2357744553615333,1.2482252891874976,1.2444821903156578
W8X31_x_1X3.9623999999999997,40.0,2.1038857922323513,1.7653697923012857,2.1957390053155756,1.8424437895218673,2.1686313931257932,1.8196978021313237,1.2432769049692742,1.2566574349849005,1.252678429922983
W8X31_x_1X3.9623999999999997,41.0,2.0818141716904823,1.8096934500484092,2.175766354474979,1.891364836531858,2.148201130356618,1.867402752780835,1.2509363929518902,1.2653023980240898,1.2610530392679162
W8X31_x_1X3.9623999999999997,42.0,2.0595419667280734,1.8544199162430846,2.1555550373001373,1.940870473291625,2.1275403591763684,1.915645943809281,1.2587627212812178,1.2741738131328006,1.2696379340537738
W8X31_x_1X3.9623999999999997,43.0,2.037052668121875,1.8995823442806237,2.1350882073251,1.9910019635652711,2.106632347463584,1.9644664449553884,1.2667663317328823,1.2832863226919695,1.2784465711830373
W8X31_x_1X3.9623999999999997,44.0,2.014329175883006,1.945215073916603,2.1143482738368613,2.0418023940769707,2.085459655068876,2.013904979213046,1.2749583658656778,1.292655678318283,1.287493398572018
W8X31_x_1X3.9623999999999997,45.0,1.9913537434124207,1.9913537434124202,2.0933168359612147,2.093316835961214,2.06400407055174,2.0640040705517393,1.283350731520862,1.3022988547895424,1.2967939549297842
W8X31_x_1X3.9623999999999997,46.0,1.9681079177119385,2.038035409601948,2.0719746113439794,2.1455925194511245,2.042246542883877,2.114808203390247,1.2919561767034213,1.3122341779858813,1.3063649815154663
W8X31_x_1X3.9623999999999997,47.0,1.944572475201608,2.085298676781453,2.0503013588124763,2.1986790233115894,2.0201671075484198,2.166363995155993,1.3007883718387963,1.322481468918375,1.3162245476039267
W8X31_x_1X3.9623999999999997,48.0,1.920727352645432,2.1331838354227615,2.028275794327894,2.252628480705681,1.9977448063971126,2.2187203834196563,1.3098620015531581,1.333062206272992,1.326392191680174
W8X31_x_1X3.9623999999999997,49.0,1.8965515726319868,2.1817330118211595,2.005875499454282,2.307495803390869,1.974957600550542,2.271928829274354,1.319192867307523,1.3439997103247554,1.3368890807294904
W8X31_x_1X3.9623999999999997,50.0,1.8720339992961594,2.2310032441197047,1.9830768214724837,2.363338926380139,1.9517822755383638,2.326043538834548,1.3288005392049869,1.3553193515903526,1.3477381904051435
W8X31_x_1X3.9623999999999997,51.0,1.8482911409266454,2.282449474379241,1.9598547641554205,2.4202190754772026,1.9281943377753945,2.381121704965821,1.3389844697306037,1.3670487882071414,1.3589645093543123
W8X31_x_1X3.9623999999999997,52.0,1.8241364157123645,2.334788141269716,1.9361828680923714,2.4782010604104263,1.9041679013533188,2.437223771627836,1.349508043192777,1.3792182367775148,1.37059527158448
W8X31_x_1X3.9623999999999997,53.0,1.7995439007479106,2.3880754147661074,1.9120330793013844,2.5373535966538285,1.8796755639941187,2.4944137235248185,1.3603952859073567,1.3918607823316866,1.3826602214813413
W8X31_x_1X3.9623999999999997,54.0,1.7744861810972592,2.442370697788204,1.8873756046973649,2.597749659443801,1.8546882708572099,2.5527594041178068,1.3716723737048306,1.405012734179325,1.3951919169757232
W8X31_x_1X3.9623999999999997,55.0,1.7489342164457942,2.4977369151401425,1.8621787527846745,2.6594668739869496,1.829175164714183,2.612332865468739,1.3833678846564796,1.4187140357926897,1.4082260774400082
W8X31_x_1X3.9623999999999997,56.0,1.7228571945762206,2.554240831000064,1.835154407311563,2.720728295474255,1.8030015530305725,2.6730597286909807,1.395513088028476,1.4325834390033882,1.4217679784816029
W8X31_x_1X3.9623999999999997,57.0,1.6962223700467738,2.611953398473561,1.8073113904031446,2.7830154887848217,1.774934421116614,2.7331593281459923,1.4081422756868183,1.4469684327177468,1.435431247375939
W8X31_x_1X3.9623999999999997,58.0,1.668994886223304,2.670950145216093,1.7788320085166842,2.846726284592694,1.7462490767446295,2.794582693820486,1.4212931434274632,1.4619868845491513,1.449671984369666
W8X31_x_1X3.9623999999999997,59.0,1.6411375785532627,2.731311599700607,1.7496762266057946,2.9119502446965,1.7169067935779871,2.8574127496600608,1.4350072312479072,1.477691366419129,1.4645368445970322
W8X31_x_1X3.9623999999999997,60.0,1.612610756662638,2.7931237633717796,1.7198012400451483,2.978783126678155,1.686866230961981,2.9217380175983667,1.4493304334858528,1.4941402431524329,1.4800774612198206
W8X31_x_1X3.9623999999999997,61.0,1.5833719624984253,2.8564786347049926,1.6891612067117263,3.047327483259859,1.6560831845262312,2.9876531515872977,1.4643135921271766,1.5113985011238964,1.4963511354707664
W8X31_x_1X3.9623999999999997,62.0,1.553375701319533,2.9214747920975648,1.6577069485503975,3.1176933299272425,1.6245103089410433,3.0552595312533657,1.4800131895599897,1.529538723034907,1.5134216444546897
W8X31_x_1X3.9623999999999997,63.0,1.522891526893564,2.988842909426088,1.6253856184235467,3.1899988902150382,1.5920968090613723,3.124665923245077,1.496648189827704,1.5486422398114295,1.531360190855405
W8X31_x_1X3.9623999999999997,64.0,1.4927338856468422,3.06055802019731,1.5921403273747798,3.2643714295498287,1.5587880951029216,3.1959892195975934,1.514776119587122,1.568800498361325,1.5502465245257537
W8X31_x_1X3.9623999999999997,65.0,1.461640537821494,3.134498248655507,1.5579097266441368,3.3409481903175062,1.5245253967997126,3.2693552639295644,1.5339361601761545,1.5901166939227382,1.5701702733998573
W8X31_x_1X3.9623999999999997,66.0,1.4295473903197577,3.210816008696981,1.5226275378312437,3.4198774429282066,1.4892453306695845,3.344899778049032,1.5542317741436669,1.6127077287266824,1.591232530785039
W8X31_x_1X3.9623999999999997,67.0,1.396384900887256,3.289676672355809,1.4862220234818717,3.5013196701591327,1.4528794135369434,3.422769403637635,1.575780537360664,1.6367065757191155,1.6135477585814018
W8X31_x_1X3.9623999999999997,68.0,1.3620774651721232,3.3712600273821156,1.4492444499720125,3.5870058855122595,1.4153535142978746,3.5031228761752233,1.598716639638808,1.662745746519119,1.6372460823255959
W8X31_x_1X3.9623999999999997,69.0,1.3265427200679316,3.455761933898138,1.4123042514573185,3.6791783614920237,1.377200099534362,3.5877289191921804,1.6231939362691528,1.6917047431546546,1.6629690227900134
W8X31_x_1X3.9623999999999997,70.0,1.2896907496392922,3.543396212713459,1.3739466724585652,3.7748874581147227,1.338930188210373,3.678680458334126,1.6493896975022806,1.722870760867223,1.6915455798323114
W8X31_x_1X3.9623999999999997,71.0,1.251423177308009,3.634396804113558,1.3340637700517237,3.874402512497433,1.2991908519991207,3.7731242045527655,1.6775092496073807,1.7565274386376213,1.7222861280256034
W8X31_x_1X3.9623999999999997,72.0,1.2118568796868026,3.7297119680246427,1.2925369045122923,3.978019552208944,1.257870139346292,3.8713262197704243,1.7080171963048472,1.7930089482696596,1.7554671807767799
W8X31_x_1X3.9623999999999997,73.0,1.1722839020782017,3.834367870719291,1.2492353580145612,4.0860647418649005,1.2148449988595524,3.9735789455721298,1.7428293989793684,1.8327117864782396,1.7914142140736096
W8X31_x_1X3.9623999999999997,74.0,1.1308830407178776,3.9438578504942523,1.2040147345088563,4.198898375723462,1.169979845255817,4.080204611347887,1.7808137462682374,1.8761100304047562,1.8305130194964045
W8X31_x_1X3.9623999999999997,75.0,1.0874976020410743,4.058596303926609,1.1567150991882051,4.316919520052455,1.1231248980115311,4.1915591826246485,1.8224511310919587,1.923775304454954,1.8732243694497073
W8X31_x_1X3.9623999999999997,76.0,1.041952958012954,4.179045057639632,1.1071588066731604,4.44057143220101,1.0741142494938014,4.308036952308903,1.8683245652299902,1.9764032480979972,1.920103179660017
W8X31_x_1X3.9623999999999997,77.0,0.994053882905513,4.305720411543719,1.05747818658474,4.580441252773561,1.0227636096976247,4.430075900501039,1.919147822629178,2.0395409049038173,1.9718238646428834
W8X31_x_1X3.9623999999999997,78.0,0.943581401763368,4.439201473479825,1.0051452656764828,4.728836681301297,0.9707939580509463,4.567226485146242,1.9758042964453764,2.1111240510465366,2.033402520678336
W8X31_x_1X3.9623999999999997,79.0,0.892075003257216,4.589328040553636,0.9497344025104755,4.885959934540427,0.9162363683226031,4.713627488232097,2.0436899234567707,2.1926444449588667,2.1035556360187644
W8X31_x_1X3.9623999999999997,80.0,0.8376756872498966,4.750694895836107,0.8909289196083818,5.052708984346661,0.8584716389254702,4.868634598495436,2.1220976490508274,2.2863872589024536,2.183346050592051
W8X31_x_1X3.9623999999999997,81.0,0.779682589333449,4.922722129369823,0.8283676994299163,5.230107816983512,0.7971699369220264,5.033132896694851,2.2126408356146947,2.3953961076549812,2.274966255842893
W8X31_x_1X3.9623999999999997,82.0,0.71768836509381,5.106618063095917,0.7629393632764233,5.428595645472147,0.7319551641037518,5.208131612806599,2.31844333197839,2.5304616055788487,2.381327987668214
W8X31_x_1X3.9623999999999997,83.0,0.6522441360724405,5.3121021997889555,0.6943785614596177,5.655259556685775,0.6631889250470318,5.401240352779102,2.449393894753455,2.7047321075650004,2.5109440406403847
W8X31_x_1X3.9623999999999997,84.0,0.5826007991441848,5.543076334379105,0.6201755937642283,5.90057662468676,0.5911670976774825,5.624579220648571,2.6155635660490266,2.922742704052307,2.679744384224825
W8X31_x_1X3.9623999999999997,85.0,0.506916729624316,5.794084732750665,0.5395528740711492,6.1671175707384425,0.5132310688254982,5.8662579600775535,2.8239130724105808,3.2035213567151857,2.890142688168268
W8X31_x_1X3.9623999999999997,86.0,0.42507310602110826,6.078828623911801,0.45423045887925034,6.4957981960652775,0.42856738153464563,6.1287990918399,3.104698661724252,3.634476980637176,3.1598655652056307
W8X31_x_1X3.9623999999999997,87.0,0.3358442432325186,6.408289910906311,0.3601511411617072,6.872093152747816,0.337810825287191,6.445814531899147,3.5087584756611077,4.2970188613013365,3.561582684931879
W8X31_x_1X3.9623999999999997,88.0,0.23671996650386684,6.778772917928007,0.2561860715135864,7.336209231418168,0.2380011032073349,6.8154598730585585,4.111079495256685,5.545558671528442,4.182218395956433
W8X31_x_1X3.9623999999999997,89.0,0.12650480335356476,7.247455330232455,0.13857993199760374,7.939238986935928,0.12958922405510623,7.424161673876886,5.253475157661509,8.918344338827609,5.869011516752431
W8X31_x_1X3.9623999999999997,90.0,0.0,7.435098695250383,0.0,8.895871556809857,0.0,8.895871556809857,5.377740596075861,273.08880872897583,273.08880872897583
W8X31_x_1X4.1148,0.0,2.8426439097755165,0.0,2.8106633391591633,0.0,2.8106633391591633,0.0,1.0,1.0,1.0
W8X31_x_1X4.1148,1.0,2.812126953798255,0.04908585856493927,2.7906516016980096,0.048711004899673165,2.7896846531423822,0.048694126749852434,1.0058883578086486,1.0058431243633492,1.0058410877804427
W8X31_x_1X4.1148,2.0,2.782240249875584,0.09715797043656786,2.770910873649333,0.09676233990088567,2.7690043106500495,0.09669576125386621,1.0117235131632099,1.0116752106623268,1.0116670825392637
W8X31_x_1X4.1148,3.0,2.7529468107359674,0.1442758288350028,2.751423895713173,0.14419601624062134,2.748603652595423,0.14404821356178182,1.0175096939279356,1.0174998361438088,1.01748158130336
W8X31_x_1X4.1148,4.0,2.7242118125621406,0.19049544711132244,2.7321741549873857,0.1910522283327224,2.7284648577283797,0.1907928490008493,1.0232509980066962,1.023320559791438,1.02328815289387
W8X31_x_1X4.1148,5.0,2.6960024150638717,0.23586964815660158,2.713145824030876,0.2373695020954031,2.7085708746873727,0.23696924589164123,1.0289514056229978,1.029140931040829,1.0290903467245016
W8X31_x_1X4.1148,6.0,2.6682875979392935,0.28044832745029824,2.6943237043532804,0.28318483250423615,2.6889053591310943,0.28261534147325285,1.0346147909278456,1.0349644984450004,1.0348917014986352
W8X31_x_1X4.1148,7.0,2.641038011937036,0.32427869262356906,2.675693173881137,0.3285338114658946,2.669452615433192,0.32776756723707473,1.0402449330103758,1.0407948183350464,1.0406957538506254
W8X31_x_1X4.1148,8.0,2.6154098268681536,0.36757188015688746,2.6572401379954873,0.3734507469985836,2.650197542476184,0.3724609747458294,1.0458672535424867,1.0466354635210164,1.0465060469761895
W8X31_x_1X4.1148,9.0,2.5984006778326783,0.41154623709742444,2.638991307148953,0.4179751612041033,2.6311577930990033,0.4167344544655277,1.0516413179207698,1.0524908767323577,1.052326813786614
W8X31_x_1X4.1148,10.0,2.581518850560938,0.45519142456139716,2.621136258187471,0.46217704243168023,2.612535636377702,0.4606605207557483,1.0574362783587172,1.0583697909219587,1.058166991195232
W8X31_x_1X4.1148,11.0,2.5647527454110577,0.49853743151481356,2.603413164511427,0.506052255730937,2.5940626590962683,0.5042347015977446,1.0632558009752573,1.0642713171936358,1.0640255220938333
W8X31_x_1X4.1148,12.0,2.5480910613846595,0.5416134748300404,2.585809884746889,0.5496308582341549,2.575725950158729,0.5474874517699901,1.0691036131101543,1.070199205314005,1.0699060820185575
W8X31_x_1X4.1148,13.0,2.5315227643645546,0.5844480814020299,2.5683145862551173,0.592942142770118,2.5575129532092316,0.5904483892876122,1.0749835130953778,1.0761572709135265,1.0758124011584993
W8X31_x_1X4.1148,14.0,2.5150370568259532,0.6270691664550061,2.550915711997321,0.6360147198935824,2.5394114306024482,0.6331463803892527,1.0808993804090423,1.082149405559127,1.0817482740017055
W8X31_x_1X4.1148,15.0,2.4986233488388883,0.6695041085109276,2.533601948918305,0.6788765961545784,2.521409429152155,0.6756096203295381,1.0868551862711513,1.0881795872375324,1.0877175693252417
W8X31_x_1X4.1148,16.0,2.4822712301918117,0.7117798214593418,2.516362197659482,0.7215552490767498,2.5034952474471255,0.7178657104745683,1.0928550047445353,1.094251891311017,1.0937242405864942
W8X31_x_1X4.1148,17.0,2.464700602493757,0.7535345947919873,2.4991855434243093,0.7640776992827466,2.4856574045385122,0.7599417321623245,1.0988470000454695,1.1003705020117678,1.099772336776662
W8X31_x_1X4.1148,18.0,2.4466685743767513,0.7949708099690919,2.4820612278300045,0.8064705801779994,2.467884609815898,0.8018643177592459,1.1048593190133298,1.1065397245462554,1.1058660138017782
W8X31_x_1X4.1148,19.0,2.4286972519375163,0.8362675281628138,2.465133492652411,0.8488135319654213,2.4502886257863636,0.8437020343878324,1.1109179453967553,1.1127718912614744,1.1120158013487476
W8X31_x_1X4.1148,20.0,2.4107754299949287,0.877450498018459,2.4483377553621612,0.8911220663819539,2.4328637850214756,0.8854900017720263,1.1170271531277827,1.1190702806262658,1.1182276905633677
W8X31_x_1X4.1148,21.0,2.3928920252086168,0.9185451882006476,2.4315589221742067,0.9333880192921575,2.415466919921409,0.9272108783755997,1.1231913500147053,1.1254347120200894,1.1244999925398065
W8X31_x_1X4.1148,22.0,2.3750360484517925,0.9595768508784224,2.414786755569856,0.9756371790496121,2.3980873845162574,0.9688901951890059,1.1294150912557466,1.131870171633521,1.1308374733484534
W8X31_x_1X4.1148,23.0,2.3571965776763837,1.0005705840790922,2.39801103429037,1.017895293049009,2.3807145751471332,1.0105533817331065,1.1357030938184545,1.1383818451950651,1.1372450789701969
W8X31_x_1X4.1148,24.0,2.3393627311273697,1.0415513932396256,2.3812215284082816,1.0601881305216023,2.3633379045599434,1.0522258281870545,1.1420602517858718,1.1449751360755187,1.1437279519467487
W8X31_x_1X4.1148,25.0,2.321523640766362,1.0825442522772284,2.3644079743537603,1.102541545443906,2.3459467760842543,1.0939329473121173,1.1484916527807438,1.15165568477745,1.1502914492531058
W8X31_x_1X4.1148,26.0,2.301971345071403,1.1227464429361131,2.347560049766325,1.1449815398863321,2.3285305577633206,1.1357002364926134,1.1548705090693343,1.158429389966541,1.1569411615306837
W8X31_x_1X4.1148,27.0,2.2822500416275737,1.162864478318968,2.330667348040657,1.1875343281324042,2.3110785563009304,1.177553340216167,1.161307801116853,1.1653024312195503,1.1636829338351355
W8X31_x_1X4.1148,28.0,2.262518856574391,1.2030026153525482,2.3137193524325164,1.230226401906058,2.2935799906890635,1.2195181133194217,1.1678213076242832,1.172281293684159,1.1705228880704404
W8X31_x_1X4.1148,29.0,2.242765746406618,1.243185353521414,2.296924769454471,1.2732061902146776,2.2761755550456257,1.2617047128573209,1.1744164326131559,1.179393037528376,1.1774813903785475
W8X31_x_1X4.1148,30.0,2.222978614072316,1.2834373012374327,2.2800799398199856,1.3164047670289345,2.258790581260859,1.304113350133948,1.1810988172154093,1.1866293859978467,1.184561290084305
W8X31_x_1X4.1148,31.0,2.203145279252138,1.3237832362990871,2.263144913382646,1.3598346536041712,2.2413232544514075,1.3467228781105387,1.187874360703241,1.193995495244767,1.1917618986921907
W8X31_x_1X4.1148,32.0,2.183253448204704,1.364248167233478,2.246108557802991,1.4035243988323494,2.223762264987697,1.3895608853232801,1.1947492432351887,1.2014995009845015,1.1990908339649056
W8X31_x_1X4.1148,33.0,2.1632906830184893,1.404857395845636,2.2289594828114545,1.4475032130673546,2.206096066791499,1.432655537097562,1.2017299505136698,1.2091500178650063,1.2065561470268351
W8X31_x_1X4.1148,34.0,2.143244370105304,1.4456365813106098,2.2116860085390995,1.4918010493408547,2.188312845950441,1.4760356521092617,1.2088233005726647,1.2169561825519921,1.214166360986577
W8X31_x_1X4.1148,35.0,2.1229035230653888,1.4864730497423357,2.1942761322383686,1.5364486887069515,2.1704004878614183,1.5197307825345967,1.2160118998813032,1.224927701142809,1.2219305133437015
W8X31_x_1X4.1148,36.0,2.102441919493032,1.527513467172911,2.176717493184734,1.5814778302519281,2.1523465427021056,1.563771298278386,1.2233239485677319,1.2330749014478648,1.2298582026429992
W8X31_x_1X4.1148,37.0,2.0818604243509204,1.5687943545183578,2.1589973355321703,1.6269211863514084,2.134138189013523,1.608188475810183,1.2307690044011497,1.2414087907548501,1.2379596399037749
W8X31_x_1X4.1148,38.0,2.0611453246565965,1.6103432162957205,2.1409558427021116,1.6726980268887364,2.1157281781828123,1.6529880152094745,1.2383553948381003,1.2499196733765547,1.2462407595059095
W8X31_x_1X4.1148,39.0,2.04028256482086,1.6521882441980893,2.1226132842020675,1.7188583461944498,2.096919885410846,1.6980522420948068,1.24609194230049,1.258622041814535,1.2546844723292379
W8X31_x_1X4.1148,40.0,2.019257706796706,1.6943583970249962,2.1040698345084485,1.7655242221072798,2.077918026265424,1.743580249455939,1.253988008837297,1.267545010982848,1.2633332490585767
W8X31_x_1X4.1148,41.0,1.9980558880793344,1.7368834849229882,2.085310684660836,1.81273292240214,2.058707834286512,1.7896074173836307,1.2620535453055401,1.276702728830856,1.2722001213360523
W8X31_x_1X4.1148,42.0,1.9766617772870685,1.7797942584782325,2.066320413021238,1.8605232566995056,2.0392739605586048,1.8361705215182416,1.2702991456358443,1.2861103918401027,1.2812990594364988
W8X31_x_1X4.1148,43.0,1.9550595270288351,1.8231225032515503,2.047082930222262,1.9089357150071493,2.019600420636748,1.8833078602137352,1.2787361068286747,1.2957843510568763,1.2906450653815453
W8X31_x_1X4.1148,44.0,1.9332327237361884,1.8669011404017426,2.027581419803835,1.9580126171119527,1.999670537453496,1.9310593913312695,1.287376495421406,1.3057422309235593,1.3002542770227254
W8X31_x_1X4.1148,45.0,1.9111643341063347,1.9111643341063342,2.007798274050298,2.0077982740502978,1.9794668797520178,1.9794668797520174,1.2962332212762648,1.3160030627667063,1.3101440846502366
W8X31_x_1X4.1148,46.0,1.8888366477666647,1.9559476065609416,1.9877150244827655,2.058339163028868,1.958971195538786,2.0285740568229667,1.3053201196678776,1.3265874351133704,1.3203332619405017
W8X31_x_1X4.1148,47.0,1.866231215730375,2.0012879614205774,1.967312266396559,2.1096841173314127,1.9381643399901471,2.078426793091074,1.314652042800259,1.3375176633817905,1.3308421133608352
W8X31_x_1X4.1148,48.0,1.8433287841661066,2.0472240166397584,1.946569576759094,2.1618845329344154,1.9170261971795404,2.1290732858430133,1.324244962061102,1.3488179819413628,1.34169264051371
W8X31_x_1X4.1148,49.0,1.8201092229513982,2.093796147774869,1.9254654246982654,2.2149945937692683,1.8955355949148343,2.1805642631529065,1.3341160825314542,1.3605147620768745,1.3529087303394716
W8X31_x_1X4.1148,50.0,1.7965514484191218,2.1410466429338197,1.9039770737134614,2.2690715178150285,1.8736702118866757,2.2329532063527004,1.344283971518034,1.3726367600440788,1.3645163686209318
W8X31_x_1X4.1148,51.0,1.7730000730281263,2.189472748718872,1.8820804746287398,2.324175826489171,1.8514064762270777,2.2862965930833976,1.354868468011983,1.3852154001944335,1.3765438828664611
W8X31_x_1X4.1148,52.0,1.749764557696,2.2395965039310184,1.8597501481779648,2.3803716401302246,1.8287194544605683,2.3406541633654965,1.3660026798976554,1.3982850991097215,1.3890222194155164
W8X31_x_1X4.1148,53.0,1.7261096791602883,2.2906249112785275,1.8369590559619602,2.4377270027430358,1.805582729695523,2.3960892114496875,1.377529196503069,1.4118836378649158,1.4019852605443768
W8X31_x_1X4.1148,54.0,1.702009165724628,2.342614644179603,1.812712775061784,2.494985090602168,1.7819682677478175,2.4526689065814313,1.3894765349004932,1.4257279643740504,1.4154701884911711
W8X31_x_1X4.1148,55.0,1.6774351924995752,2.395625726607343,1.7867249594424064,2.5517076894240582,1.7563994366836353,2.5083983545427064,1.401875866248691,1.439715605491841,1.4290108284793284
W8X31_x_1X4.1148,56.0,1.6523582415109936,2.449721834864547,1.7601996929224242,2.6096033615148975,1.729658295674578,2.564323878031398,1.4147613391329703,1.4542809998295732,1.4428644515412454
W8X31_x_1X4.1148,57.0,1.6267469477102132,2.504970629771271,1.7331034500988987,2.6687452814734693,1.7023627803960204,2.6214088012338106,1.4281704510599387,1.4694701508328207,1.4572875830012721
W8X31_x_1X4.1148,58.0,1.6005679291275086,2.561444123058481,1.7054005348703793,2.7292113617981446,1.674478306681677,2.6797254523128777,1.4421444767031484,1.4853338839468748,1.4723254353180506
W8X31_x_1X4.1148,59.0,1.5737855991601875,2.619219082301017,1.6770528777571534,2.791084695268122,1.6459680475068597,2.7393508500702097,1.456728963294567,1.5019285036199508,1.488027942740566
W8X31_x_1X4.1148,60.0,1.5463619586951467,2.678377479351719,1.6480198113307036,2.854454045104853,1.6167927234093993,2.8003671422527336,1.4719743057903643,1.5193165604239236,1.5044504023906162
W8X31_x_1X4.1148,61.0,1.518256365425546,2.7390069879725063,1.6182578208735001,2.9194143891972635,1.5869103702460023,2.862862091259244,1.4879364172280123,1.5375677504612335,1.5216542223978935
W8X31_x_1X4.1148,62.0,1.4894252773230305,2.8012015372172234,1.5877202669538582,2.986067525626864,1.5562760813003014,2.9269296134869567,1.5046775131925767,1.5567599744773326,1.5397077985579997
W8X31_x_1X4.1148,63.0,1.4598219667595043,2.8650619281293936,1.5563570760880259,3.054522747847638,1.5248417203060383,2.992670379505177,1.5222670337315303,1.5769805907905075,1.5586875460491896
W8X31_x_1X4.1148,64.0,1.4302255100914547,2.932396857665218,1.5241143950578653,3.1248975991934462,1.4925556014168673,3.0601924833556993,1.5412684388299893,1.5983279047390029,1.5786791191944791
W8X31_x_1X4.1148,65.0,1.4005204165131124,3.003425725527299,1.4909342037390807,3.1973187179428666,1.4593621315275085,3.1296121905903225,1.5618376809134173,1.6209129484450089,1.5997788605262515
W8X31_x_1X4.1148,66.0,1.369856326147377,3.076747683492337,1.4567538804493698,3.2719227860169506,1.4252014096103132,3.2010547762048893,1.5836598723777584,1.6448616191497536,1.6220955310892726
W8X31_x_1X4.1148,67.0,1.3381664154341233,3.1525225156663703,1.4227389641831958,3.3517629547206176,1.3900087768532665,3.274655465465549,1.60686768632191,1.6712941378422663,1.645752387810475
W8X31_x_1X4.1148,68.0,1.305378019236293,3.230923974150354,1.3880578247360025,3.435563673785701,1.354925159225439,3.3535574489618662,1.6316130048477642,1.6999748222440452,1.6718980797913996
W8X31_x_1X4.1148,69.0,1.2714119578767007,3.312141388185528,1.3521215772598432,3.5223971350561514,1.3190509110141555,3.436245104057372,1.6580705362593484,1.7307591193106393,1.7002121076832744
W8X31_x_1X4.1148,70.0,1.2361817698184394,3.3963814989176133,1.3148377018724957,3.6124868961422893,1.2818770553784162,3.52192826416918,1.686442281320977,1.7639082646014081,1.7305898780694058
W8X31_x_1X4.1148,71.0,1.1995928341372213,3.4838705576832867,1.276104899087394,3.706077728985017,1.243307739892334,3.610827862493858,1.7169630905771365,1.7997283661758037,1.7632862522438577
W8X31_x_1X4.1148,72.0,1.161541363818439,3.5748567331721004,1.235812001046648,3.8034382506648745,1.2032380095032424,3.70318581315165,1.749907636913132,1.838580485370981,1.7985996100499009
W8X31_x_1X4.1148,73.0,1.1227829431418321,3.672457529564791,1.1938367175070959,3.9048639535005956,1.1615526769293396,3.799267614841593,1.7866934236195073,1.8808935627116277,1.8368815663827827
W8X31_x_1X4.1148,74.0,1.083124226945486,3.7773030735237056,1.1500441865107072,4.010680707092708,1.1181250214871152,3.8993653499540923,1.8279861817817613,1.9271811720510208,1.8785494123538358
W8X31_x_1X4.1148,75.0,1.0415649197876196,3.887173200028798,1.1043609689667349,4.121531246079852,1.0728152851061339,4.003801151152582,1.8733726166701559,1.9781969281057146,1.9241022162285275
W8X31_x_1X4.1148,76.0,0.9979378136824135,4.002509955971872,1.058621463941264,4.245898783407426,1.0254689276160651,4.1129312228159645,1.923525443590181,2.038770585520307,1.9741419049434863
W8X31_x_1X4.1148,77.0,0.952055982189477,4.123807517821627,1.0104697314351232,4.376825263405628,0.9778025438565192,4.235328128528189,1.9792730284262474,2.1067094935405977,2.0334772649510504
W8X31_x_1X4.1148,78.0,0.903709764021415,4.251620166044814,0.9596779988573385,4.514930008828261,0.9277065000198569,4.3645159327522896,2.041647189673851,2.183493881608975,2.100128575180624
W8X31_x_1X4.1148,79.0,0.8532928520133708,4.389811168624144,0.90598940546019,4.6609114342867715,0.8748641554353073,4.50078590427318,2.1136972703522785,2.271028746503808,2.175372006903477
W8X31_x_1X4.1148,80.0,0.8012766352444602,4.544265613946355,0.8491131821275701,4.815560152597827,0.8190083294872421,4.644827049136464,2.2005351312864154,2.3718080259994334,2.261039417198034
W8X31_x_1X4.1148,81.0,0.7458214776613499,4.708931484261525,0.7893385418672358,4.983687414305648,0.7598365741644673,4.797419321036399,2.3013873425696105,2.4921000271655647,2.3595228580773444
W8X31_x_1X4.1148,82.0,0.6865373341521872,4.884966960712841,0.7275637156541189,5.1768848334706705,0.6972669019788286,4.961311802760793,2.4200232250211675,2.6464263845079814,2.475387513876071
W8X31_x_1X4.1148,83.0,0.6230180625130761,5.074074931992023,0.6611460509347842,5.384602478300217,0.6325580721701884,5.151772075565769,2.5619859998505614,2.83533010759698,2.6252882788748475
W8X31_x_1X4.1148,84.0,0.5564745015296306,5.29450121703475,0.5894963432245446,5.608683053869805,0.5629934292540713,5.356524671255814,2.750161072506682,3.0720616644277836,2.808226124283753
W8X31_x_1X4.1148,85.0,0.4841647267116155,5.53402814946592,0.5129915620107038,5.863520384657586,0.48795759684910733,5.5773808535150335,2.988899218407336,3.3946577304365415,3.0366328531617226
W8X31_x_1X4.1148,86.0,0.4052703861674305,5.795636536309192,0.4312272107560704,6.166836421835345,0.40723648911653154,5.823753118410622,3.302255774597176,3.880074801593536,3.3399076218922334
W8X31_x_1X4.1148,87.0,0.3205315563614022,6.116106439662158,0.3407753030436224,6.502380137177347,0.32084552163104774,6.122097253887464,3.789408078364903,4.610146514914929,3.7998930415611327
W8X31_x_1X4.1148,88.0,0.22605607253858653,6.473398949356086,0.24220770665458696,6.935921234834854,0.2253095989827855,6.452022743543168,4.536384416977036,6.093550301436326,4.483477806185346
W8X31_x_1X4.1148,89.0,0.12056561845030318,6.9071996550066155,0.1301913259655435,7.458656069223644,0.12449601707826614,7.132372041596202,5.966277613154925,9.966957525353553,7.13501709309069
W8X31_x_1X4.1148,90.0,0.0,7.2418261030271465,0.0,8.234704138977417,0.0,8.234704138977419,6.921880771312746,184.2496319478479,184.24963194779875
W8X31_x_1X4.267199999999999,0.0,2.7411628915777926,0.0,2.710282505617764,0.0,2.710282505617764,0.0,1.0,1.0,1.0
W8X31_x_1X4.267199999999999,1.0,2.7111683616121782,0.04732361978326986,2.6906037854062532,0.046964663770374164,2.689671635169246,0.04694839302746435,1.0061066020158984,1.0060599986020597,1.0060578862679845
W8X31_x_1X4.267199999999999,2.0,2.68180544939848,0.09365070992015725,2.671197033494053,0.09328025587368617,2.6693595973910096,0.09321609119107598,1.0121581547792167,1.012109471483043,1.0121010397492223
W8X31_x_1X4.267199999999999,3.0,2.6530370697953036,0.13903978118355867,2.6520450637021034,0.13898779234717878,2.6493278250021697,0.1388453879011333,1.0181590397648654,1.0181521251439591,1.0181331855497513
W8X31_x_1X4.267199999999999,4.0,2.62482833508978,0.18354587737182054,2.6331314448514633,0.18412648736667214,2.629558596731481,0.1838766494880834,1.0241135040396259,1.0241916493942032,1.0241580217813138
W8X31_x_1X4.267199999999999,5.0,2.5971463713779483,0.2272208650130598,2.614440439312384,0.2287338999035701,2.6100349688415365,0.22834847117987275,1.030025672978677,1.0302317263784422,1.0301792286627838
W8X31_x_1X4.267199999999999,6.0,2.569960151834863,0.2701136964218651,2.5959569460713343,0.27284606959944857,2.590740711829269,0.2722978212884696,1.0358995622873162,1.0362760395634865,1.0362004775283027
W8X31_x_1X4.267199999999999,7.0,2.5432403450202035,0.31227064903385726,2.5776664478567377,0.3164976429542394,2.5716602517758576,0.31576017480575175,1.0417390894053984,1.0423282827318174,1.0422254397890596
W8X31_x_1X4.267199999999999,8.0,2.5181806778442253,0.35390721439566136,2.5595549619104703,0.3597219908135453,2.5527786158734456,0.3587696374852696,1.0475722706777326,1.0483921690284905,1.0482577958952783
W8X31_x_1X4.267199999999999,9.0,2.5015157812570505,0.39620117697739304,2.5417328857645347,0.40257094056628434,2.5341976743357044,0.40137748032140197,1.0535655911770154,1.0544742417070572,1.054303873243922
W8X31_x_1X4.267199999999999,10.0,2.4849794238891825,0.4381689189370403,2.5241950962846955,0.4450837000469934,2.5159242151927197,0.44362532055624654,1.0595816405619896,1.0605795440725778,1.0603689205488247
W8X31_x_1X4.267199999999999,11.0,2.4685601605406973,0.4798394871309567,2.5067915991618257,0.4872709259889113,2.497801985294056,0.4855235220662655,1.0656242374173575,1.06670919202674,1.0664538785384037
W8X31_x_1X4.267199999999999,12.0,2.452246849316172,0.5212411586567904,2.4895103706950192,0.5291617646367955,2.479818204952107,0.5271016312113461,1.0716972666168703,1.0728670913005691,1.0725625738648754
W8X31_x_1X4.267199999999999,13.0,2.4360286200305206,0.562401521036548,2.4723397036009653,0.5707845952182656,2.4619604565599693,0.5683883572286657,1.0778046895618174,1.079057218318677,1.078698892148306
W8X31_x_1X4.267199999999999,14.0,2.4198948441216905,0.6033475485753711,2.455268173889259,0.6121671102402322,2.444216648573696,0.609411655504932,1.0839505548330635,1.0852836307434455,1.0848667880640612
W8X31_x_1X4.267199999999999,15.0,2.4038351058873753,0.6441056753601044,2.4382846093070865,0.6533363919810693,2.4265749813238666,0.6501988066192967,1.0901390093191932,1.0915504784596164,1.0910702958005118
W8X31_x_1X4.267199999999999,16.0,2.387839174875502,0.6847018653296695,2.421378059161953,0.6943189856423078,2.409023914443505,0.6907764916492962,1.0963743098878458,1.09786201506433,1.0973135399471834
W8X31_x_1X4.267199999999999,17.0,2.3707115204238898,0.7247992486810927,2.4045377653442754,0.7351409695917898,2.3915521357150125,0.7311708641960655,1.1026041986832344,1.1042226099324608,1.1036007468775715
W8X31_x_1X4.267199999999999,18.0,2.3531526761595583,0.7645856527274142,2.3878194171233167,0.7758495596707433,2.3741890025223986,0.7714207694990846,1.1088569265145,1.1106401760347386,1.1099383392512623
W8X31_x_1X4.267199999999999,19.0,2.3356561282502013,0.8042309001057721,2.371312716524578,0.8165084480443405,2.3570714149634004,0.8116047746676418,1.115159194631885,1.11712562697317,1.1163393903391738
W8X31_x_1X4.267199999999999,20.0,2.318210937434124,0.8437597779763707,2.3548371565818584,0.8570906315398568,2.339996326834929,0.8516890112601622,1.1215154826344058,1.1236756477386654,1.1227993427380023
W8X31_x_1X4.267199999999999,21.0,2.300806291019666,0.883196786705678,2.3383826350519654,0.8976209937477955,2.3229532107238864,0.8916981926669455,1.1279304137043247,1.130295261229648,1.1293230066834063
W8X31_x_1X4.267199999999999,22.0,2.2834314758441314,0.9225662011385064,2.321939101098096,0.9381242916357404,2.3059316175198923,0.9316568484605203,1.134408768922227,1.1369896834512199,1.1359153662518544
W8X31_x_1X4.267199999999999,23.0,2.2660758517534916,0.9618921306900868,2.305496530691916,0.9786252161373323,2.288921150700474,0.9715893847618607,1.140955502514973,1.1437643412690108,1.1425815957294227
W8X31_x_1X4.267199999999999,24.0,2.248728825462529,1.0011985785760904,2.289044902154758,1.0191484523985699,2.2719114408896828,1.0115201439647359,1.1475757581448194,1.1506248914832515,1.1493270771450854
W8X31_x_1X4.267199999999999,25.0,2.2313798246585224,1.0405095004908267,2.2725741717110077,1.0597187399940957,2.2548921205575767,1.0514734641293626,1.1542748863591015,1.1575772413726202,1.1561574191010202
W8X31_x_1X4.267199999999999,26.0,2.212530554152132,1.0791232544576792,2.256074248926843,1.1003609334258708,2.2378527987292767,1.091473738353588,1.1609326119534502,1.1646275708742202,1.1630784770468934
W8X31_x_1X4.267199999999999,27.0,2.1934877036387626,1.1176378081570428,2.2395349719064854,1.141100063219145,2.2207830355723854,1.1315454744296218,1.1676510022769944,1.1717823565852183,1.1700963751615439
W8X31_x_1X4.267199999999999,28.0,2.1744368369406932,1.1561685747535195,2.223139439828476,1.1820642080554173,2.203808506096362,1.1717857682672292,1.1744513123749263,1.1790667945261146,1.1772304468704753
W8X31_x_1X4.267199999999999,29.0,2.1553663293115153,1.1947390655339025,2.2067114599284805,1.2232001361829112,2.1868616324962824,1.212197197167468,1.18133927251193,1.1864744568052368,1.1844838751520839
W8X31_x_1X4.267199999999999,30.0,2.136264508046798,1.2333728887810622,2.190210560274721,1.2645186565565711,2.169849854218196,1.2527633974339456,1.188320869943919,1.1940102834046225,1.1918564890920937
W8X31_x_1X4.267199999999999,31.0,2.117119623829063,1.2720938077293265,2.173626129018861,1.3060463414167527,2.1527623684739656,1.293510129340504,1.1954023716268531,1.2016823452823662,1.1993558581920774
W8X31_x_1X4.267199999999999,32.0,2.0979198216736887,1.3109257993269696,2.1569473442179876,1.347810289084039,2.135588183374409,1.3344636040903846,1.2025903488073126,1.2094991771484878,1.2069899718366432
W8X31_x_1X4.267199999999999,33.0,2.0786531113222493,1.3498931141162993,2.1401631447200224,1.3898381968626454,2.118316088937976,1.375650552948775,1.2098917037094739,1.2174698189002122,1.214767276508765
W8X31_x_1X4.267199999999999,34.0,2.0593073369247903,1.3890203375518677,2.12326219974242,1.4321584372158478,2.1009346269203713,1.4170982991869565,1.2173136985592032,1.225603861146772,1.2226967165855056
W8X31_x_1X4.267199999999999,35.0,2.0397068357921713,1.4282181021595528,2.106232876960641,1.474800137672965,2.083432059287712,1.4588348332610346,1.2248418877666147,1.2339114953266976,1.2307877791475403
W8X31_x_1X4.267199999999999,36.0,2.0199840454718596,1.4676043149276206,2.0890632089085193,1.5177932649633867,2.065796335142972,1.5008888916789844,1.2325016053952191,1.2424035689908584,1.2390505432951202
W8X31_x_1X4.267199999999999,37.0,2.000146935077079,1.5072188237280235,2.0719936553591847,1.5613592107832066,2.0481271447502247,1.5433745050520034,1.2403039585154327,1.2511300740034468,1.2475126737790656
W8X31_x_1X4.267199999999999,38.0,1.980182310501484,1.547087977057671,2.054842390491887,1.605418824428015,2.0305134383637418,1.586410963822325,1.2482578608609232,1.2600822983417224,1.2562043790856308
W8X31_x_1X4.267199999999999,39.0,1.9600766509606553,1.5872387757862816,2.0375101963366005,1.6499432244654029,2.012725548962485,1.6298730127534755,1.2563727643895777,1.2692613657979346,1.2651070660209651
W8X31_x_1X4.267199999999999,40.0,1.9398160707526035,1.62769894952027,2.0199834613415533,1.6949673773959029,1.9947498752399782,1.6737938846047908,1.2646587081074916,1.2786818234014057,1.2742341411021065
W8X31_x_1X4.267199999999999,41.0,1.9193862789706835,1.668497037055651,2.00224802673656,1.740527655460801,1.976572295746644,1.71820808302753,1.273126371891847,1.288359296005372,1.283599976164922
W8X31_x_1X4.267199999999999,42.0,1.8987725369105453,1.7096624714359243,1.9842891369641569,1.7866619639787973,1.9581781209917766,1.7631514995965403,1.2817871359433632,1.2983105952621334,1.2932200041055484
W8X31_x_1X4.267199999999999,43.0,1.8779596128897202,1.7512256701769076,1.9660913863062766,1.8334098784559123,1.939552041997262,1.8086615395115546,1.2906531465899702,1.3085538417492075,1.3031108258972526
W8X31_x_1X4.267199999999999,44.0,1.8569317341721112,1.7932181312730413,1.9476386612759677,1.880812792574479,1.9206780749011445,1.8547772569500958,1.2997373892695967,1.3191086021551466,1.3132903304824637
W8X31_x_1X4.267199999999999,45.0,1.8356725356596433,1.8356725356596428,1.928914078294206,1.9289140782942056,1.901539501164077,1.9015395011640766,1.3090537696441726,1.3299960437558076,1.3237778294032336
W8X31_x_1X4.267199999999999,46.0,1.814165004979121,1.8786228568738992,1.9098999161153056,1.9777592594434652,1.882118802880296,1.9489910745377643,1.3186172039426267,1.3412391087964635,1.33459420834687
W8X31_x_1X4.267199999999999,47.0,1.7923914235533591,1.9221044787352202,1.8905775423998439,2.0273962003449553,1.8623975926360594,1.9971769039682055,1.3284437198020629,1.3528627118561987,1.3457620981576766
W8X31_x_1X4.267199999999999,48.0,1.770333303201267,1.9661543219542312,1.870927333760025,2.077875311209898,1.8423565372913742,2.046144227093177,1.3385505690784203,1.36489396382556,1.3573060683139457
W8X31_x_1X4.267199999999999,49.0,1.7479713177609733,2.0108109806806995,1.8509285885176054,2.1292497722528285,1.8219752749840268,2.0959427950794356,1.348956354337167,1.3773624267981177,1.3692528464081983
W8X31_x_1X4.267199999999999,50.0,1.725285229172386,2.0561148701159158,1.8305594313170626,2.1815757787293233,1.80123232456681,2.146625093899316,1.359681171018536,1.3903004049885859,1.3816315678191071
W8X31_x_1X4.267199999999999,51.0,1.7025140851731284,2.1024298027411708,1.8097967086245845,2.2349128093869943,1.7801049865876601,2.198246586270968,1.3708247369240447,1.4037432777788532,1.394474060551606
W8X31_x_1X4.267199999999999,52.0,1.6801158208850389,2.150450186057011,1.7886158740141882,2.28932392115217,1.7585692348059527,2.250865976722065,1.382574987728455,1.4177298822024809,1.407815171180791
W8X31_x_1X4.267199999999999,53.0,1.6573156728069112,2.1993321813887565,1.7644891028068805,2.3415561266855134,1.736056230573694,2.303824430824669,1.3947467241448819,1.4314235400028867,1.4215048885199884
W8X31_x_1X4.267199999999999,54.0,1.6340884492604517,2.2491297980128624,1.7397219495821492,2.3945218380517326,1.711064498729348,2.3550782408111455,1.407370872642736,1.4455847722317285,1.4350122197386808
W8X31_x_1X4.267199999999999,55.0,1.6104074751151491,2.2999002256283014,1.7144720736010102,2.4485198745283023,1.6856044080342987,2.4072925754899055,1.4204812757893786,1.460316013896148,1.4490416329824103
W8X31_x_1X4.267199999999999,56.0,1.5862444583417206,2.351704120457068,1.6887093748728028,2.5036146063479667,1.6596467056957847,2.4605274273853213,1.4341150517768169,1.4756619326790683,1.4636330621195002
W8X31_x_1X4.267199999999999,57.0,1.5615693431562716,2.4046059200932945,1.6624018798150997,2.5598744105067732,1.6331603651891835,2.514846426645453,1.4483130081784854,1.4916717864397986,1.47883042064211
W8X31_x_1X4.267199999999999,58.0,1.5363501480860573,2.4586741906794494,1.6355155693428127,2.617372038403536,1.6061124251384682,2.57031717147095,1.4631201197423567,1.5084000368255541,1.4946821183220331
W8X31_x_1X4.267199999999999,59.0,1.510552787050802,2.5139820104960418,1.6080141889475659,2.676185021993944,1.5784678116496065,2.627011592479162,1.4785860821060006,1.5259070636939998,1.5112416601777041
W8X31_x_1X4.267199999999999,60.0,1.484140871277731,2.5706073946425705,1.5798590384558764,2.7363961234024896,1.5501891420048255,2.6850063552939623,1.494765955908147,1.544260000231738,1.528568343486783
W8X31_x_1X4.267199999999999,61.0,1.4570754895465887,2.6286337661775336,1.5510087388140477,2.798093833663844,1.521236507322867,2.7443833062727587,1.5117209190125298,1.5635337132652924,1.5467280721115666
W8X31_x_1X4.267199999999999,62.0,1.4293149638843063,2.688150479892751,1.5214189728491874,2.861372927117499,1.491567231436984,2.8052299670068934,1.5295191486410706,1.5838119591120052,1.5657943118557538
W8X31_x_1X4.267199999999999,63.0,1.4008145773870844,2.7492534058446494,1.4910421964882477,2.9263350789793092,1.4611356028289242,2.867640084079648,1.5482368603839578,1.6051887527896438,1.585849216213588
W8X31_x_1X4.267199999999999,64.0,1.3721228702242263,2.8132687919395414,1.4598273163670163,2.993089554789688,1.4298925759719818,2.9317142415610697,1.5683487739864816,1.6277699980101055,1.6069849590715606
W8X31_x_1X4.267199999999999,65.0,1.3434815100133524,2.881105395800266,1.4278096280783328,3.0619476285841634,1.397785437865308,2.9975605448896365,1.5902442907785836,1.6517438565791682,1.629305320170524
W8X31_x_1X4.267199999999999,66.0,1.3139218900754397,2.9511168831471712,1.3962126564127393,3.135944970493505,1.3649155142429135,3.065650438261968,1.6134976833291876,1.6783133776953032,1.6530532233094908
W8X31_x_1X4.267199999999999,67.0,1.2833802227537148,3.0234543340257547,1.3635745988006502,3.212380444561687,1.3322811565141546,3.1386577145162766,1.6382548871125275,1.7066783190030435,1.6793037972629596
W8X31_x_1X4.267199999999999,68.0,1.2517871713941462,3.0982819711928236,1.3298222339531596,3.2914255286381557,1.2985700835254057,3.2140737419734333,1.664683308819442,1.7370461979743255,1.7073176398290533
W8X31_x_1X4.267199999999999,69.0,1.2190672137933825,3.1757786677798805,1.2948758467606,3.3732669085321643,1.263706520720144,3.292068038110297,1.6929759367126367,1.7696575465613358,1.7372975025339332
W8X31_x_1X4.267199999999999,70.0,1.1851379168080116,3.2561396653695014,1.2586484706899514,3.4581082522517335,1.2276079668539817,3.372825168873912,1.7233564324978536,1.8047927614539927,1.769478215216938
W8X31_x_1X4.267199999999999,71.0,1.149909107269399,3.3395785376702825,1.2210450224901992,3.5461722364479553,1.190184408563939,3.456546505791557,1.7560854895074216,1.8427807334860644,1.8041333041033374
W8X31_x_1X4.267199999999999,72.0,1.1132819214425076,3.4263294418584382,1.1819613108630718,3.6377028680213574,1.1513374231879774,3.5434522330794147,1.791468840518158,1.884009819703563,1.841583318491997
W8X31_x_1X4.267199999999999,73.0,1.0757860445060714,3.5187376006013795,1.141282897099949,3.7329681524105336,1.110959150783668,3.6337836473696776,1.8307746987588218,1.9289419352566168,1.8822064038661812
W8X31_x_1X4.267199999999999,74.0,1.0377568521227265,3.61908823528767,1.09908050706393,3.8329492352787393,1.0689311124933802,3.727805801180345,1.875475208340232,1.9784795037033744,1.9264518618098903
W8X31_x_1X4.267199999999999,75.0,0.997907559338866,3.724241712709703,1.0566998161145704,3.943657402088267,1.0251924511154595,3.826070315098968,1.9247364884023506,2.0364091377045366,1.974989285314163
W8X31_x_1X4.267199999999999,76.0,0.9560781898744022,3.834620174917716,1.0122284995741428,4.059826766473568,0.9811853302298611,3.935319414750999,1.9793291786316922,2.1009857886489183,2.0319275061293087
W8X31_x_1X4.267199999999999,77.0,0.9120899220885423,3.950695492704238,0.9654787517502172,4.181947920340049,0.9350067577012275,4.04995921327552,2.0402075974505225,2.1734700989294904,2.0953407952444665
W8X31_x_1X4.267199999999999,78.0,0.8657422092351122,4.072996864613903,0.9162400870078806,4.31057070084843,0.8864616280651506,4.170474066292595,2.108567955975242,2.2554626433650236,2.1664463121809128
W8X31_x_1X4.267199999999999,79.0,0.8171232092226305,4.203734487548829,0.8642757870198865,4.446313471019055,0.8353312690402988,4.297406834806843,2.1869337801106847,2.3490268212122403,2.246786311814827
W8X31_x_1X4.267199999999999,80.0,0.767177196824184,4.3508780887742695,0.8093761338522584,4.590200153148779,0.781369749015404,4.431368051990312,2.28245360897192,2.4571254056600043,2.338344479389965
W8X31_x_1X4.267199999999999,81.0,0.713948416750708,4.50769289765963,0.7533599090934935,4.756527267134495,0.724299468639636,4.57304686720183,2.393947467011497,2.595257476190219,2.443716072934702
W8X31_x_1X4.267199999999999,82.0,0.6570663967575007,4.675270345084408,0.6934760430396082,4.934338439842835,0.6655877609503892,4.735903001855896,2.525876174066117,2.7613100843842253,2.577287051735004
W8X31_x_1X4.267199999999999,83.0,0.5961032169572331,4.854871105729805,0.6292691390970706,5.124985865239874,0.6030259751852902,4.9112524469762135,2.684531520546298,2.964839096106037,2.738554042735059
W8X31_x_1X4.267199999999999,84.0,0.5320621729008892,5.062233425284653,0.5602099006919272,5.330041166046837,0.5359524944615053,5.099247362456475,2.8945967156615158,3.2203220764810685,2.9356182694002584
W8X31_x_1X4.267199999999999,85.0,0.46275677256949327,5.289334113926346,0.4879232368564403,5.576988117001726,0.4638154278682845,5.301434599362125,3.1661444319683802,3.59355153086847,3.182056962123448
W8X31_x_1X4.267199999999999,86.0,0.38718301192071314,5.536975033746639,0.4090773497216308,5.850078651549276,0.3874698490547785,5.54107699587094,3.527287067481813,4.122420303892482,3.5339671256619685
W8X31_x_1X4.267199999999999,87.0,0.30578586934089086,5.834741970069323,0.3226572595662287,6.156667273070994,0.30448332610154155,5.809887964477621,4.088611322873176,4.939410788001955,4.0349878914581865
W8X31_x_1X4.267199999999999,88.0,0.21548207990294382,6.170599418030138,0.22875102046233461,6.550572160684803,0.21321019091772556,6.105541029618761,4.984326051758075,6.62972952783865,4.781319455042924
W8X31_x_1X4.267199999999999,89.0,0.11483474103541105,6.578877907796862,0.12242999894871989,7.0140099422260445,0.1132902018848596,6.490391319124564,6.7970090427177,11.11024640192359,6.300131298649524
W8X31_x_1X4.267199999999999,90.0,0.0,6.967188980259902,0.0,7.643734618471378,0.0,7.643734618471378,8.73704495828689,139.34583880458646,139.34583880458646
W8X31_x_1X4.419599999999999,0.0,2.6466803231194342,0.0,2.6168244881826688,0.0,2.6168244881826688,0.0,1.0000000000000004,1.0,1.0
W8X31_x_1X4.419599999999999,1.0,2.6172986032349326,0.04568511705599894,2.597444488753966,0.045338562198641415,2.596544744763159,0.04532285710886309,1.006325163828662,1.0062768781233529,1.0062746900344026
W8X31_x_1X4.419599999999999,2.0,2.5885447505154944,0.09039397455182523,2.5783378789412144,0.0900375427423479,2.576564832508158,0.08997562659656097,1.0125940434436669,1.0125437536686839,1.012535018293985
W8X31_x_1X4.419599999999999,3.0,2.5603818773958698,0.13418392831086143,2.559487511580109,0.13413705658459074,2.556866239019176,0.13399968151077668,1.018811158705021,1.018804462759946,1.0187848383086797
W8X31_x_1X4.419599999999999,4.0,2.5327753034347658,0.17710890233845042,2.5408770047275624,0.17767542848117426,2.537431307877013,0.17743448188549157,1.0249808924496127,1.025062826425457,1.0250279778483573
W8X31_x_1X4.419599999999999,5.0,2.50569237018648,0.21921967667472,2.5224906795446875,0.22068933830996454,2.518243169470674,0.2203177293302762,1.0311075035498476,1.0313226599388239,1.0312682483295965
W8X31_x_1X4.419599999999999,6.0,2.47910227322779,0.26056414857300697,2.504313502801856,0.2632139555774966,2.499285677113416,0.262685509803464,1.0371951392663012,1.037587782129751,1.0375094541371643
W8X31_x_1X4.419599999999999,7.0,2.452975909447336,0.3011875699468942,2.486331033535849,0.3052830642119642,2.480543347907108,0.3045724257733952,1.0432478469736213,1.0438620247130534,1.0437554019087514
W8X31_x_1X4.419599999999999,8.0,2.4276758509949903,0.3411875904856744,2.4685293734369482,0.3469291786302001,2.4620013078721104,0.3460117188467258,1.0492778987961549,1.050149241684392,1.0500099098311613
W8X31_x_1X4.419599999999999,9.0,2.411289580854992,0.3819107507241036,2.4510811773185726,0.38821312045960754,2.443824195116049,0.38706372739501577,1.0554898293068469,1.0564578492583052,1.0562811730052448
W8X31_x_1X4.419599999999999,10.0,2.3950340030147603,0.4223091144457013,2.4338324431665996,0.42915032625387317,2.425869149950318,0.42774618280455,1.0617261577936876,1.0627896281005433,1.0625711775092264
W8X31_x_1X4.419599999999999,11.0,2.3788977694234643,0.4624108838275619,2.416720500735049,0.4697628780323406,2.408067569505044,0.4680809185849048,1.0679908532479017,1.0691475000598765,1.068882663643085
W8X31_x_1X4.419599999999999,12.0,2.362869842526612,0.5022434894012433,2.399733422004678,0.5100790851059507,2.390406781927554,0.5080966465592232,1.0742879555964313,1.0755355274280458,1.0752196097305071
W8X31_x_1X4.419599999999999,13.0,2.346939463639289,0.541833668651602,2.3828596035633427,0.5501264863808454,2.3728744853660397,0.5478212402044591,1.0806215863943707,1.081957848068096,1.0815860574226515
W8X31_x_1X4.419599999999999,14.0,2.3310961228741713,0.5812075407516989,2.366087733418034,0.5899319291248666,2.3554587118841015,0.587281816413634,1.08699595995949,1.0884186864341006,1.087986122230661
W8X31_x_1X4.419599999999999,15.0,2.315329530439455,0.6203906778931827,2.349406759430165,0.6295216438815338,2.3381477932596426,0.6265048129885329,1.0934153950146017,1.0949223650613702,1.0944240044549836
W8X31_x_1X4.419599999999999,16.0,2.299629589134999,0.6594081736388843,2.332805859180445,0.668921315991104,2.320930328452487,0.6655160623514252,1.0998843269083702,1.1014733165955661,1.100904000574695
W8X31_x_1X4.419599999999999,17.0,2.28320817292737,0.6980467906210678,2.316274411083404,0.7081561541457864,2.3037951525413116,0.7043408619276137,1.1063671629523344,1.1080760964342742,1.1074305151644146
W8X31_x_1X4.419599999999999,18.0,2.266078033241672,0.7362933862009456,2.299997001121215,0.7473143269409006,2.2869022955941958,0.7430595991988023,1.112860766539014,1.1147462561135657,1.114017581957149
W8X31_x_1X4.419599999999999,19.0,2.2490119676398734,0.7743969230773315,2.2837821030951124,0.7863692408323923,2.2701042749789004,0.7816595869221508,1.119407165666017,1.1214801812548971,1.1206637758773497
W8X31_x_1X4.419599999999999,20.0,2.231999272968333,0.8123812982642774,2.267602258646802,0.825339725302246,2.253352526295318,0.8201532468800459,1.1260110472862084,1.1282820268232936,1.1273719799752329
W8X31_x_1X4.419599999999999,21.0,2.2150293777940986,0.850270114682029,2.251447523827875,0.8642497311670636,2.2366366897845964,0.8585643846489708,1.1326772517601416,1.1351570361540753,1.1341472139826947
W8X31_x_1X4.419599999999999,22.0,2.1980918158687186,0.8880867404045847,2.235308016102943,0.903123061325144,2.219946493758376,0.8969166034291863,1.139410787984961,1.1421106562096168,1.1409946810398208
W8X31_x_1X4.419599999999999,23.0,2.181176200143256,0.9258543666765725,2.219173890109309,0.9419834291413026,2.203271729235391,0.9352333623270106,1.1462168495245717,1.1491485562353334,1.1479197848868954
W8X31_x_1X4.419599999999999,24.0,2.1642721971964867,0.9635960650076089,2.2030353136096896,0.9808545163667208,2.186602224904515,0.9735380338869575,1.1531008318568199,1.156276647812972,1.1549281482891467
W8X31_x_1X4.419599999999999,25.0,2.147369501941969,1.0013348436440253,2.1868824435130074,1.0197600308948314,2.1699278222834315,1.0118539611743629,1.1600683508653786,1.1635011064694287,1.1620256328343626
W8X31_x_1X4.419599999999999,26.0,2.129599676663648,1.0386751629081827,2.170705401838898,1.0587237646527843,2.1532383509438326,1.0502045147051224,1.1670465643707493,1.1708283950171852,1.1692183602588526
W8X31_x_1X4.419599999999999,27.0,2.1111323914977373,1.075675680720133,2.154652728404155,1.0978503999445244,2.136633968977611,1.0886693834483827,1.1740454662478048,1.1782807674499172,1.1765234825651094
W8X31_x_1X4.419599999999999,28.0,2.0926597515738217,1.112686927170168,2.1385965044624418,1.13711193194095,2.1200779687455764,1.1272654518397327,1.181131779668924,1.1858558185547448,1.1839468253332093
W8X31_x_1X4.419599999999999,29.0,2.074170489770679,1.1497314767361106,2.1224836637154847,1.176511906358128,2.103473538674934,1.165974421978902,1.1883115548751535,1.193557164262902,1.191487563780334
W8X31_x_1X4.419599999999999,30.0,2.0556532983934317,1.1868319851879898,2.106304032572477,1.2160752002009139,2.0868103002900154,1.204820488620124,1.195591118296975,1.2013928044310482,1.1991532132178142
W8X31_x_1X4.419599999999999,31.0,2.037096801448394,1.2240112451373453,2.090047271137408,1.2558270971324863,2.070077729499821,1.243828185982429,1.2029770968988758,1.2093711871202302,1.2069516949735186
W8X31_x_1X4.419599999999999,32.0,2.0184895265624156,1.261292242298822,2.0737028461872384,1.2957933535495474,2.053265129551772,1.2830224508010373,1.210476444566246,1.2175012484032597,1.214891372215272
W8X31_x_1X4.419599999999999,33.0,1.9998198763986945,1.2986982127606193,2.0572600031098722,1.3360002672010856,2.0363616030644316,1.322428687525897,1.2180964707681907,1.2257924560295208,1.2229810891562527
W8X31_x_1X4.419599999999999,34.0,1.9810760994165222,1.336252701569418,2.0407077366389537,1.376474748749206,2.0193560229804755,1.3620728360373817,1.2258448717584733,1.2342548574161862,1.2312302140473292
W8X31_x_1X4.419599999999999,35.0,1.9621869265036753,1.373938077314415,2.0240347602111486,1.4172443966983286,2.0022370022711193,1.4019814422726493,1.2337210252575617,1.2428991324992997,1.2396486864158534
W8X31_x_1X4.419599999999999,36.0,1.9431227174121264,1.4117612913332525,2.0074911897147873,1.4585277239238708,1.9851343889716715,1.4422845573938554,1.241729453796193,1.2517778403658744,1.2482692166810847
W8X31_x_1X4.419599999999999,37.0,1.9239498064537373,1.4498001688477007,1.9908411940386996,1.500206444879345,1.968043507567136,1.4830271559057246,1.2498901625183267,1.26087250229168,1.257107711376482
W8X31_x_1X4.419599999999999,38.0,1.9046554740720392,1.488079945339822,1.974032258069167,1.5422830294900391,1.9508005044220422,1.5241323942869955,1.258212656493572,1.2701903737743199,1.266153908147523
W8X31_x_1X4.419599999999999,39.0,1.8852266900799917,1.526626472579849,1.9570517013281474,1.5847892198726574,1.9333926876838305,1.5656305283823468,1.266707022817658,1.279745669446798,1.27542092970694
W8X31_x_1X4.419599999999999,40.0,1.8656500769442785,1.565466291469808,1.9398863716224013,1.6277579389541885,1.91580691878239,1.6075528789571845,1.275383983680415,1.28955363497851,1.2849228235520223
W8X31_x_1X4.419599999999999,41.0,1.8459118711245461,1.6046267087461035,1.9225226011546346,1.6712234003356787,1.8980295698960226,1.649931933093649,1.2842549549248294,1.2996306498288996,1.2946746524414654
W8X31_x_1X4.419599999999999,42.0,1.8259978822207343,1.64413587803084,1.9049461594469077,1.7152212261356337,1.8800464784488646,1.6928014526632693,1.293332110795364,1.3099943421778089,1.3046925953372583
W8X31_x_1X4.419599999999999,43.0,1.8058934496598045,1.6840228857649517,1.8871422027146187,1.7597885737184398,1.8618428983009676,1.7361965906839205,1.302628455675446,1.3206637177700236,1.3149940602721606
W8X31_x_1X4.419599999999999,44.0,1.7855833966282104,1.7243178426057502,1.869095219289373,1.8049642723133137,1.8434034472558047,1.7801540164555945,1.3121579037329119,1.3316593046995722,1.3255978108396773
W8X31_x_1X4.419599999999999,45.0,1.7650519809279883,1.765051980927988,1.850788970643453,1.8507889706434526,1.8247120504684546,1.8247120504684544,1.321935367531348,1.3430033165021904,1.3365241082838688
W8X31_x_1X4.419599999999999,46.0,1.7442828424018804,1.8062577591319258,1.8322064275165557,1.8973052968153175,1.8057518792903888,1.869910810189487,1.3319768568287962,1.3547198363341406,1.3477948715000712
W8X31_x_1X4.419599999999999,47.0,1.7232589465359403,1.8479689735352396,1.8133297005859992,1.9445580318668516,1.7865052850327494,1.9157923679628475,1.3422995889778409,1.366835025506857,1.3594338576561362
W8X31_x_1X4.419599999999999,48.0,1.7019625238059504,1.8902208787091668,1.7941399650535776,1.9925942985437142,1.7669537270682993,1.9624009224061394,1.3529221125686215,1.3793773602382462,1.3714668666214964
W8X31_x_1X4.419599999999999,49.0,1.6803750042859988,1.9330503172144815,1.7746173784443038,2.0414637670676967,1.7470776946215951,2.009782984853197,1.3638644462259464,1.3923779011960333,1.3839219729659626
W8X31_x_1X4.419599999999999,50.0,1.6584769469828378,1.976495859801474,1.7547409908228255,2.091218879885426,1.7268566215160361,2.0579875825868363,1.3751482347922943,1.4058706012754552,1.3968297899840956
W8X31_x_1X4.419599999999999,51.0,1.6362479632972022,2.0205979572619843,1.7341854116253335,2.141540633720692,1.7062687930535818,2.1070664808263624,1.386796925510981,1.419788050629103,1.410223771042388
W8X31_x_1X4.419599999999999,52.0,1.6143293410023647,2.066247331619744,1.7115761191636072,2.190717531584963,1.684430649424747,2.1559729147407585,1.3990659391012472,1.4336601408790879,1.423831029041087
W8X31_x_1X4.419599999999999,53.0,1.5923952282940101,2.1131798416806165,1.688555575217046,2.2407889321100534,1.6611730392339785,2.204451079530889,1.4119103265266817,1.4480684183614185,1.4375831663462928
W8X31_x_1X4.419599999999999,54.0,1.5700510190860988,2.1609898368874476,1.6650980352644993,2.291810831550129,1.6374912649467372,2.253813372002161,1.4252418884456897,1.4630538964052757,1.4518642728893862
W8X31_x_1X4.419599999999999,55.0,1.5472710957778126,2.2097321313247704,1.6411762247527661,2.3438425540932113,1.6133587799988778,2.304115125815287,1.4390974853505731,1.478661675599713,1.4667146954538968
W8X31_x_1X4.419599999999999,56.0,1.5240282898893518,2.259464857499173,1.6167612010610222,2.3969470520988505,1.5887474573177194,2.3554149690431117,1.4535175995341365,1.494941474431764,1.4821787869818954
W8X31_x_1X4.419599999999999,57.0,1.5002937412646742,2.3102497676037723,1.591822201499784,2.451191236711715,1.5636274466502895,2.4077751215556367,1.4685467990644774,1.5119482444647658,1.4983054248872767
W8X31_x_1X4.419599999999999,58.0,1.47603674283132,2.3621525656862468,1.566326475597742,2.5066463426502414,1.537967017437932,2.4612617225322024,1.4842342746460717,1.5297428862175977,1.5151486116452637
W8X31_x_1X4.419599999999999,59.0,1.4512245690928653,2.415243274624228,1.5402390996803499,2.563388331512041,1.5117323854278568,2.5159451918723876,1.5006344631018198,1.5483930855342696,1.5327681733277705
W8X31_x_1X4.419599999999999,60.0,1.4258222862657528,2.4695966423762994,1.5135227714534503,2.6214983385698325,1.4848875209534966,2.571900629816451,1.5178077742495197,1.5679742948052122,1.5512305752592752
W8X31_x_1X4.419599999999999,61.0,1.3997925416644483,2.525292592635429,1.4861375819658158,2.681063168769932,1.4573939365141004,2.6292082597144466,1.5358214417629565,1.5885708891972556,1.5706098783803644
W8X31_x_1X4.419599999999999,62.0,1.373095329578761,2.5824167257822195,1.458040761927003,2.742175848509845,1.4292104509318646,2.6879539196171227,1.554750523430252,1.6102775354436227,1.5909888654948314
W8X31_x_1X4.419599999999999,63.0,1.345687730464673,2.64106087693935,1.4291863988901254,2.8049362407868346,1.4002929269524476,2.74822960922143,1.5746790823536292,1.6332008202439243,1.6124603737002399
W8X31_x_1X4.419599999999999,64.0,1.3175236197730076,2.7013237389920572,1.399772474474787,2.8699588817526127,1.3705939786703056,2.8101340997131796,1.595701588482356,1.6576547840147413,1.6351288784444509
W8X31_x_1X4.419599999999999,65.0,1.2896524392604738,2.765668581046119,1.3699131493739645,2.9377882293295112,1.340342002507362,2.8743727002266777,1.6187819176123353,1.6839635036207292,1.6593415304648405
W8X31_x_1X4.419599999999999,66.0,1.261229140137121,2.832767029067568,1.3391257808039543,3.0077257485688786,1.309546260085183,2.941289057280056,1.6435779491785776,1.7119860035147039,1.685344216809976
W8X31_x_1X4.419599999999999,67.0,1.2318638193608449,2.902089293213931,1.3073467551528584,3.0799159460788683,1.2777917527155014,3.0102887236648943,1.6700130483528193,1.741914242826691,1.7130307976183148
W8X31_x_1X4.419599999999999,68.0,1.2014900415757928,2.9737922064148443,1.274507043941106,3.1545156290450973,1.2450127146554073,3.0815146023797335,1.6982731104760298,1.7739697088210074,1.7425889434874906
W8X31_x_1X4.419599999999999,69.0,1.1700354548574539,3.0480465687531906,1.2405315941195414,3.231695290247986,1.211137775511094,3.155121774821526,1.7285730117971223,1.8084093345019931,1.774235038732543
W8X31_x_1X4.419599999999999,70.0,1.137421097916801,3.1250387829376947,1.2053386350002988,3.3116406824595774,1.1760893285364689,3.2312788734154965,1.7611624981882634,1.8455328983840755,1.8082199039955462
W8X31_x_1X4.419599999999999,71.0,1.103560608431886,3.2049727231824323,1.1688388881612735,3.3945546132484843,1.1397828124611902,3.31016964213773,1.7963335702024303,1.8856923584261915,1.8448359439222066
W8X31_x_1X4.419599999999999,72.0,1.0683593155991076,3.288071877407193,1.1309346640489482,3.4806589971642734,1.1021258926648998,3.391994715749341,1.834429827713463,1.9293037368393446,1.8844261518818308
W8X31_x_1X4.419599999999999,73.0,1.031713196611832,3.3745818106624537,1.0917674986243249,3.571010581651253,1.063017524794986,3.47697365447021,1.8758584088608705,1.9773052577308587,1.9273955601305917
W8X31_x_1X4.419599999999999,74.0,0.9948139597549344,3.469328572183927,1.052370653576014,3.6700526175552888,1.0224960139220123,3.5658673677213804,1.9234492256256526,2.0327650297291435,1.974508332891757
W8X31_x_1X4.419599999999999,75.0,0.95654846701713,3.569887478810052,1.011152635034272,3.7736730081550536,0.9816612826060357,3.6636097825089555,1.976693823979466,2.0942432335728323,2.029062214731868
W8X31_x_1X4.419599999999999,76.0,0.9163872047623498,3.6754283285970417,0.9679572397927092,3.882264441838582,0.9389376914741537,3.7658733907426987,2.0358649754531313,2.1628200221598757,2.089485728993271
W8X31_x_1X4.419599999999999,77.0,0.8741593352031302,3.7864000707126357,0.922610375020918,3.996264580767365,0.8941631592196513,3.873046151833623,2.1020533064841063,2.239850112112441,2.156823487124834
W8X31_x_1X4.419599999999999,78.0,0.8296733161204655,3.903306064051175,0.8749174000410728,4.116162743539833,0.8471570320554593,3.985560480464515,2.1766341910449536,2.327055971662178,2.2323832510523065
W8X31_x_1X4.419599999999999,79.0,0.7827136459862023,4.026712630813079,0.8246599803930785,4.242507813941207,0.7977173226038522,4.103899855610728,2.261367197613322,2.426661726291057,2.3178243942560117
W8X31_x_1X4.419599999999999,80.0,0.7342041355074658,4.1638785655916255,0.7731778682826258,4.38490958772203,0.745617441926202,4.22860664278593,2.3636917368567794,2.549731521236242,2.4152846194258797
W8X31_x_1X4.419599999999999,81.0,0.6832388061020929,4.313800046911855,0.7188402305557589,4.538578594480778,0.691815462877888,4.36795092662088,2.486745358697122,2.697442064922571,2.534420604612146
W8X31_x_1X4.419599999999999,82.0,0.6287795916588063,4.473999268542175,0.6608887390665377,4.702467723818719,0.6351803580969031,4.519543088255863,2.6333207615722456,2.8751937366181406,2.6782176371039794
W8X31_x_1X4.419599999999999,83.0,0.5704176450738552,4.645678910110931,0.5989114172627676,4.877742061857223,0.5747805602601427,4.681212002823929,2.8109953322636256,3.0933373913877324,2.850822519751286
W8X31_x_1X4.419599999999999,84.0,0.5083974384252015,4.8370785167705534,0.5334457980126477,5.075397738865937,0.510187088556234,4.854105900362743,3.0398164811408606,3.382994250956465,3.061999671561832
W8X31_x_1X4.419599999999999,85.0,0.4422219656735124,5.054620197078181,0.4638428915714047,5.301748510925218,0.4414884171048172,5.046235698571379,3.3500076324014585,3.7897167154976685,3.3368785317363683
W8X31_x_1X4.419599999999999,86.0,0.37004504642900843,5.291890708930724,0.38798481128614437,5.548441298876515,0.36845997754499804,5.269223167826594,3.769968917127626,4.361777937224342,3.7253341279286203
W8X31_x_1X4.419599999999999,87.0,0.2916697072505983,5.565389551718325,0.30597196689315004,5.838292922901231,0.2888825550523968,5.512207519654939,4.407510567616609,5.303399140013397,4.267129999529996
W8X31_x_1X4.419599999999999,88.0,0.20555269111289498,5.886258925693757,0.2159964019630161,6.185327674811358,0.20224700568784668,5.791596480588432,5.500020606128625,7.155188221078814,5.1250655904108
W8X31_x_1X4.419599999999999,89.0,0.10927989843665771,6.260641188449377,0.1151768094352398,6.5984749932981455,0.10704317549299021,6.132499416828027,7.742389937425655,12.259157501609975,6.7938551768245095
W8X31_x_1X4.419599999999999,90.0,0.0,6.788414893853232,0.0,7.11342441112343,0.0,7.11342441112343,18.252422843985663,112.28101711338725,112.28101711338725
W8X31_x_1X4.571999999999999,0.0,2.558496383262721,0.0,2.5295970052432457,0.0,2.5295970052432457,0.0,1.0,1.0,1.0
W8X31_x_1X4.571999999999999,1.0,2.5294124950790406,0.04415105933184949,2.5104858909717853,0.04382069422828668,2.5096163996445013,0.043805517200714426,1.0065430434307545,1.0064937627055988,1.0064914988582234
W8X31_x_1X4.571999999999999,2.0,2.5009652666404505,0.08733563158321855,2.4916499921967494,0.08701033503161772,2.489937069085758,0.08695051843850168,1.0130272156006233,1.0129780563166142,1.0129690172721988
W8X31_x_1X4.571999999999999,3.0,2.4731172385189333,0.12961058237738465,2.4730721702279674,0.12960822044833903,2.470540523012467,0.12947554243984655,1.0194572084788707,1.0194568469241305,1.01943653751694
W8X31_x_1X4.571999999999999,4.0,2.4458332286124316,0.1710293202223704,2.4547360633014375,0.1716518670694327,2.4514091384616643,0.17141922582181168,1.0258375703421023,1.0259340871432254,1.0258980173638095
W8X31_x_1X4.571999999999999,5.0,2.41908013986762,0.2116420883991234,2.4366260236543065,0.21317715432200177,2.4325260900394756,0.2128184566094952,1.0321727193843282,1.032413725770145,1.0323573997946935
W8X31_x_1X4.571999999999999,6.0,2.3928267860387806,0.25149622946983247,2.4187270593381336,0.254218457888133,2.4138752853101453,0.25370851588923937,1.0384669565844065,1.0388997174193657,1.0388186226390197
W8X31_x_1X4.571999999999999,7.0,2.367043733475977,0.29063642545281976,2.401024780288287,0.2948087733646903,2.3954413050442587,0.29412320880854004,1.0447244779138458,1.0453960321905895,1.0452856281837428
W8X31_x_1X4.571999999999999,8.0,2.3432429590592,0.3293213213766817,2.383522644611161,0.33498226200570413,2.3772218131975023,0.3340967378995094,1.0509846165059604,1.0519070618722672,1.0517626584496307
W8X31_x_1X4.571999999999999,9.0,2.3271102113619597,0.3685780484000773,2.3663867672839163,0.3747988437276517,2.359389889330435,0.37369064712897043,1.0574153441490408,1.0584416986244185,1.0582587123791154
W8X31_x_1X4.571999999999999,10.0,2.311110467060796,0.40751113074056045,2.349402539238359,0.4142630562127007,2.3417268253513663,0.41290962075822524,1.0638721518890752,1.0650000394116204,1.0647737585902803
W8X31_x_1X4.571999999999999,11.0,2.295232455377777,0.446147994219257,2.3325577400508757,0.45340329459266715,2.324219619369369,0.45178252811696834,1.0703591597393665,1.0715862342222187,1.0713118704947742
W8X31_x_1X4.571999999999999,12.0,2.27946522371976,0.48451529040026,2.315840517766665,0.4922470978326061,2.306855686345672,0.490337312958575,1.076880563340143,1.07820450247427,1.0778771786144057
W8X31_x_1X4.571999999999999,13.0,2.26379810595111,0.5226389737944087,2.2992393536870006,0.5308212305504266,2.2896228196858166,0.5286010787406759,1.083440645108777,1.0848591440807493,1.084473881200872
W8X31_x_1X4.571999999999999,14.0,2.248220692272463,0.5605443751550063,2.2827430290498265,0.5691517604371861,2.2725091550131604,0.5666001690622754,1.0900437858609686,1.0915545509485958,1.0911062552167923
W8X31_x_1X4.571999999999999,15.0,2.232722800518158,0.598256271321395,2.266340593390728,0.607264131772917,2.2555031358854993,0.6043602437863844,1.0966944769719194,1.0982952189786932,1.0977786677403925
W8X31_x_1X4.571999999999999,16.0,2.217294448698687,0.6357989520329683,2.2500213343877613,0.6451832354945664,2.2385934812359327,0.6419063513341502,1.1033973331516413,1.1050857606386184,1.1044955878601543
W8X31_x_1X4.571999999999999,17.0,2.2008983747079887,0.6728821599207314,2.233874125220011,0.6829638585963828,2.221849249834009,0.6792874852501649,1.1100999775515807,1.111936461869751,1.111266061803033
W8X31_x_1X4.571999999999999,18.0,2.1842365623468374,0.7097014803385417,2.217880894635352,0.720633186565685,2.205287357725793,0.7165412983785333,1.1168368730896623,1.1188530100572172,1.1180974811592916
W8X31_x_1X4.571999999999999,19.0,2.1676393357495307,0.7463780789514313,2.2019364815243194,0.758187533298712,2.18878580257458,0.7536593914028095,1.1236303417453941,1.1258355789005936,1.1249889833598923
W8X31_x_1X4.571999999999999,20.0,2.1510962620146694,0.7829350104146314,2.186030988281347,0.7956502109179396,2.172334251639607,0.7906650064737631,1.1304852938327734,1.1328894371819398,1.1319456223607305
W8X31_x_1X4.571999999999999,21.0,2.134597042032868,0.8193950337293998,2.1701546129072558,0.8330443063612999,2.155922495501495,0.827581108346827,1.137406804629552,1.1400200496767163,1.138972628319095
W8X31_x_1X4.571999999999999,22.0,2.118131484562542,0.8557806695304215,2.1542976247019197,0.8703927386339596,2.13954042248364,0.8644304419178218,1.1444001304350642,1.1472330953951373,1.1460754244479692
W8X31_x_1X4.571999999999999,23.0,2.1016894808716127,0.8921142561226374,2.138450340328727,0.9077183151844033,2.1231779935854163,0.901235588607447,1.151470725711373,1.1545344871484644,1.1532596450385633
W8X31_x_1X4.571999999999999,24.0,2.085260979810049,0.9284180045660182,2.122603100125259,0.9450437877005923,2.1068252177943045,0.9380190218934287,1.1586242614323243,1.161930392590611,1.1605311547846453
W8X31_x_1X4.571999999999999,25.0,2.0688359631820195,0.9647140530982485,2.1067462445368053,0.9823919076167956,2.090472127647456,0.9748031622815825,1.165866644778171,1.169427256902064,1.1678960695564966
W8X31_x_1X4.571999999999999,26.0,2.051090539556864,1.0003836982410188,2.090988791052422,1.0198433757221992,2.074187076280498,1.0116486318841433,1.1730737378750336,1.1770436784618379,1.1753685760152015
W8X31_x_1X4.571999999999999,27.0,2.0332377723131296,1.0359863898668986,2.07526347515549,1.0573995549979716,2.0579791551087796,1.0485927540569657,1.180357654088324,1.184782735350709,1.1829587368906136
W8X31_x_1X4.571999999999999,28.0,2.01538099305947,1.0715970824009975,2.059497018493727,1.0950539892118096,2.0417384545012682,1.0856115932442554,1.1877352167101822,1.1926459653153754,1.1906642562188763
W8X31_x_1X4.571999999999999,29.0,1.9975093122748258,1.1072374921551316,2.043679611248265,1.1328301067843893,2.0254549454013158,1.1227280095457235,1.1952128293176179,1.2006412925438954,1.198492590837405
W8X31_x_1X4.571999999999999,30.0,1.9796118040688768,1.1429294079701267,2.0278013177613703,1.170751636672605,2.0091184934704733,1.1599651030390332,1.2027971940855104,1.2087770736381864,1.2064515894570742
W8X31_x_1X4.571999999999999,31.0,1.9616774794080605,1.1786947446095517,2.0118520512012528,1.2088426688766518,1.9927188335906787,1.1973462718991734,1.2104953380438719,1.2170621358272375,1.2145495271197857
W8X31_x_1X4.571999999999999,32.0,1.9436952590130183,1.2145555968086972,1.995821547423694,1.2471277168653148,1.976245543676383,1.234895272090758,1.218314641570734,1.2255058188137964,1.2227951428458537
W8X31_x_1X4.571999999999999,33.0,1.9256539457847723,1.2505342942633786,1.9796993378837955,1.2856317822698209,1.9596880176525067,1.2726362789617152,1.2262628693772846,1.2341180206913693,1.231197680849325
W8X31_x_1X4.571999999999999,34.0,1.9075421966127024,1.2866534578515785,1.9634747214423303,1.324380422217663,1.9430354374464665,1.3105939510842917,1.2343482042737322,1.2429092484275162,1.2397669357493837
W8X31_x_1X4.571999999999999,35.0,1.889189263116637,1.3228245631391158,1.9473871942809753,1.3635751932485953,1.9264246467495227,1.348897059446993,1.2425538205936377,1.2519313366356244,1.2485371839470931
W8X31_x_1X4.571999999999999,36.0,1.8707281761577517,1.3591635783165108,1.9311919662039787,1.4030930931894818,1.9098079572351159,1.3875567012543553,1.250909243113351,1.2611627301879067,1.2575170707656087
W8X31_x_1X4.571999999999999,37.0,1.8521639382064206,1.3957056370897896,1.9148581647364478,1.4429491254095537,1.8930595826589223,1.4265227155985363,1.2594265839181324,1.2706134261037236,1.2667011082555435
W8X31_x_1X4.571999999999999,38.0,1.8334842712812784,1.4324749075782057,1.8983739187930864,1.4831722564882688,1.8761676203503772,1.4658227946970614,1.2681159424741126,1.2802973052221267,1.2761021329681839
W8X31_x_1X4.571999999999999,39.0,1.8146766025973222,1.4694961381958727,1.8817269524263485,1.5237924409075574,1.8591197860547322,1.5054855185440397,1.2769880445517547,1.2902292336629113,1.285733866451082
W8X31_x_1X4.571999999999999,40.0,1.7957280292961726,1.5067947270771223,1.8649045457141378,1.564840716489566,1.841903375904512,1.5455404433856628,1.2860542996132929,1.3004251596572785,1.2956110006974437
W8X31_x_1X4.571999999999999,41.0,1.7766252813324726,1.5443967951313409,1.8478934929796824,1.6063493063441405,1.8245052259124575,1.5860181959620976,1.2953268641955806,1.3109022216459774,1.3057492933017119
W8X31_x_1X4.571999999999999,42.0,1.7573546822807007,1.5823292631912884,1.8306800580376712,1.6483517280725235,1.8069116686983364,1.6269505741849408,1.3048187120562478,1.3216788692260786,1.3161656736542064
W8X31_x_1X4.571999999999999,43.0,1.7379021078060206,1.6206199337595553,1.8132499261283643,1.6908829110527002,1.7891084871325156,1.6683706549879995,1.314543711963939,1.3327749987849098,1.3268783617196087
W8X31_x_1X4.571999999999999,44.0,1.718252941519172,1.6592975779043,1.7955881521645143,1.7339793227218476,1.771080864545602,1.7103129101672958,1.3245167141454437,1.3442121059653196,1.3379070011948517
W8X31_x_1X4.571999999999999,45.0,1.6983920279084601,1.69839202790846,1.7776791048738918,1.7776791048738916,1.752813331115208,1.7528133311152079,1.334753646557304,1.3560134574705696,1.3492728091395783
W8X31_x_1X4.571999999999999,46.0,1.6783036220111838,1.7379342763370906,1.7595064063722679,1.822022221107192,1.7342897059972788,1.7959095634551168,1.345271622331608,1.3682042851523732,1.3609987445266511
W8X31_x_1X4.571999999999999,47.0,1.6579713354518373,1.777956582256387,1.7410528666469471,1.8670506166909626,1.715493034719679,1.83964105269867,1.3560890599603759,1.3808120058478233,1.3731096985836069
W8X31_x_1X4.571999999999999,48.0,1.637378078434564,1.8184925854164025,1.722300412368358,1.912808392271778,1.6964055212989277,1.8840492021799302,1.367225818037042,1.3938664710598232,1.385632710303619
W8X31_x_1X4.571999999999999,49.0,1.6165059972319167,1.8595774292988896,1.7032300093755413,1.9593419930163662,1.6770084544760333,1.9291775446717612,1.378703346675071,1.4074002513359212,1.3985972111155804
W8X31_x_1X4.571999999999999,50.0,1.5953364066601936,1.9012478940336233,1.6833772425234623,2.006170876468671,1.6572821273930198,1.9750719292628063,1.3905448580828257,1.4212903110689807,1.4120353034412816
W8X31_x_1X4.571999999999999,51.0,1.5740341287654709,1.943770269901607,1.6622890835233606,2.052756062582255,1.6363657097393656,2.020743362008604,1.4028419611630136,1.4353853224317052,1.4256693148783735
W8X31_x_1X4.571999999999999,52.0,1.5531431852875333,1.9879326236064827,1.6408282854722782,2.1001644338559586,1.6146580476567585,2.0666680569514817,1.4158478432772443,1.4500219641492853,1.439649453090513
W8X31_x_1X4.571999999999999,53.0,1.5318824572966456,2.032876682286662,1.618971449948178,2.1484476790050158,1.5925658530220246,2.1134062683423687,1.429336178844694,1.4652415257133684,1.4541641469956157
W8X31_x_1X4.571999999999999,54.0,1.5102287302987516,2.0786515201593376,1.5966938148269176,2.197660499255917,1.5700649876272816,2.161009062934987,1.4433430180696416,1.4810893934126832,1.4692540300658765
W8X31_x_1X4.571999999999999,55.0,1.4881574352550386,2.125309074877941,1.5739691319826379,2.2478608785146204,1.5471299040994315,2.2095304887107217,1.45790789533771,1.497615580011658,1.4849637525079504
W8X31_x_1X4.571999999999999,56.0,1.465642527063221,2.1729044044163093,1.550769532792199,2.2991103804764528,1.5237335194625765,2.259027842369764,1.4730742687146847,1.51487533844892,1.5013424987697266
W8X31_x_1X4.571999999999999,57.0,1.4426563509104469,2.2214959695915937,1.5270653799334901,2.3514744760137862,1.4998470760763625,2.309561963529736,1.488890027367181,1.5329298755456633,1.5184445868327847
W8X31_x_1X4.571999999999999,58.0,1.4191694949951554,2.271145945402498,1.5028251037544813,2.405022904647996,1.4754399883857445,2.361197558941634,1.5054080794934266,1.5518471852878692,1.5363301647967553
W8X31_x_1X4.571999999999999,59.0,1.3951506279031576,2.3219205648076677,1.4780150212422307,2.45983007445931,1.45047967369685,2.414003560500142,1.5226870360902063,1.5717030257449562,1.5550660237141924
W8X31_x_1X4.571999999999999,60.0,1.3705663186765795,2.373890499090472,1.4525991353322703,2.515975505426111,1.424931364936708,2.4680535213688466,1.5407920093086243,1.5925820693842647,1.57472654997664
W8X31_x_1X4.571999999999999,61.0,1.34538083732668,2.4271312795643856,1.4265389119612157,2.57354432193097,1.3987579030550568,2.523426055174639,1.5597955484645223,1.614579263801267,1.595394846046268
W8X31_x_1X4.571999999999999,62.0,1.3195559332053226,2.481723766084027,1.3997930318697553,2.6326278010448307,1.37191950637619,2.580205323966576,1.5797787422318141,1.6378014492014386,1.6171640553229056
W8X31_x_1X4.571999999999999,63.0,1.2930505882556678,2.5377546686601877,1.3723005984198728,2.693291571169847,1.3443735137981832,2.6384815815031875,1.6008325225092614,1.6623559729977848,1.6401389359033898
W8X31_x_1X4.571999999999999,64.0,1.266157030536918,2.5960066237524773,1.344021346032347,2.7556521289346976,1.3160562182072733,2.698315119924693,1.6233292217478164,1.6883830426353084,1.6644226389626031
W8X31_x_1X4.571999999999999,65.0,1.2394417394613007,2.6579913878431647,1.314913218574505,2.8198404971025237,1.286930013929473,2.759830321083218,1.6479782339851126,1.7160450012121444,1.6901562623852278
W8X31_x_1X4.571999999999999,66.0,1.2118828544743618,2.7219334568134284,1.2849206897196643,2.885979120660736,1.256948362699624,2.823152245522051,1.6742089428915456,1.745519442792745,1.7174969989051294
W8X31_x_1X4.571999999999999,67.0,1.183422161479975,2.7879678988908587,1.2539836944297527,2.954200453226743,1.2260539150979135,2.8884020165108946,1.7021962700610804,1.7770103933818089,1.7466185818054962
W8X31_x_1X4.571999999999999,68.0,1.1539964359475228,2.856241407502975,1.2220371348030754,3.0246480467376107,1.1941846273928147,2.9557106718117945,1.7321416784379793,1.8107534311913898,1.7777204669631006
W8X31_x_1X4.571999999999999,69.0,1.1235368733965423,2.9269136226655954,1.1890103208459084,3.0974777846437433,1.1612732498662406,3.0252202443479748,1.7642784168441523,1.8470220447534527,1.8110327890248674
W8X31_x_1X4.571999999999999,70.0,1.0919684411947703,3.000158634939693,1.1548263358944122,3.1728592812614154,1.127246747668167,3.0970849853719495,1.7988780589009816,1.8861355926922487,1.8468225090757042
W8X31_x_1X4.571999999999999,71.0,1.0592091386430715,3.0761667021808465,1.1194013145201094,3.250977474113916,1.0920256435357747,3.1714727526575364,1.8362587250727895,1.9284693565302227,1.8854011019536205
W8X31_x_1X4.571999999999999,72.0,1.0251691497989914,3.1551462151563068,1.0828976660835805,3.3328163193509392,1.0555232697441321,3.248566590396909,1.876795515957642,1.9749218178104029,1.9271342526972712
W8X31_x_1X4.571999999999999,73.0,0.9899812640526079,3.2380828097767114,1.0461606905163117,3.421837433930455,1.0178251091701236,3.329155923488005,1.9213501048615698,2.028078981670933,1.9727960584166515
W8X31_x_1X4.571999999999999,74.0,0.9546569468774225,3.3292844254533867,1.0078299226660432,3.5147206292406254,0.9798121739846135,3.4170111278051025,1.9728706073560855,2.0867028019584035,2.0251232976501576
W8X31_x_1X4.571999999999999,75.0,0.9176680384192366,3.4247837438626596,0.9677744037196071,3.6117832449462486,0.9401484236034601,3.5086816835439003,2.029887607880786,2.151724120359026,2.0827877852285184
W8X31_x_1X4.571999999999999,76.0,0.8788698333287133,3.52495437057463,0.9258489149419612,3.713377175384069,0.8986981235891123,3.604481299095652,2.093371212079564,2.2242974671603943,2.146691090040552
W8X31_x_1X4.571999999999999,77.0,0.8381007939806572,3.630213369345613,0.8818919615300054,3.8198937550923504,0.855310747832047,3.7047578692504524,2.164533746878438,2.3058725755353096,2.217949595888872
W8X31_x_1X4.571999999999999,78.0,0.7951800105085609,3.7410278198939664,0.8357234052322844,3.9317694954516655,0.8098188855987111,3.8098983124119807,2.24491041917818,2.39829520581878,2.297962559668593
W8X31_x_1X4.571999999999999,79.0,0.7499041872882827,3.8579225983068834,0.7881357065459111,4.054606714240363,0.7620357836694136,3.920334251189562,2.336474504919053,2.508754627134839,2.388507794557669
W8X31_x_1X4.571999999999999,80.0,0.7035555113688361,3.9900615807179185,0.7385518761539763,4.188535828076595,0.7124800367152573,4.040675079063795,2.449467955991669,2.6414692724248647,2.495715041083071
W8X31_x_1X4.571999999999999,81.0,0.6544022853670963,4.131733420443314,0.6859166134129526,4.330707056876804,0.6609109437902482,4.17282747242099,2.58349585617887,2.7987241556429128,2.6251770483547916
W8X31_x_1X4.571999999999999,82.0,0.6019317123006522,4.282966680646943,0.6299040893783733,4.482000485568873,0.6061683957942854,4.313112250100864,2.7438611685747216,2.988147109441388,2.778249608605359
W8X31_x_1X4.571999999999999,83.0,0.5457608197833518,4.444865183131027,0.5701408723517112,4.643424777179978,0.5479135477705671,4.462397745624106,2.939305820444795,3.220892056524324,2.9621636458920575
W8X31_x_1X4.571999999999999,84.0,0.48633890339605407,4.627205575177009,0.5080437240748563,4.8337131495286805,0.4857580525272125,4.621679148317299,3.1958736125461185,3.5467864658396486,3.1874379145552703
W8X31_x_1X4.571999999999999,85.0,0.4226531200991397,4.8309472686584405,0.4409135354096586,5.039664770727816,0.4205686839001679,4.8071220538824235,3.5415758381664846,3.983370598330866,3.4973201234148417
W8X31_x_1X4.571999999999999,86.0,0.3533225345885643,5.052747648126619,0.3680411195894118,5.2632332199947855,0.3503416469796593,5.0101189692829005,4.0147781866156205,4.5983779508833,3.914223848719886
W8X31_x_1X4.571999999999999,87.0,0.2783035099379038,5.310347313799656,0.290054775218132,5.5345748128654435,0.27411647728044725,5.230453971346746,4.753117221750019,5.660133463768235,4.496548168852595
W8X31_x_1X4.571999999999999,88.0,0.19587570001633942,5.609146157636274,0.20401510085531294,5.842228101632294,0.19181999386376158,5.493005929009977,6.043948456836606,7.670879501915631,5.466664942771994
W8X31_x_1X4.571999999999999,89.0,0.10399159217324803,5.957674325526932,0.1084341015800181,6.212185518985076,0.10116151455928563,5.795539287610956,8.851998371025795,13.406601896158234,7.278272123522926
W8X31_x_1X4.571999999999999,90.0,0.0,6.4506326279810144,0.0,6.63580060201733,0.0,6.635800602017333,25.91069640154345,94.21193645084722,94.21193645091944
W8X31_x_1X4.724399999999999,0.0,2.4760015465103455,0.0,2.447997101848303,0.0,2.447997101848303,0.0,0.9999999999999998,1.0,1.0
W8X31_x_1X4.724399999999999,1.0,2.447367644154383,0.04271896113193367,2.429128789416192,0.04240060073826221,2.4282876049790154,0.04238591780929469,1.0067613830443323,1.0067106521152105,1.0067083125060257
W8X31_x_1X4.724399999999999,2.0,2.419371588678598,0.08448631756312881,2.410537874629611,0.08417783747106815,2.4088812189776485,0.08411998578091875,1.0134621993222466,1.0134123784783535,1.0134030357367252
W8X31_x_1X4.724399999999999,3.0,2.3919757969552835,0.1253581396172091,2.392207199705783,0.12537026692148276,2.389759445341087,0.12524198555099866,1.0201072906848219,1.0201092754700742,1.0200882810127232
W8X31_x_1X4.724399999999999,4.0,2.3651449971251095,0.165387049433102,2.3741203968676676,0.16601467052301772,2.37090466628761,0.16578980473548505,1.0267013512935834,1.026805427637457,1.0267681364288244
W8X31_x_1X4.724399999999999,5.0,2.3388460324659905,0.20462251357335942,2.356261824476963,0.20614619794064482,2.352300073735917,0.2057995896630879,1.0332489416440822,1.0335049176695135,1.033446676877544
W8X31_x_1X4.724399999999999,6.0,2.3130476838229836,0.2431111079412589,2.33861650803331,0.24579849965652784,2.3339296038331936,0.24530588617481108,1.0397545018270207,1.0402118363627018,1.0401279740037028
W8X31_x_1X4.724399999999999,7.0,2.287720508520904,0.2808967581073088,2.3211700855439825,0.28500384973447535,2.3157778764647787,0.2843417697103887,1.0462223641122481,1.046930292628222,1.0468161061418404
W8X31_x_1X4.724399999999999,8.0,2.2641987748705614,0.3182123857524408,2.303978063617832,0.32380300019684966,2.297894916311812,0.322948069596844,1.0526901508672035,1.0536661256095459,1.053516758608793
W8X31_x_1X4.724399999999999,9.0,2.2483093151204887,0.3560972125518,2.287082515464571,0.3622382841878886,2.280329321553922,0.3611686833499475,1.0593398664343543,1.0604257860914241,1.0602364877318746
W8X31_x_1X4.724399999999999,10.0,2.2325550527611053,0.3936596917187934,2.2703413219397643,0.4003224304753037,2.2629350557761643,0.3990165059243528,1.0660174227234371,1.0672107710975272,1.0669766570042531
W8X31_x_1X4.724399999999999,11.0,2.21692478838838,0.4309265257020044,2.2537423117389377,0.438083127272571,2.2456991758387264,0.43651970002985124,1.072727092294259,1.0740253837670224,1.073741488519474
W8X31_x_1X4.724399999999999,12.0,2.2014076482349663,0.46792364054291397,2.2372736913556386,0.4755472033493528,2.2286091646510355,0.47370550134452427,1.079473228244676,1.0808740011809364,1.0805352654970861
W8X31_x_1X4.724399999999999,13.0,2.1859930523251023,0.5046762618033449,2.220924009609459,0.5127407087258686,2.211652892487834,0.5106003026862858,1.0862602758289899,1.0877610858826516,1.0873623433298303
W8X31_x_1X4.724399999999999,14.0,2.1706706842860455,0.5412089865432802,2.204682124131719,0.549688990913823,2.1948185805535063,0.5472297332925105,1.093092784577646,1.0946911978598781,1.0942271610164576
W8X31_x_1X4.724399999999999,15.0,2.155430462626028,0.5775458518020855,2.18853716959178,0.5864167671976124,2.178094766551865,0.5836187337360269,1.0999754209905772,1.1016690070583572,1.1011342530453765
W8X31_x_1X4.724399999999999,16.0,2.140262513302984,0.6137104000021798,2.172490822704149,0.6229517190137712,2.161470272038737,0.619791626961943,1.1069129818820747,1.1086999893659342,1.1080882617985623
W8X31_x_1X4.724399999999999,17.0,2.124258847815588,0.6494511051372486,2.1566832438184793,0.6593642378230978,2.1451036663949035,0.6558240057263849,1.1138567108980963,1.1157982699949618,1.115104104847733
W8X31_x_1X4.724399999999999,18.0,2.1079430570227236,0.6849122177640872,2.1409380928832413,0.6956329547930804,2.128814342868984,0.6916937096212444,1.1208337113859888,1.122960451949571,1.1221780514820265
W8X31_x_1X4.724399999999999,19.0,2.0916941139657443,0.7202280419938658,2.1252454601240047,0.731780696939195,2.1125889204622688,0.7274227008449635,1.127870498828956,1.130191828562951,1.1293150221402137
W8X31_x_1X4.724399999999999,20.0,2.075501764883841,0.755420863584688,2.109595565595752,0.7678299922168275,2.096417191800799,0.7630334564194308,1.1349721911538706,1.1374978811700789,1.136520273140323
W8X31_x_1X4.724399999999999,21.0,2.059355896093124,0.7905126638482811,2.0939787345276812,0.8038031263141494,2.0802890822178273,0.798548161140257,1.142144081042434,1.1448842969432564,1.143799245951133
W8X31_x_1X4.724399999999999,22.0,2.043246508408082,0.8255251752429795,2.078385373220155,0.839722198173133,2.064194624369796,0.8339887634733478,1.149391652809759,1.1523569879806346,1.1511575848211428
W8X31_x_1X4.724399999999999,23.0,2.0271636921649527,0.8604799356585021,2.06280594536518,0.8756091745349648,2.0481239334156087,0.8693770302110833,1.1567206004352677,1.159922111790617,1.158601155638611
W8X31_x_1X4.724399999999999,24.0,2.0110976027132716,0.8953983416831788,2.0472309486656184,0.9114859437973406,2.0320671826268324,0.9047346001795658,1.1641368468780426,1.1675860933304623,1.1661360661632334
W8X31_x_1X4.724399999999999,25.0,1.9950384362460851,0.9303017011351223,2.0317277317829503,0.9474102006162746,2.016057637465298,0.9401031156319423,1.1716465648227776,1.1753634581440455,1.1737730518998595
W8X31_x_1X4.724399999999999,26.0,1.9779349527798233,0.9647033345341982,2.01629605916717,0.9834132962527491,2.0001587487920434,0.9755426040909978,1.1791447593073248,1.1832636479837992,1.181527423505913
W8X31_x_1X4.724399999999999,27.0,1.9605993024678077,0.9989752408683732,2.000838025369054,1.0194778942417124,1.984242038987905,1.011021816821054,1.1867117328900663,1.1912856563871081,1.1893948861822463
W8X31_x_1X4.724399999999999,28.0,1.9432618723869628,1.0332506657362932,1.9853441162442127,1.0556261917006713,1.9682977598017048,1.0465624832047262,1.1943782702001624,1.1994373288768019,1.1973828354716025
W8X31_x_1X4.724399999999999,29.0,1.9259120927036233,1.0675505052879628,1.9698047295853447,1.0918805912036305,1.9523160955049192,1.0821864830353054,1.2021511170856658,1.2077269274573685,1.2054990444619194
W8X31_x_1X4.724399999999999,30.0,1.9085393634502046,1.1018957152469726,1.954210151112318,1.128263756797796,1.9362871385875695,1.1179159006919435,1.2100373392995734,1.216163167277015,1.2137516969126225
W8X31_x_1X4.724399999999999,31.0,1.8911330285750005,1.13630736221304,1.9385505298727757,1.1647986713955611,1.9202008649738223,1.1537730803854278,1.2180443505915168,1.224755256707973,1.2221494233855013
W8X31_x_1X4.724399999999999,32.0,1.8736823497003077,1.1708066755411772,1.9228158529191872,1.2015086958545933,1.9040471086243422,1.1897806827709214,1.2261799432195097,1.2335129412516945,1.2307013407329312
W8X31_x_1X4.724399999999999,33.0,1.8561764794509839,1.205415100070092,1.9069959191216515,1.2384176300742662,1.8878155353868669,1.2259617432364551,1.234452321160477,1.242446551729747,1.2394170953421577
W8X31_x_1X4.724399999999999,34.0,1.8386044342116998,1.2401543499800427,1.8913061965527491,1.275702137531686,1.871634097579819,1.2624331392302774,1.2428701363331849,1.2516047592593178,1.2483299025772936
W8X31_x_1X4.724399999999999,35.0,1.820834980018023,1.2749623788445459,1.8755235452143413,1.313255724448881,1.8554474873402642,1.299198317387918,1.2514217263361629,1.2609679428882754,1.257446507933888
W8X31_x_1X4.724399999999999,36.0,1.8029375105492764,1.3099107767501632,1.8596212727054617,1.3510939406039726,1.8391482133866548,1.336219392330483,1.2601282158623612,1.2705462849535563,1.2667634746870653
W8X31_x_1X4.724399999999999,37.0,1.7849421279354707,1.3450503697048737,1.8435882098262077,1.389243362236299,1.8227250558679833,1.3735218480731606,1.269006570193706,1.2803533337822772,1.2762933533649323
W8X31_x_1X4.724399999999999,38.0,1.7668369670538995,1.3804043267399342,1.8274128420739226,1.4277313872061457,1.8061664714981502,1.4111319032598595,1.2780675054219908,1.290403578426641,1.2860495406092582
W8X31_x_1X4.724399999999999,39.0,1.7486098828828547,1.4159963634455268,1.8110832745434626,1.4665863185118253,1.7894605593053736,1.4490765889576986,1.2873224104108927,1.3007125398760762,1.2960463598421004
W8X31_x_1X4.724399999999999,40.0,1.7302484165843655,1.4518508082010138,1.7945871946007759,1.5058374531049805,1.7725950243201538,1.4873838311337226,1.2967834087545524,1.3112968726908367,1.3062991509300828
W8X31_x_1X4.724399999999999,41.0,1.7117397598381534,1.4879926718200394,1.7779118320691614,1.545515176624272,1.7555571389557043,1.526082538372792,1.3064634272703743,1.322174478495537,1.316824370062343
W8X31_x_1X4.724399999999999,42.0,1.6930707172014867,1.5244477210504632,1.7610439166413592,1.585651064729988,1.7383337018109088,1.5652026954497777,1.3163762718691114,1.3333646330012168,1.3276397012481622
W8X31_x_1X4.724399999999999,43.0,1.6742276662500788,1.5612425564072487,1.74396963220076,1.6262779917931582,1.7209109935986815,1.6047754634309235,1.3265367117702884,1.344888128496895,1.3387641810645303
W8X31_x_1X4.724399999999999,44.0,1.6551965152328096,1.5984046948601103,1.7266745677010042,1.667430247773717,1.7032747298716318,1.6448332870495859,1.3369605731773906,1.3567674340751577,1.3502183385492341
W8X31_x_1X4.724399999999999,45.0,1.6359626579475377,1.6359626579475375,1.7091436642144757,1.7091436642144755,1.6854100101816774,1.6854100101816771,1.3476648436991017,1.3690268762420044,1.3620243524501294
W8X31_x_1X4.724399999999999,46.0,1.6165109255161698,1.6739460659456435,1.6913611577160053,1.7514557503828359,1.6673012632700348,1.7265410003374322,1.358667789005244,1.3816928430223738,1.3742062284165673
W8X31_x_1X4.724399999999999,47.0,1.5968255347040048,1.7123857387850077,1.6733105171176514,1.7944058407121903,1.648932187838198,1.7682632831902256,1.3699890834451036,1.3947940152264309,1.3867899991675834
W8X31_x_1X4.724399999999999,48.0,1.5768900323906105,1.7513138044824235,1.654974377012808,1.8380352548320718,1.6302856883982022,1.8106156882819695,1.3816499566389862,1.4083616292087864,1.3998039512096991
W8X31_x_1X4.724399999999999,49.0,1.556687235756476,1.7907638159384536,1.6359706985124356,1.8819690067079928,1.6113438056407154,1.8536390071803495,1.3936733583904288,1.422295717653343,1.4132788823253593
W8X31_x_1X4.724399999999999,50.0,1.536199167700636,1.8307708770474682,1.6162450927942908,1.9261658958503585,1.5914828653149549,1.8966554222912246,1.4060841446679277,1.436596825224277,1.4270159340052733
W8X31_x_1X4.724399999999999,51.0,1.515406986948522,1.87137177917608,1.5961815224370164,1.971120023371261,1.5711648877117823,1.9402270522829934,1.4189092878854426,1.4514437280790458,1.4412077353336508
W8X31_x_1X4.724399999999999,52.0,1.4951344209366126,1.9136847910816617,1.5757586781744757,2.0168791344850465,1.5504979925484954,1.9845469312946133,1.4325289068927656,1.4668778692521571,1.4559384370888508
W8X31_x_1X4.724399999999999,53.0,1.4745564833971487,1.9568025454789884,1.5549540345434256,2.0634936993986166,1.529460187464085,2.0296622216487954,1.4466816367370408,1.4829447827737534,1.4712488407709534
W8X31_x_1X4.724399999999999,54.0,1.4536013601802,2.000710631724334,1.5337437414218833,2.111017156328894,1.5080282229430726,2.075622781619117,1.4613866901175727,1.4996946200456105,1.4871837604016982
W8X31_x_1X4.724399999999999,55.0,1.432245455088279,2.0454584918497782,1.5121025049160879,2.1595061783856693,1.4861774801573384,2.122481405951721,1.4766865535835947,1.5171827592881502,1.5037925369752512
W8X31_x_1X4.724399999999999,56.0,1.410463762311089,2.091098521504051,1.4900034562904065,2.2090209672452357,1.4638818477809254,2.1702940900343086,1.4926279785307723,1.5354705137859932,1.5211296337945612
W8X31_x_1X4.724399999999999,57.0,1.3882297390386862,2.1376863368711345,1.4674180074528704,2.2596255769472817,1.441113586425138,2.219120320613249,1.5092625387083978,1.5546259581560564,1.5392553279488006
W8X31_x_1X4.724399999999999,58.0,1.3655151651369133,2.185281068697795,1.4443156912980823,2.3113882716201166,1.4178431791528499,2.269023396363642,1.5266472771917987,1.574724896258434,1.558236516565698
W8X31_x_1X4.724399999999999,59.0,1.3422899882625419,2.233945686829866,1.420663984963718,2.3643819214894406,1.3940391663121519,2.3200707820863364,1.5448454600485777,1.5958519999306853,1.5781476607165819
W8X31_x_1X4.724399999999999,60.0,1.3185221525630468,2.283747359144279,1.3964281137703356,2.418684442167793,1.3696679626747916,2.372334500852091,1.5639274578252473,1.6181021548041008,1.5990718952153105
W8X31_x_1X4.724399999999999,61.0,1.2941774088349525,2.334757849331683,1.371570833279039,2.474379282972806,1.3446936545676256,2.425891569050452,1.5839717808999805,1.641582058530061,1.6211023393730013
W8X31_x_1X4.724399999999999,62.0,1.2692191036980114,2.3870539586480004,1.34550790377518,2.5305323239626465,1.319077774337527,2.4808244800467234,1.6050663009935502,1.6659609360812506,1.644343652502096
W8X31_x_1X4.724399999999999,63.0,1.2436079449714712,2.440718017530681,1.31866763716455,2.5880309579688,1.2921969725497768,2.5360793535081423,1.6273096991142766,1.691692058559897,1.6684088501060574
W8X31_x_1X4.724399999999999,64.0,1.2173017400027553,2.49583843388881,1.2910858114389987,2.6471181990019015,1.26458925231691,2.59279220204525,1.650813190488171,1.7189822418624439,1.6938587148691147
W8X31_x_1X4.724399999999999,65.0,1.1914674233952065,2.5551101350327126,1.262713738135491,2.7078983500540548,1.2362169214667602,2.651075743336489,1.676862554145937,1.7479958533733801,1.7208418225451911
W8X31_x_1X4.724399999999999,66.0,1.1648766356234492,2.6163557606720893,1.2334989060125614,2.7704839034748336,1.2070297397904628,2.711033182765417,1.704664431152572,1.7789209459916115,1.7495190622536856
W8X31_x_1X4.724399999999999,67.0,1.137420443272903,2.6795946422207706,1.2033845778510028,2.834996404726103,1.1769735159988592,2.772775842177814,1.734363169907844,1.8119736967052518,1.7800743898962592
W8X31_x_1X4.724399999999999,68.0,1.1090383246268753,2.744966177218814,1.172309336057664,2.9015674258135116,1.145989690466692,2.83642401702472,1.766179843712321,1.8474038817725553,1.8127191283375128
W8X31_x_1X4.724399999999999,69.0,1.0796644370893724,2.8126220186003117,1.1402065692725236,2.970339665103886,1.1140148649172912,2.9021079425023766,1.8003710114834457,1.8855016824171773,1.847697266441491
W8X31_x_1X4.724399999999999,70.0,1.049227001158639,2.882727493565449,1.1070038907940538,3.0414681932050724,1.0809802709526481,2.9699688853183392,1.8372361488317497,1.9266062142017086,1.8852920385770506
W8X31_x_1X4.724399999999999,71.0,1.017647597559094,2.955463222471788,1.0728510578072417,3.115785712209804,1.046811167894079,3.0401603806705157,1.8771270277806493,1.971526901818161,1.9258341607516765
W8X31_x_1X4.724399999999999,72.0,0.9848403628632608,3.0310269715299603,1.0384929826198386,3.1961527560811036,1.011604141837473,3.1133974134714903,1.9204596685610758,2.022539773283263,1.9700505345097508
W8X31_x_1X4.724399999999999,73.0,0.9507110660362044,3.109635779766368,1.0027342737717084,3.279796025009986,0.9761098937829915,3.1927116020083743,1.967729725778111,2.0785334072183432,2.020301102192771
W8X31_x_1X4.724399999999999,74.0,0.9164222061581293,3.195944038412411,0.9654643260836256,3.3669742357971653,0.9391667067380469,3.2752635382527635,2.0224038480279414,2.1403143522408845,2.075419352270499
W8X31_x_1X4.724399999999999,75.0,0.8807888642135255,3.2871487919857625,0.9265610588051167,3.4579729477755103,0.9006600636602533,3.3613091179282852,2.0836051955933166,2.2088728746586397,2.1361875495777625
W8X31_x_1X4.724399999999999,76.0,0.8434234730471202,3.3827867845939736,0.8858893674396224,3.5531081841489685,0.8604635535488686,3.4511308145763024,2.1519184951419312,2.2854384520145965,2.203564708365273
W8X31_x_1X4.724399999999999,77.0,0.8041720945150584,3.4832520261645348,0.8432993187639408,3.652730654026275,0.8184372651976689,3.5450412688188075,2.2287096902931314,2.3715566743611896,2.27873952545403
W8X31_x_1X4.724399999999999,78.0,0.7628624249498523,3.58898553380882,0.7991273244601859,3.759598471962346,0.774425914226061,3.6433874736283025,2.3157180657982113,2.471503993192368,2.3632035480311573
W8X31_x_1X4.724399999999999,79.0,0.7193009529975419,3.7004826064347736,0.7536523983076151,3.877205472359095,0.7285744895856675,3.7481908163314626,2.415193187941455,2.591767113639502,2.460432941469487
W8X31_x_1X4.724399999999999,80.0,0.6742132929451401,3.82365359082436,0.705578427421567,4.001534107750384,0.6813731492507636,3.8642591537215183,2.5355782119198276,2.732398926858762,2.5779550350045506
W8X31_x_1X4.724399999999999,81.0,0.6269403067028647,3.958345311056047,0.6546441003722726,4.1332601802985165,0.6314730303003717,3.98696380153541,2.6818399977254224,2.899164390822889,2.7151293984848843
W8X31_x_1X4.724399999999999,82.0,0.576505099868007,4.1020469324009,0.6005523454170822,4.273151975287529,0.5786027085004286,4.116972193353446,2.857825252640105,3.1002300640495015,2.8774436127152008
W8X31_x_1X4.724399999999999,83.0,0.52254539010881,4.255790681387277,0.5438503658647005,4.429305784582849,0.5224536025936592,4.255043132066126,3.073766749284634,3.3605598562165677,3.0726374686694404
W8X31_x_1X4.724399999999999,84.0,0.4650712549051796,4.424857416350533,0.4838620645050359,4.60364002727347,0.46323724111293696,4.407407940717065,3.35253754815477,3.708478955000906,3.321436575803615
W8X31_x_1X4.724399999999999,85.0,0.404032368301489,4.618111101694556,0.419205506501724,4.791540864920268,0.40063966841318305,4.579332364523646,3.7406389223033716,4.174702540918666,3.655689948726717
W8X31_x_1X4.724399999999999,86.0,0.33763068836177945,4.828343792285724,0.34953412460363836,4.998570861288599,0.33317498835173964,4.764624313502118,4.280149276565973,4.846651398416758,4.100823841698536
W8X31_x_1X4.724399999999999,87.0,0.2654584379476016,5.0652487393889905,0.275000744797046,5.247326800699484,0.26021704226577524,4.965236951949593,5.111810835693502,6.010237724327277,4.724172168938822
W8X31_x_1X4.724399999999999,88.0,0.18678821523083172,5.348914641613834,0.19281885979099553,5.521609706697922,0.18194189351232037,5.210134145392049,6.664156381502609,8.177637571881561,5.801874128152723
W8X31_x_1X4.724399999999999,89.0,0.09896984685468542,5.6699787289070365,0.10218412415598585,5.854124552169158,0.09565543319575767,5.480096097558602,10.16189698168679,14.545925704744967,7.7541779464611595
W8X31_x_1X4.724399999999999,90.0,0.0,6.24543013502627,0.0,6.20415755811839,0.0,6.20415755811839,177.43432335354848,81.31277585894117,81.31277585894117
W8X31_x_1X4.876799999999999,0.0,2.398662476232589,0.0,2.3714971924155432,0.0,2.3714971924155432,0.0,1.0,1.0,1.0
W8X31_x_1X4.876799999999999,1.0,2.3702494104699983,0.04137285735582328,2.3528487728956327,0.041069128097170345,2.352034131483922,0.041054908478435716,1.0069791409936284,1.0069275461059863,1.0069251307317777
W8X31_x_1X4.876799999999999,2.0,2.342484876257883,0.08180137440170672,2.334480248865188,0.08152184665365912,2.3328763642825776,0.0814658377698584,1.013894865270953,1.013846719156592,1.0138370726916628
W8X31_x_1X4.876799999999999,3.0,2.3153305649107887,0.12134133321312372,2.316374418376384,0.12139603925515248,2.3140053572947243,0.12127188202487685,1.0207521935666635,1.0207617461250724,1.0207400665281636
W8X31_x_1X4.876799999999999,4.0,2.288750561609332,0.1600450301072596,2.2985148838527993,0.1607278180325344,2.295403472270426,0.1605102469399349,1.0275559914569732,1.0276768438154205,1.0276383309623531
W8X31_x_1X4.876799999999999,5.0,2.262711140742872,0.1979615736488128,2.280885987152714,0.19955166667099883,2.277053894067265,0.19921640196844598,1.0343109839770854,1.034596229158124,1.0345360731225774
W8X31_x_1X4.876799999999999,6.0,2.2371805808612377,0.23513715410264233,2.2634727496380025,0.23790057239540022,2.2589405641903717,0.23742422050984477,1.041021769434493,1.0415241295062048,1.0414374988185566
W8X31_x_1X4.876799999999999,7.0,2.212128997019766,0.2716152875596547,2.246260816737926,0.2758061480565661,2.2410481194476986,0.2751661093086658,1.0476928325075647,1.0484647929850266,1.048346822808278
W8X31_x_1X4.876799999999999,8.0,2.1900540247809386,0.307792020686045,2.2293451425073814,0.3133140271677092,2.2234663326521957,0.31248781432360473,1.0543947402561278,1.0554253539268548,1.0552710219904953
W8X31_x_1X4.876799999999999,9.0,2.1744190372286583,0.34439414224247805,2.212670941409802,0.3504526486775562,2.2061465093367087,0.349419280155224,1.061264291837732,1.0624101052505095,1.0622144927448267
W8X31_x_1X4.876799999999999,10.0,2.158920855476018,0.3806759960346226,2.196153916817136,0.3872411893234349,2.189000616702535,0.3859798695121258,1.0681636678709558,1.0694218132009206,1.0691798629266476
W8X31_x_1X4.876799999999999,11.0,2.143548368059926,0.41666359443514034,2.1797819301723282,0.42370668543970985,2.172015752818571,0.4221970934848681,1.075097297535183,1.076464934538488,1.0761715037491895
W8X31_x_1X4.876799999999999,12.0,2.128290795071842,0.45238217363442845,2.1635432304985724,0.4598753100992287,2.15517945150821,0.4580975339944693,1.0820696960715936,1.0835440045162446,1.0831938516036352
W8X31_x_1X4.876799999999999,13.0,2.1131376562656454,0.48785626830136153,2.1474264186049092,0.49577245283856175,2.1384796433214635,0.4937069270124656,1.0890854768966778,1.0906636488587638,1.090251419536616
W8X31_x_1X4.876799999999999,14.0,2.0980787408641635,0.5231097822673971,2.1314204133174197,0.531422794871619,2.121904618826287,0.5290502408356788,1.0961493642512254,1.0978285962304866,1.0973488091379329
W8X31_x_1X4.876799999999999,15.0,2.0831040788722444,0.5581660556837955,2.115514419514383,0.5668503802852742,2.105442993971187,0.5641517499443447,1.1032662064608258,1.1050436912669073,1.1044907229065786
W8X31_x_1X4.876799999999999,16.0,2.0682039137189943,0.5930479290672293,2.099792664305267,0.6021058575397289,2.0891641651593122,0.5990581844520849,1.11044098988977,1.1123195535649013,1.1116867663837149
W8X31_x_1X4.876799999999999,17.0,2.0522460777281943,0.6274345918647037,2.084213141112782,0.6372079039375059,2.073051762963896,0.6337955281900293,1.117606859965352,1.1196606243788454,1.118942681136404
W8X31_x_1X4.876799999999999,18.0,2.036325696417676,0.6616423267112926,2.068699615994245,0.67216125082598,2.057017059558149,0.6683653581375399,1.124828815756936,1.1270685821005786,1.1262592938622127
W8X31_x_1X4.876799999999999,19.0,2.0204729931303778,0.6957046434408093,2.0532422741711915,0.7069880117708108,2.0410497908317113,0.7027898030824536,1.132114434236473,1.134548924327191,1.133641887099919
W8X31_x_1X4.876799999999999,20.0,2.004677935715589,0.7296430978906898,2.0378314400927344,0.7417099866455851,2.025139860715322,0.73709062952638,1.1394690624910206,1.1421073457849522,1.1410959203067295
W8X31_x_1X4.876799999999999,21.0,1.9889306348932554,0.7634789389156763,2.022457552888083,0.7763487169394724,2.009277315192102,0.7712892977147673,1.1468982343668181,1.1497497569541995,1.1486270471069215
W8X31_x_1X4.876799999999999,22.0,1.9732213191556733,0.7972331623159361,2.0071111424227333,0.8109255397047468,1.9934523170613345,0.8054070160446393,1.154407688319337,1.1574823040117315,1.1562411337014726
W8X31_x_1X4.876799999999999,23.0,1.9575403102892246,0.8309265634329113,1.991782805829695,0.8454616404340106,1.977655121316971,0.839464794147005,1.1620033865022108,1.1653113902407755,1.163944278572296
W8X31_x_1X4.876799999999999,24.0,1.9418779993845965,0.8645797886955744,1.9764980450255043,0.8799936261015973,1.9618827530670793,0.8734864788775473,1.1696915352366395,1.173247290527694,1.1717435223103605
W8X31_x_1X4.876799999999999,25.0,1.9259834401976752,0.8981008276438857,1.9613257800847639,0.9145812313903521,1.9462570242026918,0.9075545551236736,1.177452371956238,1.1813062219937192,1.1796599603318219
W8X31_x_1X4.876799999999999,26.0,1.9091561204867593,0.9311576566213647,1.9461413538739014,0.9491965602399881,1.9306278590887334,0.9416301232707152,1.1852083256190589,1.1894844009496008,1.187687006768888
W8X31_x_1X4.876799999999999,27.0,1.8923388261596896,0.9641947909947757,1.9309354850470346,0.9838607709633331,1.9149857267793668,0.9757339632126724,1.193063500216256,1.197789592645945,1.1958319943516549
W8X31_x_1X4.876799999999999,28.0,1.8755213065320928,0.9972323679651731,1.9156988398411356,1.0185951413664847,1.8993210646808223,1.0098869238441148,1.201024694495227,1.2062299628230075,1.2041026189160504
W8X31_x_1X4.876799999999999,29.0,1.8586933103701888,1.0302905258129065,1.9004220090654766,1.0534211212050497,1.883624255119126,1.0441099741485114,1.209099023078628,1.2148141128717274,1.2125069712401444
W8X31_x_1X4.876799999999999,30.0,1.8418445608804521,1.0633894530297772,1.8850954846972736,1.088360385538119,1.8678856016212217,1.0784242549114382,1.2172939442516426,1.2235511182069065,1.2210535717070892
W8X31_x_1X4.876799999999999,31.0,1.8249647305666437,1.0965494377117384,1.869709635958909,1.1234348892640647,1.8520953047846116,1.11285113133092,1.225617290109181,1.2324505702308788,1.2297514081236476
W8X31_x_1X4.876799999999999,32.0,1.8080434158232577,1.1297909174694059,1.8542546847474202,1.1586669231329547,1.8362434376069499,1.1474122468052101,1.234077299333727,1.2415226223155933,1.2386099770653924
W8X31_x_1X4.876799999999999,33.0,1.7910701111320648,1.163134530118272,1.8389136661455217,1.1942044980295738,1.8204385266294287,1.1822066021424396,1.2426826529080772,1.2508110433841975,1.2476595095367369
W8X31_x_1X4.876799999999999,34.0,1.7739825331670234,1.19656632735086,1.8235051132356297,1.2299697293831457,1.8046417800047778,1.2172462504628994,1.251433329420994,1.260301775872293,1.2569088251279672
W8X31_x_1X4.876799999999999,35.0,1.7566617068521606,1.2300277692222181,1.807994658183711,1.265971488703122,1.7887501588812191,1.2524963452224456,1.2603172956540787,1.2700033178699917,1.266354504281042
W8X31_x_1X4.876799999999999,36.0,1.739259662899829,1.2636461123409932,1.7923717381293593,1.3022342937458673,1.7727530315969127,1.2879804691055883,1.2693721348069067,1.2799288886883373,1.2760088137212828
W8X31_x_1X4.876799999999999,37.0,1.7217651464900572,1.2974430994634134,1.7766254983239187,1.3387833397778839,1.7566394953285227,1.3237228062753368,1.2786085076440572,1.2900926051255228,1.2858848284260607
W8X31_x_1X4.876799999999999,38.0,1.7041666695008968,1.3314409240528742,1.760744760393168,1.3756445732421962,1.7403983449979301,1.3597482113429618,1.2880377327404797,1.3005095673653808,1.295996507755907
W8X31_x_1X4.876799999999999,39.0,1.6864524793331994,1.3656622905061575,1.744717988750315,1.4128447697181108,1.72401804047519,1.3960822821169518,1.2976718466372186,1.3111959545117298,1.3063587799232104
W8X31_x_1X4.876799999999999,40.0,1.6686105262840407,1.4001304771834655,1.728533254935426,1.4504116166939791,1.7074866718653268,1.4327514366023169,1.30752367025786,1.32216913106729,1.3169876359078239
W8X31_x_1X4.876799999999999,41.0,1.65062842926981,1.434869402626675,1.7121781996362164,1.4883738017218264,1.6907919226473054,1.4697829947641017,1.317606882385295,1.3334477658715054,1.327900234099226
W8X31_x_1X4.876799999999999,42.0,1.632493439683973,1.4699036953811413,1.6956399921209322,1.526761106578845,1.6739210304115264,1.507205265617746,1.327936101115461,1.3450519652544208,1.3391150171454127
W8X31_x_1X4.876799999999999,43.0,1.614192403156135,1.5052587678719025,1.67890528678651,1.565604508124698,1.6568607449171355,1.5450476402645132,1.338526974341663,1.3570034224514071,1.3506518427253076
W8X31_x_1X4.876799999999999,44.0,1.5957117189579693,1.5409608948258113,1.6619601764938063,1.604936286616452,1.639597283161867,1.5833406915535906,1.3493962804835822,1.3693255856653297,1.3625321302416844
W8X31_x_1X4.876799999999999,45.0,1.5770372967775512,1.577037296777551,1.6447901423259328,1.6447901423259323,1.6221162811246077,1.6221162811246075,1.3605620408636836,1.3820438475702794,1.3747790257643915
W8X31_x_1X4.876799999999999,46.0,1.5581545105562054,1.6135162292504588,1.6273799993649813,1.685201321398916,1.6044027418038078,1.6614076746665472,1.372043645356145,1.3951857595386665,1.3874175879502657
W8X31_x_1X4.876799999999999,47.0,1.5390481490507535,1.650427078263432,1.609713838035927,1.726206752003468,1.5864409791326126,1.701249666322734,1.3838619931963514,1.4087812744590766,1.400474998140479
W8X31_x_1X4.876799999999999,48.0,1.5197023627484532,1.6878004628839258,1.5916175922827915,1.7676704168115762,1.5682145573033992,1.7416787132784775,1.3960396511509343,1.4228033217158815,1.4139807984053583
W8X31_x_1X4.876799999999999,49.0,1.5001006067213942,1.72566834562536,1.5731160374077107,1.809662990326534,1.5494579844280925,1.7824475136024203,1.4086010316195077,1.4372942442067766,1.4278689107869598
W8X31_x_1X4.876799999999999,50.0,1.480225578960911,1.7640641515765099,1.5543077219443222,1.8523518116240685,1.5303896056693822,1.8238473106253226,1.4215725936825487,1.4523339136046638,1.4422565335664306
W8X31_x_1X4.876799999999999,51.0,1.4604810308075757,1.8035438721176562,1.5351731991872257,1.8957810184651231,1.5110043826163988,1.8659350156049919,1.435164131820707,1.4679638121284437,1.4571862206695467
W8X31_x_1X4.876799999999999,52.0,1.4408101494597192,1.8441528943798269,1.5156919371250739,1.9399972119057565,1.4912822371299412,1.9087542206526427,1.449420771795068,1.4842294931239688,1.472698830768141
W8X31_x_1X4.876799999999999,53.0,1.4207991233937542,1.8854641192624992,1.4958422221445562,1.9850496748581004,1.4712019688611004,1.952350954334875,1.4642201699616748,1.501181102026558,1.4888392172578133
W8X31_x_1X4.876799999999999,54.0,1.4004265344339113,1.9275217629429369,1.4756010534300006,2.030990611769271,1.4507411556500425,1.9967738979201746,1.4796034803392746,1.5188739790668633,1.5056567376230894
W8X31_x_1X4.876799999999999,55.0,1.3796697343147302,1.9703725810240045,1.4549440269295517,2.0778754119807847,1.4298760442907412,2.0420746225421214,1.4956159119153651,1.537369359105499,1.5232058424255055
W8X31_x_1X4.876799999999999,56.0,1.3585047348059014,2.0140660953629808,1.4338452076039625,2.1257629396826823,1.4085814304918645,2.08830784981908,1.5123072494791545,1.5567351873817994,1.5415467588436067
W8X31_x_1X4.876799999999999,57.0,1.3369060869975038,2.0586548432779073,1.4122769884944364,2.1747158537841536,1.386830526703338,2.1355317388189947,1.529732456499858,1.577047074231142,1.5607462869799016
W8X31_x_1X4.876799999999999,58.0,1.3148467484129778,2.1041946518826395,1.390209934937302,2.2248009614960766,1.3645948162918604,2.1838082026622936,1.5479523755546367,1.5983894172179807,1.5808787312725003
W8X31_x_1X4.876799999999999,59.0,1.2922979364310239,2.1507449406860673,1.367612612010263,2.2760896099724808,1.3418438923321956,2.2332032585258315,1.5670345452507335,1.620856725986184,1.6020269945524381
W8X31_x_1X4.876799999999999,60.0,1.269228966281354,2.1983690560374303,1.3443751501201893,2.3285260644412036,1.3185452790289423,2.283787415358209,1.5870541569100567,1.644494786173674,1.624283868895281
W8X31_x_1X4.876799999999999,61.0,1.2456070716273755,2.247134641519578,1.31947185365693,2.3803902357336093,1.2944456639626212,2.3352417943925943,1.6080951797508611,1.6685686053023094,1.6475724989661709
W8X31_x_1X4.876799999999999,62.0,1.221397205454858,2.2971140489990027,1.2939441005609853,2.4335549146038002,1.2688645832781233,2.386387202711811,1.6302516902563076,1.6939947690823811,1.671398120028663
W8X31_x_1X4.876799999999999,63.0,1.1965618186414495,2.3483847957520574,1.267751946858647,2.4881032892793877,1.2426402211603553,2.4388187526125567,1.6536294503276092,1.7209074056525977,1.6965547692664804
W8X31_x_1X4.876799999999999,64.0,1.1715954195093203,2.402126589396666,1.2408525099630479,2.5441246680105483,1.2157314031108062,2.4926187661266734,1.6788705536231268,1.7494587274146232,1.72317388548496
W8X31_x_1X4.876799999999999,65.0,1.1465513644762666,2.4587873358390313,1.213199673032958,2.601715094779112,1.1880939197358074,2.547875633088767,1.7063375390932365,1.7798221973982402,1.7514045444864812
W8X31_x_1X4.876799999999999,66.0,1.1207313101877656,2.5172037363475743,1.184743753873558,2.660978038853337,1.1596802210220636,2.604684422384924,1.7356202679107517,1.8121963846543958,1.7814165321158384
W8X31_x_1X4.876799999999999,67.0,1.0940821327193013,2.5774959807722637,1.1554311332628664,2.722025168843744,1.130439073885036,2.6631475666316744,1.7669246860354708,1.846809690211818,1.8134040826473
W8X31_x_1X4.876799999999999,68.0,1.0665461958218794,2.639794467839897,1.1252038367293886,2.784977223702487,1.1003151776826579,2.7233756308967627,1.8004888483197974,1.8839261819310973,1.8475904568903574
W8X31_x_1X4.876799999999999,69.0,1.0380608437627266,2.704240952573099,1.093999062782826,2.8499649952408066,1.0692487314952346,2.7854881778559535,1.8365894432443088,1.9238528541942999,1.8842335886526804
W8X31_x_1X4.876799999999999,70.0,1.008557824958415,2.7709898502875117,1.0619318849582122,2.9176338749215707,1.0371749459083992,2.849614743907395,1.8755499757235907,1.9672791007856423,1.923633102224448
W8X31_x_1X4.876799999999999,71.0,0.9779626350837003,2.8402097227705925,1.029708113739589,2.990489504753567,1.0041768054818652,2.916341201590191,1.9177511213265586,2.016296103783614,1.9664310457960117
W8X31_x_1X4.876799999999999,72.0,0.9461937661764093,2.912084977138985,0.9962488143668812,3.0661385749073147,0.9709381272452375,2.9882402898384384,1.9636439552986211,2.0698645897778944,2.01474608003973
W8X31_x_1X4.876799999999999,73.0,0.9134569527008244,2.9877830656140354,0.9614599320838638,3.1447937364240897,0.9364227907069881,3.0629009369921785,2.0144312819340895,2.1286870154438904,2.067513336030217
W8X31_x_1X4.876799999999999,74.0,0.8804730687340012,3.070574497315885,0.9252380966041313,3.2266887020891173,0.9005335124151864,3.1405335783595074,2.0730948208580124,2.193617870150329,2.125414988468822
W8X31_x_1X4.876799999999999,75.0,0.8459661788276229,3.1571887608695874,0.8874694197855242,3.3120809648032488,0.8631633610546081,3.221369518687717,2.1382649716301967,2.2657071831921316,2.1892797215952764
W8X31_x_1X4.876799999999999,76.0,0.8098057560641287,3.2479534862895876,0.8480281029369514,3.401254946362098,0.8241945106966909,3.3056636290271935,2.2111349167031005,2.346259878217042,2.260124316373256
W8X31_x_1X4.876799999999999,77.0,0.7718463381332348,3.3432337922786783,0.8068727348688073,3.494949784701916,0.7834967963920549,3.393697471151112,2.293208195536499,2.4373464884810283,2.3392102554484
W8X31_x_1X4.876799999999999,78.0,0.7319253100751784,3.4434378516690356,0.7649754326660474,3.598926453531992,0.7409260345103331,3.4857829308537833,2.3864066616194317,2.5471331311024428,2.4281220781434962
W8X31_x_1X4.876799999999999,79.0,0.6898602805988849,3.549023477013396,0.7208474979134448,3.7084388902927605,0.6974937577522566,3.588294312558592,2.493226871935649,2.6740580120951094,2.5354524849112723
W8X31_x_1X4.876799999999999,80.0,0.6467418331649939,3.6678552004148584,0.6742767733802719,3.824013606262025,0.6517737292335096,3.6963925011064367,2.625565351113818,2.8225724532602228,2.6594771293162838
W8X31_x_1X4.876799999999999,81.0,0.6011501460090352,3.795512644911668,0.6250237890639917,3.9462448949107114,0.603520683671408,3.810479630668069,2.784429038446957,2.9988148527876293,2.804329562848759
W8X31_x_1X4.876799999999999,82.0,0.5525496249903459,3.9315948717710545,0.5728954794391938,4.076363148492424,0.5524861447545133,3.931143186423042,2.9765334544898123,3.212473449586375,2.975851765556921
W8X31_x_1X4.876799999999999,83.0,0.5005995267728843,4.077055967718513,0.5188480103680269,4.225677939902564,0.49838853800351796,4.059048909232431,3.2136929780714976,3.498715420939358,3.182295280566808
W8X31_x_1X4.876799999999999,84.0,0.44544901608038684,4.238164284763658,0.46094871086896205,4.385634029911377,0.4420214626029619,4.205553291793098,3.5249910174918013,3.8682252016473444,3.4571840707566905
W8X31_x_1X4.876799999999999,85.0,0.38656120412052036,4.418414781315953,0.39873129863089574,4.557519598099093,0.38174444276474634,4.363358947089536,3.9538415571016445,4.363877504784417,3.8121399216448135
W8X31_x_1X4.876799999999999,86.0,0.3226460532879817,4.614053527116723,0.3323633551871593,4.753017418492575,0.31697335152510725,4.532930112431995,4.555991711983763,5.109131145398335,4.285297532989407
W8X31_x_1X4.876799999999999,87.0,0.25344931098643597,4.836100946342708,0.26083882411120907,4.977101256332264,0.24751693192483457,4.722904410584874,5.509255176567556,6.354258125993263,4.978126761230595
W8X31_x_1X4.876799999999999,88.0,0.17808384179123576,5.099653999128482,0.18238724337599133,5.222887296887642,0.17263671090793256,4.94366857948902,7.332392674858647,8.676193984094766,6.131219966446673
W8X31_x_1X4.876799999999999,89.0,0.09419741220188917,5.396566130763033,0.09639913543200167,5.52270277013773,0.09051801228221049,5.185773450540423,11.700608792033561,15.670999670007484,8.22227028923787
W8X31_x_1X4.876799999999999,90.0,0.0,5.942460512426941,0.0,5.812822818568998,0.0,5.812822818568999,-inf,71.65885068574656,71.6588506857076
W8X31_x_1X5.0291999999999994,0.0,2.3260104809803583,0.0,2.299633641130224,0.0,2.299633641130224,0.0,1.0,1.0,1.0
W8X31_x_1X5.0291999999999994,1.0,2.297957448099837,0.04011099645886385,2.2811849054214637,0.039818230637401544,2.280395203092213,0.039804446331970514,1.007197356906946,1.0071444444184205,1.007141953276158
W8X31_x_1X5.0291999999999994,2.0,2.270556530069542,0.07928958120454106,2.263018844448595,0.0790263594224707,2.2614645506932085,0.0789720822885164,1.0143293345447753,1.014281077302184,1.0142711270893443
W8X31_x_1X5.0291999999999994,3.0,2.243769119071864,0.11759095675442206,2.24511818912883,0.1176616585202049,2.242823090641034,0.11754137750522362,1.0214011102322693,1.0214142565027708,1.0213918916819735
W8X31_x_1X5.0291999999999994,4.0,2.2175590488717836,0.15506683458408702,2.2274664903308934,0.15575963037983956,2.2244531407885186,0.15554891645306984,1.0284177013293696,1.0285483313874904,1.0285085966869703
W8X31_x_1X5.0291999999999994,5.0,2.1918923848503495,0.19176573534320734,2.210048052745756,0.19335415046279703,2.2063378567016008,0.1930295503694747,1.0353839803099185,1.0356876534573438,1.0356255817753701
W8X31_x_1X5.0291999999999994,6.0,2.166737234344126,0.22773326003740618,2.192847873913696,0.23047759884166358,2.188461164089694,0.2300165370602794,1.0423046890053176,1.0428365869755396,1.042747187251757
W8X31_x_1X5.0291999999999994,7.0,2.142063574979896,0.26301233548001257,2.1758515878805866,0.26716098180780556,2.1708076964959857,0.26654166981890537,1.049184452111323,1.0499995196618994,1.049877764652569
W8X31_x_1X5.0291999999999994,8.0,2.120432879550338,0.29800740682239996,2.159183460936226,0.30345344587557566,2.153496826841206,0.3026542415732144,1.0561001924316522,1.0571847411837678,1.0570254430195245
W8X31_x_1X5.0291999999999994,9.0,2.1050193404442505,0.3334023101085871,2.1427138589316703,0.33937253532251993,2.1364045881076343,0.3383732449941992,1.0631893821616145,1.0643946471980335,1.064192718614089
W8X31_x_1X5.0291999999999994,10.0,2.089744651406965,0.3684783648342538,2.126404355850427,0.3749424598324341,2.1194889962988555,0.37372309536219206,1.0703103114113879,1.0716331529190102,1.071383363699783
W8X31_x_1X5.0291999999999994,11.0,2.074597758939109,0.403260953719002,2.1102428309879864,0.410189653843099,2.102737174749625,0.40873070206320483,1.0774675653074812,1.0789048691740302,1.0786018990243638
W8X31_x_1X5.0291999999999994,12.0,2.0595679482828584,0.4377746816127863,2.094217561426776,0.44513968424585393,2.08613669272853,0.44342204258004775,1.0846658203906852,1.0862144898705133,1.0858529145997795
W8X31_x_1X5.0291999999999994,13.0,2.0446448113712488,0.47204344909554835,2.0783171858594587,0.479817329284544,2.0696755260019564,0.4778222449049201,1.0919098572203705,1.0935668044362572,1.0931410816126879
W8X31_x_1X5.0291999999999994,14.0,2.0298182165262086,0.5060905220611864,2.0625306705093003,0.5142466528808902,2.0533420197922045,0.5119556649487731,1.0992045735475164,1.1009667107773764,1.1004711647700283
W8X31_x_1X5.0291999999999994,15.0,2.015078279710221,0.5399385977338497,2.0468591408908883,0.548454253821975,2.037125491733963,0.5458461303909691,1.1065549981361047,1.1084199262041432,1.107848072605391
W8X31_x_1X5.0291999999999994,16.0,2.0004153371518116,0.5736098675294319,2.031413685636676,0.5824985009236104,2.0211568751551434,0.5795574078454284,1.113966305318787,1.1159395364244786,1.1152858470068903
W8X31_x_1X5.0291999999999994,17.0,1.9847392874530658,0.606795694870802,2.01604767893842,0.6163676307349938,2.005279747380025,0.6130755436817452,1.12136962631971,1.1235235189636712,1.122781785170248
W8X31_x_1X5.0291999999999994,18.0,1.9691149750893817,0.6398042395537088,2.0007512150772766,0.6500834770405268,1.9894837293848853,0.6464224490120465,1.1288327416618242,1.1311773882756453,1.130341196776592
W8X31_x_1X5.0291999999999994,19.0,1.9535606704731747,0.6726648830805865,1.9855145622168344,0.6836674903599972,1.9737586463283134,0.6796196039000687,1.1363628316517098,1.1389068469547874,1.1379695598912196
W8X31_x_1X5.0291999999999994,20.0,1.9380664865917587,0.7053985131482781,1.9703281371307995,0.7171407936527872,1.9580945006642358,0.7126881141221244,1.1439654557183216,1.1467178039155812,1.1456725378492223
W8X31_x_1X5.0291999999999994,21.0,1.9226226857487156,0.7380257020021301,1.9551824807209925,0.7505242362801143,1.942481446205296,0.7456487659217947,1.1516463702485429,1.154616393812607,1.1534559972327787
W8X31_x_1X5.0291999999999994,22.0,1.9072196547148526,0.7705667589330727,1.9400682341907085,0.7838384465227491,1.9269097629908027,0.7785220790660905,1.159411547293301,1.1626089978431857,1.1613260270671888
W8X31_x_1X5.0291999999999994,23.0,1.8918478805359904,0.8030417813870449,1.924976115744455,0.8171038829385063,1.9113698328208728,0.8113283584952229,1.1672671945854425,1.1707022660900182,1.169288959375646
W8X31_x_1X5.0291999999999994,24.0,1.8764979268667927,0.8354707049630958,1.9100256979808827,0.8503982304175477,1.8959548222279687,0.844133472904938,1.1752197770189987,1.1789173913189088,1.1773627239298636
W8X31_x_1X5.0291999999999994,25.0,1.8609535136574542,0.8677768748889236,1.8950827316474368,0.883691590604494,1.8805795519622872,0.8769286468497107,1.1832518868798105,1.1872496028411827,1.1855474471423821
W8X31_x_1X5.0291999999999994,26.0,1.84454658087276,0.8996454786193803,1.8801322227476864,0.9170017558468159,1.8652053914239062,0.9097214537661826,1.191284647259877,1.1957059730441248,1.1938473632609348
W8X31_x_1X5.0291999999999994,27.0,1.8281520491940486,0.9314899946097588,1.8651650456679012,0.9503490582752342,1.849822970275495,0.9425318804147409,1.1994221678829793,1.2042945710339115,1.2022700904624652
W8X31_x_1X5.0291999999999994,28.0,1.8117599226984666,0.9633298388050464,1.8501720340860077,0.9837539207198334,1.834422898028661,0.9753799565376222,1.2076715715476105,1.213023884135125,1.210823626131183
W8X31_x_1X5.0291999999999994,29.0,1.7953602113284717,0.9951844157575278,1.8351439584504,1.0172369068879208,1.8189957410822053,1.008285803835904,1.2160403166652598,1.221902854621617,1.2195163801075255
W8X31_x_1X5.0291999999999994,30.0,1.7789429065255589,1.0270731659555066,1.8200715031292436,1.0508187722760356,1.8035319995363195,1.0412696854243981,1.2245362267465467,1.230940919814598,1.2283572108999248
W8X31_x_1X5.0291999999999994,31.0,1.7624979567680155,1.05901561333844,1.804945243109349,1.084520516085534,1.7880220836612215,1.07435205602363,1.233167522416171,1.240148055945225,1.2373554652046748
W8X31_x_1X5.0291999999999994,32.0,1.7460152428854583,1.0910314132456433,1.7899110096283264,1.1184605325618224,1.7725484925397592,1.1076112277611747,1.2419428562475632,1.249561964133564,1.2465370452996738
W8X31_x_1X5.0291999999999994,33.0,1.7294845530209237,1.1231404010495907,1.7748412829820157,1.1525954058889327,1.7571047619891877,1.1410771744792831,1.2508713507444176,1.2591766474120434,1.2559156759201957
W8X31_x_1X5.0291999999999994,34.0,1.7128590650874265,1.1553380275522256,1.7596862998247869,1.1869233962027546,1.7415828753874896,1.1747124822357844,1.2599556441764868,1.2689976134616867,1.2654864888896857
W8X31_x_1X5.0291999999999994,35.0,1.6960202034004395,1.1875661313769528,1.7444360181869512,1.2214672498590333,1.7259727045262303,1.2085390984534665,1.269182970590121,1.2790377578941552,1.2752614710829593
W8X31_x_1X5.0291999999999994,36.0,1.67910468000079,1.2199409589934063,1.7290801524582158,1.2562502650908869,1.7102638973795816,1.2425794555584622,1.2785907561509198,1.2893108319651387,1.285253380865352
W8X31_x_1X5.0291999999999994,37.0,1.6621015887158388,1.252483383859109,1.7136081444556184,1.2912963575436653,1.6944458496349337,1.2768565326722747,1.28819025457475,1.2998315234601001,1.2954758199342902
W8X31_x_1X5.0291999999999994,38.0,1.6449998028203414,1.2852147015499171,1.6980091329665592,1.3266301292639062,1.6785076748291816,1.3113939203252507,1.2979934217398117,1.310615546487716,1.3059433128846756
W8X31_x_1X5.0291999999999994,39.0,1.6277879449848873,1.3181566872760744,1.6822719215728619,1.3622769415819866,1.662438172905513,1.3462158885927649,1.3080129801858813,1.321679741371742,1.316671395510097
W8X31_x_1X5.0291999999999994,40.0,1.6104543558525595,1.3513316560237265,1.6663849445446823,1.398262992366815,1.6462257969900609,1.3813474590888837,1.3182624903835207,1.333042186015884,1.3276767130046572
W8X31_x_1X5.0291999999999994,41.0,1.5929870610533179,1.3847625256864968,1.6503362305735367,1.4346153981751977,1.6298586181700534,1.4168144812907086,1.3287564296435121,1.344722320332769,1.3389771294095012
W8X31_x_1X5.0291999999999994,42.0,1.5753737364505023,1.4184728835806317,1.6341133640914065,1.471362281869051,1.6133242880348309,1.4526437137104948,1.3395102796652385,1.3567410855838589,1.3505918498592384
W8X31_x_1X5.0291999999999994,43.0,1.5576016713964842,1.4524870567704584,1.6177034438974534,1.5085328663312259,1.596609998717979,1.4888629104827482,1.3505406238730713,1.3691210807802479,1.3625415574327033
W8X31_x_1X5.0291999999999994,44.0,1.539657729754608,1.4868301866689682,1.6010930387849056,1.5461575749763303,1.5797024401524848,1.5255009139905982,1.3618652558662618,1.3818867386545493,1.3748485667077324
W8X31_x_1X5.0291999999999994,45.0,1.5215283084218367,1.5215283084218365,1.5842681398276799,1.5842681398276797,1.5625877542207918,1.5625877542207915,1.3735033005153936,1.3950645241439024,1.3875369964704265
W8X31_x_1X5.0291999999999994,46.0,1.5031992930605909,1.556608435632796,1.567214108948709,1.6228977180166648,1.5452514854474526,1.6001547556107445,1.3854753494835375,1.4086831588385613,1.4006329644476352
W8X31_x_1X5.0291999999999994,47.0,1.4846560107187303,1.592098651044836,1.5500180360662816,1.6621908418513902,1.527683144947143,1.638239603473418,1.3978036132402798,1.422813769112627,1.4141665840284856
W8X31_x_1X5.0291999999999994,48.0,1.465883178982975,1.6280282038560938,1.5326190497472103,1.702145897114877,1.510011848272278,1.6770380562315526,1.4105120919813923,1.43747878948712,1.4282278793996588
W8X31_x_1X5.0291999999999994,49.0,1.4468648512727298,1.6644276144226726,1.5149414435460575,1.742740775445175,1.4920700994703233,1.7164303037897688,1.4236267682774906,1.4526943607819307,1.4427959991433676
W8X31_x_1X5.0291999999999994,50.0,1.4275843578375884,1.7013287871842442,1.4969674332385274,1.784016316558548,1.473840451278019,1.7564546527212508,1.4371758247660276,1.468501898386988,1.4579082279981694
W8X31_x_1X5.0291999999999994,51.0,1.4083407145420928,1.739155943820573,1.4786782655335284,1.8260155855375362,1.455304535145098,1.7971514323432463,1.4513376429013118,1.4849468561611399,1.4736053788406942
W8X31_x_1X5.0291999999999994,52.0,1.3892495122124549,1.778158288184648,1.4600541324717597,1.868784069406154,1.4364429802010075,1.838563172630768,1.4662373157329658,1.5020792401025855,1.4899322290982688
W8X31_x_1X5.0291999999999994,53.0,1.3698316453301542,1.8178279914271471,1.4410740776940787,1.9123698923753354,1.4172353246954181,1.8807347986545746,1.4817118858642504,1.5199542021053754,1.506938023218664
W8X31_x_1X5.0291999999999994,54.0,1.3500665130557232,1.858207140003457,1.421715893602923,1.9568240520015818,1.39765991901907,1.9237138435050518,1.4978052830453377,1.53863272877798,1.524677053184064
W8X31_x_1X5.0291999999999994,55.0,1.3299323398388685,1.8993402202427565,1.401956008307954,2.002200678805136,1.3776938192928867,1.9675506819240667,1.5145658091924306,1.5581824435871676,1.5432093316074578
W8X31_x_1X5.0291999999999994,56.0,1.309406070679865,1.9412743323236024,1.3817693610942148,2.0485573222450695,1.3573126703762748,2.0122987871676634,1.532046705311479,1.5786785447125222,1.56260137512823
W8X31_x_1X5.0291999999999994,57.0,1.2884632561118758,1.9840594252491333,1.361129264973789,2.0959552663558334,1.3364905769869821,2.05801501397059,1.5503068086250673,1.6002049061960915,1.5829271198061674
W8X31_x_1X5.0291999999999994,58.0,1.2670779256447169,2.0277485553949495,1.3400072546758108,2.1444598788232048,1.3151999614409682,2.1047599108874397,1.5694113171228048,1.6228553765700322,1.6042689952319245
W8X31_x_1X5.0291999999999994,59.0,1.2452224482354435,2.0723981715605286,1.3180107545984672,2.1935382563955526,1.2934114063068942,2.152598065754694,1.58943268261681,1.6464413569342453,1.6267191904355196
W8X31_x_1X5.0291999999999994,60.0,1.222867378147775,2.1180684298704886,1.2942425137366114,2.2416937911074704,1.2705150287544187,2.2005965815824857,1.6104516582475221,1.6702653390189561,1.6498903923305812
W8X31_x_1X5.0291999999999994,61.0,1.1999812843257105,2.164823542355518,1.269913729250441,2.2909850126426203,1.2461299323430512,2.2480779072200128,1.6325585325484888,1.695381784750351,1.6734760235565413
W8X31_x_1X5.0291999999999994,62.0,1.1765305611305272,2.212732163606953,1.2449889702957255,2.3414837054994493,1.2211678537023352,2.296682701088159,1.6558545900399044,1.7219154304752586,1.6983342246657605
W8X31_x_1X5.0291999999999994,63.0,1.1524792179672978,2.2618678205589786,1.2194303035079601,2.393266724396056,1.1955923030059052,2.3464820141804865,1.6804538484154257,1.7500073328547014,1.724587293958384
W8X31_x_1X5.0291999999999994,64.0,1.128107073637872,2.312962266792507,1.1931970478480576,2.4464164909639474,1.1693642074957202,2.397551926833804,1.7068273926671602,1.7798176405175397,1.7523734564988336
W8X31_x_1X5.0291999999999994,65.0,1.1038449524142335,2.367203139621868,1.1662455010410437,2.501021547995656,1.1424416581063532,2.4499740420874896,1.7357535375336195,1.811528950019436,1.7818495561606946
W8X31_x_1X5.0291999999999994,66.0,1.0788378550862163,2.42310949560359,1.1385286336368912,2.5571771792913784,1.1147796266762944,2.503836036314171,1.7666203313809226,1.8453503950752073,1.8131943124088186
W8X31_x_1X5.0291999999999994,67.0,1.0530349710661722,2.480794927881389,1.1099957460788357,2.6149861044541263,1.086329649628003,2.55923227514062,1.7996506923881093,1.8815226630771233,1.8466122850663436
W8X31_x_1X5.0291999999999994,68.0,1.0263812010977418,2.5403826174306485,1.08059208340062,2.674559259530601,1.0570394733295743,2.6162645039801156,1.8351027687859278,1.9203241938812956,1.8823387334007347
W8X31_x_1X5.0291999999999994,69.0,0.998816677793541,2.6020064049537446,1.0503840355868657,2.7363439648362875,1.0268526555569988,2.675042624043327,1.8732771988709016,1.9623061569378264,1.9206456140987176
W8X31_x_1X5.0291999999999994,70.0,0.9702762211295997,2.665812008187334,1.020080831489772,2.8026490505366435,0.9958219878587825,2.735998425438419,1.9145262431309564,2.009465550873421,1.9620662280976975
W8X31_x_1X5.0291999999999994,71.0,0.9406887183228929,2.7319584082602733,0.988684044389461,2.871346956300398,0.9646095650968921,2.801429591664538,1.9592653770183244,2.060795916137392,2.008577621527309
W8X31_x_1X5.0291999999999994,72.0,0.9099764155095844,2.8006194332315952,0.9561131827180516,2.9426138021275814,0.9322683717721373,2.8692270200322847,2.0079881542973834,2.1169120303736984,2.0591724784029135
W8X31_x_1X5.0291999999999994,73.0,0.8780541061929947,2.8719855724121084,0.9222801324824188,3.016642386306019,0.8987152327068153,2.93956507217067,2.0612854706020447,2.178555375287406,2.1144485283431584
W8X31_x_1X5.0291999999999994,74.0,0.846184731787112,2.95099685579202,0.8870882137992936,3.0936442497646883,0.8638590839994749,3.0126346469829453,2.1237157675926546,2.2466285743353165,2.175125789054355
W8X31_x_1X5.0291999999999994,75.0,0.8128627739862003,3.033645172097877,0.8504310945263838,3.1738520531088756,0.8275999952083206,3.088645230461212,2.1932271891753197,2.322241707687969,2.2420795477961706
W8X31_x_1X5.0291999999999994,76.0,0.7779580350410293,3.1202192540335716,0.8121915350397548,3.2575223231166595,0.7898280432031255,3.1678272564510213,2.271126586646949,2.406775575093968,2.3163846252570135
W8X31_x_1X5.0291999999999994,77.0,0.7413321448719912,3.2110623003443575,0.7731936749883884,3.3490697493613104,0.750422010708963,3.25043483491768,2.3590869026665384,2.5066560360830947,2.3993756969232534
W8X31_x_1X5.0291999999999994,78.0,0.7028305335772901,3.3065576901285247,0.732504341683253,3.4461619812067235,0.7100223232725805,3.3403924004700243,2.4592572207376024,2.622117821281158,2.496832582256729
W8X31_x_1X5.0291999999999994,79.0,0.662279971122555,3.4071350851352395,0.6897135587201443,3.54826865838289,0.6679374683442725,3.436240385187567,2.574445174285404,2.7556714772630304,2.6098307916406878
W8X31_x_1X5.0291999999999994,80.0,0.6203361761046942,3.51810127759372,0.6446260186943211,3.655855820273647,0.6236764066966864,3.5370446666234163,2.714810896099079,2.912034495430152,2.740325400212674
W8X31_x_1X5.0291999999999994,81.0,0.5763514076470994,3.638939573016966,0.5970219087627541,3.769447980745023,0.5770366951247385,3.6432663078668974,2.8862779819992017,3.097720030918212,2.8928221557034335
W8X31_x_1X5.0291999999999994,82.0,0.5295065955190251,3.7676351975588127,0.5473973331107825,3.8949344101303236,0.5277904632774543,3.7554242821675317,3.0945700942436596,3.3326172271985683,3.0735186217602584
W8X31_x_1X5.0291999999999994,83.0,0.47948191282081754,3.9050668039606506,0.4951411363942817,4.032600945536049,0.47618364482206266,3.8782045667664886,3.3531550347267487,3.6352319785744176,3.299254129606624
W8X31_x_1X5.0291999999999994,84.0,0.4261580298112918,4.054622810718085,0.43930424190369616,4.179700663757728,0.4218953523347434,4.0140661436553975,3.6888359459670563,4.0261590491333825,3.5913132629219278
W8X31_x_1X5.0291999999999994,85.0,0.36967801260644806,4.22543901927257,0.37946781447614786,4.33733696667691,0.3638862879457538,4.159239303477642,4.165512058557788,4.551039006637814,3.966802545720764
W8X31_x_1X5.0291999999999994,86.0,0.3084254340332748,4.410689197191387,0.3161419925712527,4.521041125493391,0.3017211476776679,4.314813435530425,4.845137408045038,5.367176322222497,4.467787164176715
W8X31_x_1X5.0291999999999994,87.0,0.24183377919721916,4.6144633965720105,0.24755959301780806,4.723718432731149,0.2355067394257921,4.493736285864718,5.906199609984472,6.692673793902641,5.227774722862526
W8X31_x_1X5.0291999999999994,88.0,0.16984477054796165,4.8637178681901,0.1727617349554912,4.947248799781365,0.16390190502402868,4.693536465820449,8.070707620300215,9.201844170711635,6.455164531770526
W8X31_x_1X5.0291999999999994,89.0,0.08973787936470537,5.141079665629663,0.09105272385624942,5.216407056100636,0.08573363971784789,4.9116769299008345,13.641733382515376,16.792876765532842,8.683505514530795
W8X31_x_1X5.0291999999999994,90.0,0.0,5.744596050219884,0.0,5.4569719145476006,0.0,5.456971914547602,-inf,64.17631177166432,64.17631177167445
W8X31_x_1X5.1815999999999995,0.0,2.2576320071837563,0.0,2.2319973575675705,0.0,2.2319973575675705,0.0,1.0000000000000002,1.0,1.0
W8X31_x_1X5.1815999999999995,1.0,2.229749600402482,0.03892042404869254,2.213730404232576,0.038640807939448976,2.2129641782019145,0.03862743341433409,1.0074150152870087,1.0073613467790006,1.007358779865846
W8X31_x_1X5.1815999999999995,2.0,2.20253112466101,0.07691408170268701,2.1957491571403,0.07667725017819578,2.194241553128582,0.07662460348601774,1.0147615820243443,1.0147154518110857,1.0147051978272787
W8X31_x_1X5.1815999999999995,3.0,2.17593713512984,0.11403603311165766,2.1780362588832123,0.1141460435260122,2.1758108064723665,0.11402941250725969,1.0220450623929938,1.0220668040957632,1.022043753972061
W8X31_x_1X5.1815999999999995,4.0,2.149930721016454,0.15033780122009333,2.1605751887420266,0.15108213491297826,2.1576541906465616,0.1508778788284693,1.029270650463165,1.029419885853079,1.029378929114853
W8X31_x_1X5.1815999999999995,5.0,2.124477285872084,0.18586767843213106,2.1433501952447482,0.1875188440499913,2.139754811518634,0.18720428873293066,1.0364433878989359,1.036779183465328,1.0367151957593546
W8X31_x_1X5.1815999999999995,6.0,2.0995443494085624,0.22067100325095917,2.1263462340440307,0.22348799483924897,2.1220965596135897,0.22304133605810939,1.0435681787876743,1.0441491984398878,1.0440570290167892
W8X31_x_1X5.1815999999999995,7.0,2.075101368353984,0.2547904103423604,2.1095591580687993,0.2590212949221786,2.1046717111969913,0.2584211919040874,1.0506498036909067,1.0515347218426685,1.0514091144903037
W8X31_x_1X5.1815999999999995,8.0,2.054892796329808,0.2887963488201225,2.0931036458974757,0.29416653351305005,2.087598074919016,0.29339277597222413,1.0578052725891076,1.0589442797331408,1.058780014121169
W8X31_x_1X5.1815999999999995,9.0,2.0396665787392854,0.3230514495222834,2.076823805929677,0.32893657615484523,2.0707172661871516,0.32796939527540586,1.0651135283539537,1.0663794006891159,1.0661711542041064
W8X31_x_1X5.1815999999999995,10.0,2.02458178060332,0.3569883925711513,2.0607070742464417,0.36335825652644965,2.054015919809009,0.3621784254670431,1.0724553186274892,1.0738447747574333,1.0735871439867213
W8X31_x_1X5.1815999999999995,11.0,2.0096273730854337,0.3906319900319677,2.0447413343667495,0.3974574526808798,2.0374811698157385,0.39604621965106357,1.0798353826842173,1.08134516725404,1.0810326541438937
W8X31_x_1X5.1815999999999995,12.0,1.9947926748382807,0.4240062722081714,2.0289148782045023,0.4312591704323008,2.021100606797823,0.4295981957701407,1.0872585562501793,1.0888854311971217,1.0885124287333785
W8X31_x_1X5.1815999999999995,13.0,1.9800673196638732,0.45713456039764055,2.013216369452362,0.4647876215598402,2.0048622379997614,0.4628589183429531,1.0947297845866821,1.0964705202115992,1.0960312975418969
W8X31_x_1X5.1815999999999995,14.0,1.9654412259824816,0.4900395355798647,1.9976348091376754,0.49806629737231506,1.9887544498877654,0.49585217513600505,1.1022541361741403,1.1041055019797705,1.103594188891391
W8X31_x_1X5.1815999999999995,15.0,1.9509045679111177,0.5227433034819724,1.9822317161651961,0.5311373875578227,1.9728277204149802,0.5286175944909266,1.109836817079151,1.1118001060223084,1.1112100154746498
W8X31_x_1X5.1815999999999995,16.0,1.9362083230436034,0.5551988025005528,1.9669834037379588,0.564023414886014,1.9570768771629874,0.561182764101744,1.1174669335027287,1.1195599272090182,1.118885326173617
W8X31_x_1X5.1815999999999995,17.0,1.9208889898933523,0.5872746998865325,1.9518179942596185,0.5967306454682689,1.941420841643071,0.5935519169135821,1.1251127350703851,1.1273869368781169,1.1266214007102606
W8X31_x_1X5.1815999999999995,18.0,1.905649650222073,0.6191831054765001,1.936725644538873,0.6292803081100502,1.9258493031235895,0.6257463705612709,1.132824275770704,1.1352868466663477,1.1344237372113837
W8X31_x_1X5.1815999999999995,19.0,1.8904804625083962,0.6509446256262585,1.9216966946630225,0.6616932363399572,1.9103521643575774,0.657787001295991,1.140607170471675,1.1432655648607046,1.142298009913752
W8X31_x_1X5.1815999999999995,20.0,1.8753717607867204,0.682579499109763,1.9067216426983669,0.6939899229733627,1.894919514652665,0.689694299663729,1.1484672262793103,1.1513292153194632,1.1502500867308085
W8X31_x_1X5.1815999999999995,21.0,1.8603140294902913,0.7141076497931367,1.8917911202339643,0.726190572857179,1.8795416039452753,0.7214884241073707,1.1564104610824797,1.159484157692751,1.1582860479635453
W8X31_x_1X5.1815999999999995,22.0,1.845297879094902,0.7455487376323328,1.8768958686326593,0.7583151540892517,1.864208817731871,0.7531892527968276,1.164443123366263,1.1677370090915316,1.1664122062883744
W8X31_x_1X5.1815999999999995,23.0,1.830314022428622,0.7769222082762517,1.8621050663709213,0.7904167058107706,1.8489683352655848,0.784840494289238,1.1725717134392526,1.176103397794746,1.1746414283371418
W8X31_x_1X5.1815999999999995,24.0,1.815353251519044,0.8082473415444005,1.847373673018789,0.822503751711757,1.8338156834214063,0.8164673458278876,1.1808030062356492,1.18458794865032,1.1829823512432984
W8X31_x_1X5.1815999999999995,25.0,1.799753767626087,0.8392389646373563,1.8326482045114785,0.8545778924677104,1.8186777947630917,0.8480633834144745,1.1890623907205742,1.1931936147134106,1.1914355280707005
W8X31_x_1X5.1815999999999995,26.0,1.783751179295163,0.8699935800350379,1.8179196868642358,0.886658674679134,1.8035454339886887,0.8796478831154432,1.1973748373454642,1.2019283692319263,1.2000085000181335
W8X31_x_1X5.1815999999999995,27.0,1.7677631094917332,0.9007202929634446,1.8031791386564382,0.9187656611428987,1.7884093792784748,0.9112400928569172,1.2057978390761845,1.2108005863551816,1.2087091718012422
W8X31_x_1X5.1815999999999995,28.0,1.7517798062849677,0.9314378451958355,1.78841754910626,0.9509184786087044,1.7732603998042236,0.9428592793677104,1.21433885586306,1.2198190762912249,1.217545843545466
W8X31_x_1X5.1815999999999995,29.0,1.735791529368888,0.9621649561642195,1.773625855992915,0.9831368658675382,1.758089233191754,0.9745247752198469,1.223005704194761,1.2289931236192106,1.2265272454579945
W8X31_x_1X5.1815999999999995,30.0,1.7197885263074364,0.9929203686128283,1.7587949233112556,1.0154407224231006,1.7428865628196943,1.0062560262109321,1.2318065883923404,1.2383325291255618,1.2356625755999597
W8X31_x_1X5.1815999999999995,31.0,1.7037610087166348,1.0237228943724979,1.744031231802179,1.0479196855440558,1.7277051383625113,1.0381099789335955,1.2407501346138805,1.2478682270177202,1.2449725373242881
W8X31_x_1X5.1815999999999995,32.0,1.6876991282600695,1.0545914604938065,1.7292678337554348,1.0805664705564053,1.7125804929943342,1.070139062749926,1.2498454278824926,1.2576038552061157,1.2544776543100724
W8X31_x_1X5.1815999999999995,33.0,1.671592952332275,1.085545155980024,1.714434893027359,1.1133670375747289,1.6973934823038093,1.1023002160520583,1.259102052489698,1.2675410847990838,1.2641706105834043
W8X31_x_1X5.1815999999999995,34.0,1.655292140372068,1.1165086465432892,1.699522811606198,1.1463426109963675,1.6821344051344427,1.1346139827368504,1.268501192624882,1.2776924945159296,1.2740631185568405
W8X31_x_1X5.1815999999999995,35.0,1.6388761307793827,1.147553420963686,1.6845217917591733,1.1795148568683,1.6667933797398429,1.1671012891318773,1.2780683640901462,1.2880714783160119,1.2841676265217057
W8X31_x_1X5.1815999999999995,36.0,1.6223882700301016,1.178734075113914,1.6694218094243904,1.2129059417264805,1.6513603174759597,1.199783499706719,1.287825229838471,1.298692321565649,1.2944973864420009
W8X31_x_1X5.1815999999999995,37.0,1.605817969043435,1.2100706343005239,1.6542125863602417,1.2465385941827782,1.6358248953693169,1.2326824751645284,1.297783617512208,1.3095702854386415,1.3050665289021794
W8X31_x_1X5.1815999999999995,38.0,1.5891544315427917,1.2415835156638364,1.638883560882284,1.2804361696354754,1.6201765273979813,1.2658206332596096,1.3079560995123416,1.3207217006340892,1.3158901461322292
W8X31_x_1X5.1815999999999995,39.0,1.5723866250709952,1.273293582991876,1.623423857003874,1.3146227185095913,1.6044043343096765,1.2992210127128403,1.3183560616743173,1.3321640716595473,1.3269843841704985
W8X31_x_1X5.1815999999999995,40.0,1.5555032507167539,1.3052222039714882,1.6078222517810852,1.3491230584681324,1.5884971117872546,1.3329073406268597,1.3289977792030647,1.3439161931207306,1.33836654538514
W8X31_x_1X5.1815999999999995,41.0,1.5384927113702498,1.3373913102210857,1.5920671406444264,1.383962851075201,1.572443296755409,1.366904103837502,1.3398965008054917,1.3559982796864876,1.3500552027634096
W8X31_x_1X5.1815999999999995,42.0,1.5213430783115458,1.3698234604762412,1.5761465004792792,1.4191686834374304,1.5562309316038434,1.4012366246774954,1.3510685420981596,1.368432111666656,1.3620703275999155
W8X31_x_1X5.1815999999999995,43.0,1.5040420559192202,1.4025419073301775,1.5600478501935218,1.454768155402086,1.5398476260807927,1.4359311416736045,1.3625313895311146,1.381241198459134,1.374433432476941
W8X31_x_1X5.1815999999999995,44.0,1.4865769442679362,1.4355706679665472,1.543758208484055,1.4907899729493306,1.5232805165864711,1.471014895749876,1.3743038162606642,1.3944509625015746,1.3871677317404567
W8X31_x_1X5.1815999999999995,45.0,1.4689345993622989,1.4689345993622986,1.5272640484834887,1.5272640484834885,1.5065162225683255,1.5065162225683253,1.3864060116297898,1.4080889468154425,1.4002983220444902
W8X31_x_1X5.1815999999999995,46.0,1.4511013907299635,1.502659478484531,1.5107067718810412,1.564382657531513,1.4895578425579155,1.542482300113202,1.3988597261817928,1.422247099089281,1.4138591051901805
W8X31_x_1X5.1815999999999995,47.0,1.4330631560691756,1.5367720880578022,1.4939943081899578,1.6021127490578833,1.4725821409775581,1.5791510109254894,1.4116884344491027,1.4369359804288746,1.4279604057683286
W8X31_x_1X5.1815999999999995,48.0,1.4148051526142544,1.5713003085382173,1.477031010164736,1.6404091246797605,1.4553633689012253,1.6163447711256764,1.4249175181353129,1.452161723844235,1.4425565450252464
W8X31_x_1X5.1815999999999995,49.0,1.3963120048464854,1.6062732169988256,1.4598006123595302,1.6793085053002872,1.4378855441970362,1.654098103244059,1.438574472757218,1.4679641209396375,1.4576834197279949
W8X31_x_1X5.1815999999999995,50.0,1.3775794413561038,1.6417352483200616,1.4422860020931403,1.7188495245428401,1.4201318794461366,1.6924472692875008,1.4526947930300467,1.4843867673292626,1.4733802578496338
W8X31_x_1X5.1815999999999995,51.0,1.3592764801355146,1.6785666602643203,1.424469145027159,1.7590728967659546,1.4020847113374093,1.7314304232518352,1.4676595109722232,1.5014775376362195,1.4896900233301094
W8X31_x_1X5.1815999999999995,52.0,1.3406789608040057,1.7159908173383998,1.4063310038983174,1.8000216005333436,1.3837254237172638,1.771087777339734,1.4831870352844476,1.5192891331141205,1.5066598809475398
W8X31_x_1X5.1815999999999995,53.0,1.3217681015527996,1.7540455145486826,1.3878514495962027,1.8417410793650202,1.3650343635526674,1.8114617834864792,1.4993197456595369,1.5378797152044386,1.5243417319996735
W8X31_x_1X5.1815999999999995,54.0,1.3025240936267912,1.7927706134460173,1.3690091636709698,1.8842794618360843,1.345990748969647,1.8525973320032754,1.5161041597558327,1.5573136412059954,1.542792833727662
W8X31_x_1X5.1815999999999995,55.0,1.2829260105582976,1.8322082247764453,1.3497815312327122,1.9276878033673168,1.3265725684190146,1.894541969386383,1.5335914601742613,1.5776623218079926,1.5620765181845562
W8X31_x_1X5.1815999999999995,56.0,1.2629517087588409,1.8724029085223277,1.3301445230619862,1.9720203523726956,1.3067564698935865,1.9373461376157253,1.551838103703582,1.5990052247271844,1.5822630297075182
W8X31_x_1X5.1815999999999995,57.0,1.24257771842932,1.9134018934259722,1.310072565586224,2.0173348438009087,1.2865176389737276,1.9810634375851017,1.570906528238281,1.6214310543606163,1.6034305044893593
W8X31_x_1X5.1815999999999995,58.0,1.2217791236080124,1.9552553183714165,1.2892278474984444,2.0631958401530306,1.265829664307182,2.0257509196752252,1.5908659761595727,1.6447823785334574,1.625666121218411
W8X31_x_1X5.1815999999999995,59.0,1.200529430012766,1.9980164983282087,1.2668540662469103,2.1083992295870573,1.2441468987233273,2.0706081565752616,1.611793457216969,1.6684719728712036,1.648620348194684
W8X31_x_1X5.1815999999999995,60.0,1.178800419144517,2.041742217941791,1.2439738220868841,2.15462586314013,1.2211968495749725,2.115174989506899,1.6337748793062623,1.6934198669356235,1.6720823284130266
W8X31_x_1X5.1815999999999995,61.0,1.1565619868992516,2.0864930562978525,1.2205552921230114,2.2019400349391756,1.1977255371174134,2.1607540666679297,1.6569063823423942,1.7197455385107243,1.6967837357244995
W8X31_x_1X5.1815999999999995,62.0,1.133781964679018,2.132333746904189,1.1965644659737233,2.250410458649782,1.1737001945043177,2.2074090181864077,1.6812959191182153,1.7475838184557513,1.7228417656847623
W8X31_x_1X5.1815999999999995,63.0,1.1104259206927933,2.179333577536905,1.1719649349493118,2.3001106934151796,1.1490857974814426,2.255207857863843,1.7070651382249247,1.7770874509457504,1.750388604018729
W8X31_x_1X5.1815999999999995,64.0,1.0872950824890173,2.22928528455751,1.1467176573426854,2.3511196180565186,1.123844846543201,2.3042234062066194,1.7353400248855193,1.8084301833077217,1.7795739146585678
W8X31_x_1X5.1815999999999995,65.0,1.0636866424470728,2.281083365981324,1.1207806965600724,2.403521960146599,1.0979371243611902,2.354533761476936,1.7656744228940622,1.8418105178476314,1.8105678399416663
W8X31_x_1X5.1815999999999995,66.0,1.0393637020828648,2.334449096339341,1.094108928299742,2.4574088876181523,1.0713194250912794,2.406222825352937,1.7980650710637391,1.877456297289677,1.843564640361712
W8X31_x_1X5.1815999999999995,67.0,1.0142778104600148,2.389488779374762,1.0666537123728412,2.512878671808247,1.0439452516265721,2.4593808908349333,1.8327502778755698,1.915630348252968,1.878787138813468
W8X31_x_1X5.1815999999999995,68.0,0.9883764679097116,2.446317601949361,1.0384032492806503,2.5701382308393033,1.0157644762256444,2.5141053012733825,1.8700063748140385,1.9567113559818576,1.9164921847453926
W8X31_x_1X5.1815999999999995,69.0,0.9616026771679506,2.5050606188705107,1.0098331472382338,2.6307052890356477,0.9867663859866905,2.570614321541349,1.9101556294822348,2.0021413841355944,1.9570603669957265
W8X31_x_1X5.1815999999999995,70.0,0.9338944341855433,2.5658538700791302,0.9802921593485999,2.69333057227869,0.957379584394159,2.6303787899698023,1.9535762203363407,2.051403995387346,2.001890791162049
W8X31_x_1X5.1815999999999995,71.0,0.9051841488940406,2.628845651517804,0.9497109891401292,2.758160985309028,0.9269916594754335,2.6921792609633157,2.0007149281532066,2.105039704497942,2.0504763352209823
W8X31_x_1X5.1815999999999995,72.0,0.8753979843823324,2.694197965009903,0.9180140575116905,2.8253567516991858,0.8955310696174802,2.7561612299906635,2.05210344857058,2.163695321979613,2.1033430978854817
W8X31_x_1X5.1815999999999995,73.0,0.8449549011586597,2.7637229509558097,0.8851187552865742,2.8950929983985145,0.8629197754602529,2.8224834071059144,2.1097730331958835,2.228151456633281,2.1611199140307606
W8X31_x_1X5.1815999999999995,74.0,0.814013864963823,2.8388037101615993,0.8509345872477779,2.9675615703317026,0.8290724656227031,2.89131929160341,2.17583052055764,2.299359022688058,2.2245647411018115
W8X31_x_1X5.1815999999999995,75.0,0.7816791553669699,2.917266323047058,0.8153621887742917,3.0429731150762227,0.7938956698217525,2.9628589756837065,2.2494633820813643,2.378488389684905,2.2945996178157944
W8X31_x_1X5.1815999999999995,76.0,0.747833347235992,2.999395730556408,0.7788537554630628,3.1238117924240423,0.7572867397586263,3.0373112170434196,2.3321075260719972,2.4696310269288007,2.372357630291905
W8X31_x_1X5.1815999999999995,77.0,0.7123458436583975,3.085508835952943,0.7411801237940682,3.210403824712951,0.7195694398607422,3.116797668628969,2.42558582069606,2.5753889361831357,2.461445456274066
W8X31_x_1X5.1815999999999995,78.0,0.6750709585338631,3.175959157552891,0.7016870189768438,3.3011778769086364,0.6806666875486991,3.202284992760571,2.532247896648475,2.696495373763301,2.5650877254774542
W8X31_x_1X5.1815999999999995,79.0,0.6358456548201644,3.271142317042347,0.6602134806049785,3.396503913044077,0.6398820388747068,3.2919077128401413,2.655175280570772,2.836645424133568,2.6836050967152305
W8X31_x_1X5.1815999999999995,80.0,0.5956405821685596,3.378045604679059,0.616579446108418,3.4967958030646265,0.5970488161903299,3.3860320966844917,2.8083759435943314,3.0008231870174353,2.8205377127466496
W8X31_x_1X5.1815999999999995,81.0,0.5531327373140555,3.4923426580329697,0.5706891117431915,3.6031892436771296,0.5519805347625617,3.485067937428263,2.9931292805386627,3.1972376019698405,2.9806453123245067
W8X31_x_1X5.1815999999999995,82.0,0.5079071648649728,3.613947262662231,0.5232060482707415,3.722804474433924,0.5044678495782673,3.5894752628054745,3.218545799735294,3.4513700978919424,3.1704819855329047
W8X31_x_1X5.1815999999999995,83.0,0.4596642633071589,3.743665000933232,0.47271897984251954,3.8499871349162182,0.45520274678831246,3.7073288648096154,3.499903982686597,3.770217834880063,3.4162289717211114
W8X31_x_1X5.1815999999999995,84.0,0.4084343051573987,3.885992834874655,0.418899666668935,3.985564098440605,0.40285200035964003,3.8328807525342237,3.8715177881086733,4.182397070521145,3.7239314041497935
W8X31_x_1X5.1815999999999995,85.0,0.3539289459037446,4.045426363140992,0.3615621832437793,4.13267466517698,0.3470434967633295,3.966725319338045,4.394644953654707,4.7458074091393385,4.119793267428904
W8X31_x_1X5.1815999999999995,86.0,0.2949479135468659,4.217951674747257,0.3008656246871025,4.302578886767406,0.28740909267772025,4.110141513528469,5.148071345531283,5.621121393364978,4.64983110618686
W8X31_x_1X5.1815999999999995,87.0,0.23106451275825482,4.408973551623568,0.23513187352212014,4.486583418317185,0.22418653796107757,4.27773397438388,6.35575576504191,7.025905614978329,5.473441030744919
W8X31_x_1X5.1815999999999995,88.0,0.1620444010753117,4.640344512270974,0.16381280176038862,4.690984882194517,0.1557196803810718,4.459228208527023,8.882695245907518,9.730076654954022,6.774113726534096
W8X31_x_1X5.1815999999999995,89.0,0.08547768659499708,4.897013385313439,0.08610542587034967,4.932976544312508,0.08131988086021052,4.658812854299366,15.909310109582622,17.894337245095123,9.174045104439728
W8X31_x_1X5.1815999999999995,90.0,0.0,5.470438533953572,0.0,5.132480773213747,0.0,5.132480773213746,-inf,58.2188736541045,58.218873654113516
W8X31_x_1X5.334,0.0,2.1931607637176427,0.0,2.168226004494212,0.0,2.168226004494212,0.0,1.0,1.0,1.0
W8X31_x_1X5.334,1.0,2.1655900584619707,0.03780051507835621,2.1501249137645178,0.03753056997353789,2.149380826318516,0.037517581878855656,1.0076331817856687,1.0075782528994686,1.007575610212785
W8X31_x_1X5.334,2.0,2.138687757170775,0.07468462218298358,2.1323127881568107,0.0744620033595299,2.1308492202310814,0.07441089444135998,1.0151958313847216,1.0151498415212141,1.0151392837450173
W8X31_x_1X5.334,3.0,2.1124140309477126,0.11070692828830711,2.1147721622620113,0.11083051271374729,2.112612406630385,0.1107173247172997,1.0226934706948636,1.022719386268093,1.0226956507680425
W8X31_x_1X5.334,4.0,2.0867316397499387,0.1459184909493671,2.0974864252063083,0.14667053880946745,2.094652552557742,0.1464723751296993,1.0301314483332622,1.0302915024865462,1.0302493235337313
W8X31_x_1X5.334,5.0,2.0616057065165516,0.18036712798055143,2.0804397517821362,0.18201489342962415,2.0769526953339983,0.1817098155213371,1.0375149558162173,1.0378708117338107,1.0378049076527023
W8X31_x_1X5.334,6.0,2.037003513617395,0.21409769653225233,2.0636170390707496,0.2168948907727507,2.059496672421831,0.2164618227871019,1.044849042836301,1.0454619530768283,1.0453670133374884
W8X31_x_1X5.334,7.0,2.0128943190389808,0.24715234510715245,2.0470422401500463,0.25134518260652156,2.042305028481708,0.2507635261519206,1.0521386317366312,1.0530706432704084,1.0529412490897037
W8X31_x_1X5.334,8.0,1.993133200840872,0.2801166037192254,2.030760190349695,0.28540473223213353,2.0254255018977014,0.2846549906642131,1.059511470510503,1.0607039600355703,1.060534725835615
W8X31_x_1X5.334,9.0,1.9781393699987004,0.31330649700117497,2.014656917316436,0.31909030829511936,2.0087417187107275,0.31815343287454567,1.0670411163309688,1.0683643522532527,1.0681497861632898
W8X31_x_1X5.334,10.0,1.9632881665096114,0.3461806746612978,1.9987198372456767,0.3524282341836447,1.992240299373047,0.35128571683417775,1.074606597200515,1.076056660643316,1.075791185884486
W8X31_x_1X5.334,11.0,1.9485686406221916,0.37876337474020544,1.9829368253413746,0.3854438731104225,1.9759083752279558,0.3840776808046171,1.082212816120805,1.083785805408417,1.083463745972026
W8X31_x_1X5.334,12.0,1.9339701950666977,0.41107805503567924,1.967296176192941,0.4181617109981536,1.9597335452269404,0.4165542241628412,1.0898647789767109,1.0915567991082666,1.0911723649308165
W8X31_x_1X5.334,13.0,1.9194825526525137,0.4431474648279643,1.951786566664714,0.45060543410905585,1.9437038354964704,0.4487393885848892,1.0975676081619552,1.0993747600310058,1.0989220315819586
W8X31_x_1X5.334,14.0,1.905095725712445,0.4749937125169639,1.9363970210360655,0.4827980019664067,1.9278076614606152,0.48065643409775777,1.1053265568450954,1.1072449261394774,1.106717838332328
W8X31_x_1X5.334,15.0,1.8907999871925074,0.5066383296170095,1.9212350086786154,0.514793369045836,1.9121421867522403,0.5123569547537438,1.1131470239631793,1.1151805772311332,1.1145722428452614
W8X31_x_1X5.334,16.0,1.8763077923919644,0.5380226017316911,1.906172332616487,0.5465861208388813,1.8965964439058964,0.5438402789365796,1.1210144401921964,1.1231807058598653,1.1224851843829864
W8X31_x_1X5.334,17.0,1.8611779226186387,0.5690191945980103,1.8911959941609766,0.5781966400667241,1.8811488120358675,0.5751249082288752,1.128895804369349,1.1312508511915536,1.1304615015306478
W8X31_x_1X5.334,18.0,1.8461316444773015,0.5998445331295205,1.8762962025049694,0.6096455921608702,1.8657890379527866,0.6062316074463059,1.1368455108358058,1.139396922650497,1.1385068814220054
W8X31_x_1X5.334,19.0,1.8311591714187556,0.6305186670481012,1.8614633595431405,0.6409532358176516,1.8505070912998223,0.6371806901228685,1.1448693635016052,1.1476250348733164,1.1466271950748357
W8X31_x_1X5.334,20.0,1.8162509022325537,0.661061266371784,1.846688034506945,0.6721394765360855,1.8352931375397972,0.6679920732175135,1.1529733663412702,1.155941527376049,1.1548285156429543
W8X31_x_1X5.334,21.0,1.8013973958346337,0.6914916730673726,1.8319609394966097,0.7032239182624398,1.8201375120012853,0.698685329676136,1.1611637426326946,1.1643529855804875,1.1631171378653078
W8X31_x_1X5.334,22.0,1.7865893469108076,0.7218289509496713,1.8173047880824311,0.7342387947211041,1.8050446732207779,0.7292853867852448,1.1694469555185592,1.1728698267571773,1.171501157498814
W8X31_x_1X5.334,23.0,1.7718175622801664,0.7520919341058236,1.8027569925524132,0.7652249430842654,1.7900853732009003,0.7598461597889539,1.1778297300417273,1.181505446023428,1.1799972127114577
W8X31_x_1X5.334,24.0,1.757072937849057,0.7822992741097431,1.7882282487128478,0.7961705122060073,1.775154160227765,0.7903495529781865,1.1863190768221987,1.1902589589409556,1.1886024023132409
W8X31_x_1X5.334,25.0,1.7417910602144009,0.8122105102838894,1.7737096806313284,0.8270944074220452,1.760241879634337,0.8208142686786406,1.1948479323738352,1.199138244690355,1.1973241921775224
W8X31_x_1X5.334,26.0,1.7261764545124303,0.8419125104807886,1.7591924372045369,0.8580154811832554,1.7453394230126738,0.8512589147120183,1.2034406252806709,1.208151566192776,1.2061703960862606
W8X31_x_1X5.334,27.0,1.7105783166397104,0.8715831856812719,1.7446676705594237,0.8889525790601884,1.7304377059238838,0.8817020499329752,1.2121498316082633,1.217307603765214,1.2151492063277787
W8X31_x_1X5.334,28.0,1.6949871278332143,0.9012406424137206,1.730126514471138,0.9199245857119039,1.715527645732469,0.9121622295119658,1.220983357208982,1.2266154917295047,1.2242692268985724
W8X31_x_1X5.334,29.0,1.6793933862796968,0.9309029549647524,1.7155600626857508,0.9509504710575915,1.7006001394500154,0.9426580501989846,1.2299493862498372,1.2360848583173079,1.2335395096080561
W8X31_x_1X5.334,30.0,1.6637875839407092,0.9605882094625255,1.7010351763875493,0.9820931169883741,1.6856765616520664,0.9732258166364631,1.239056514396398,1.2457395486696676,1.242975074565778
W8X31_x_1X5.334,31.0,1.6481601833453312,0.9903145480214531,1.6865480133219322,1.0133802833043184,1.6708395992491585,1.0039417159006103,1.2483137848990977,1.2555936627268152,1.2526043743272413
W8X31_x_1X5.334,32.0,1.632501594230127,1.0201002131775234,1.6720062159203204,1.0447854405304975,1.655955262205852,1.0347556914854112,1.2577307279179082,1.2656445618483776,1.2624170267626678
W8X31_x_1X5.334,33.0,1.6168021499044702,1.049963592846023,1.6574005603619593,1.0763285088688654,1.6410142070161517,1.0656870865812804,1.2673174034638353,1.2759045158815858,1.2724244763973587
W8X31_x_1X5.334,34.0,1.6009118508781623,1.0798286781312934,1.6427216634214155,1.1080297527793028,1.6260069493992002,1.0967555358147332,1.2770533729000635,1.2863865709671074,1.282638869199361
W8X31_x_1X5.334,35.0,1.5849053142749305,1.1097626484039353,1.6279599577650066,1.1399098343306182,1.6109238397486703,1.1279810160737493,1.2869645704237083,1.2971046212717467,1.293073116561416
W8X31_x_1X5.334,36.0,1.5688313579864792,1.1398227008455797,1.6131056662528338,1.1719898686991055,1.5957550376969802,1.159383899165654,1.2970750813178893,1.3080734883314278,1.303740965908102
W8X31_x_1X5.334,37.0,1.5526796952337187,1.1700280728557408,1.598148775095683,1.2042914821401713,1.5804904856485225,1.1909850066093761,1.3073973332531883,1.3193090089909902,1.3146570787710394
W8X31_x_1X5.334,38.0,1.536439844316834,1.2003983663569608,1.5830790057052078,1.2368368727820245,1.5651198811264206,1.2228056668839746,1.3179445438358515,1.330828133074435,1.3258371172979115
W8X31_x_1X5.334,39.0,1.5201011006292595,1.2309536001317312,1.567885785063201,1.2696488746175991,1.549632647766058,1.2548677754786564,1.3287307937495365,1.3426490320915985,1.3372978403046638
W8X31_x_1X5.334,40.0,1.5036525074588423,1.2617142644275068,1.5525582144212997,1.3027510251021688,1.5340179047755707,1.2871938581165252,1.3397711076846746,1.3547912204897816,1.3490572101484182
W8X31_x_1X5.334,41.0,1.4870828254017523,1.2927013781560266,1.5370850361258372,1.3361676367999658,1.5182644346684944,1.3198071375553728,1.3510815440678356,1.3672756911975346,1.3611345118961986
W8X31_x_1X5.334,42.0,1.4703805002014112,1.3239365490380315,1.521454598343599,1.3699238735641224,1.5023606490565409,1.352731604404437,1.3626792947549762,1.3801250674900067,1.3735504864972805
W8X31_x_1X5.334,43.0,1.4535336288093579,1.3554420370731464,1.5056548174425535,1.4040458317810283,1.4862945522708264,1.385992092436767,1.374582796029944,1.3933637735397966,1.3863274799419847
W8X31_x_1X5.334,44.0,1.4365299234473863,1.3872408217476062,1.489673137756958,1.4385606272635263,1.4700537025574254,1.4196143589232828,1.386811852458383,1.407018226415395,1.3994896107156385
W8X31_x_1X5.334,45.0,1.41935667343015,1.41935667343015,1.4736319708877883,1.473631970887788,1.4536421035046285,1.4536421035046283,1.3993877753932829,1.4211722834678817,1.41306978216543
W8X31_x_1X5.334,46.0,1.4020007044844542,1.4518142294493865,1.457453614452487,1.5092373987091836,1.4372121549325465,1.4882767537809207,1.4123335382195363,1.4358388824723898,1.427168015080048
W8X31_x_1X5.334,47.0,1.3844483352752464,1.4846390753949352,1.4410505029366665,1.545337468914613,1.4205649442589854,1.5233693967812931,1.4256739507702163,1.451024386950074,1.441745162191603
W8X31_x_1X5.334,48.0,1.3666853308184712,1.51785783224047,1.4244077107675985,1.5819650297976966,1.4036857825734816,1.5589509970139184,1.4394358557584488,1.4667665991836312,1.456835404490796
W8X31_x_1X5.334,49.0,1.348696852426954,1.551498249950384,1.4075095763503043,1.6191545494944173,1.3865592818981418,1.5950539926346718,1.4536483505598359,1.4831068504169729,1.4724760215289308
W8X31_x_1X5.334,50.0,1.330467403796726,1.5855893083042396,1.3903396375492372,1.6569422579754352,1.369169293829591,1.6317124247910926,1.4683430382691,1.500090431976931,1.4887077600339444
W8X31_x_1X5.334,51.0,1.3126178326849427,1.6209480291998377,1.3728805614587583,1.6953663016076654,1.3514988428823538,1.6689620781358312,1.4839041530178718,1.5177670907922545,1.505575256041117
W8X31_x_1X5.334,52.0,1.29453687977583,1.6569316468344113,1.3551140677986218,1.7344669117459703,1.3335300539230437,1.7068406337967847,1.500085607759616,1.5361916008401308,1.5231275198486722
W8X31_x_1X5.334,53.0,1.2761547788975065,1.693514590922075,1.337020845185883,1.7742865890024697,1.315244073008201,1.7453878362524693,1.5169055962376028,1.5554244244706197,1.5414184950056034
W8X31_x_1X5.334,54.0,1.2574524545717098,1.7307348243246008,1.3185804594370512,1.8148703050557304,1.2966209808507032,1.7846456757465075,1.5344135612613312,1.5755324805663917,1.5605077048824647
W8X31_x_1X5.334,55.0,1.2384097634246174,1.7686324351648408,1.2997712529418564,1.8562657241096128,1.2776396980385258,1.8246585880883175,1.552663950553544,1.5965900402518358,1.5804610032854447
W8X31_x_1X5.334,56.0,1.2190053993738086,1.8072498255178935,1.2805702340200935,1.8985234463974165,1.2582778810130477,1.8654736739328628,1.571716876240336,1.618679775585035,1.601351449205921
W8X31_x_1X5.334,57.0,1.1992167896336017,1.8466319183749866,1.260791287629839,1.9414483305038635,1.2385118076794233,1.9071409399162087,1.5916388810636324,1.641758212640538,1.623260330356673
W8X31_x_1X5.334,58.0,1.1790199804231032,1.8868263851003955,1.239782698350981,1.9840670606787603,1.2179902983869952,1.9491919305457208,1.6125038320444618,1.6653378362364302,1.645992349325533
W8X31_x_1X5.334,59.0,1.1583895111079274,1.9278838959069715,1.2183151346918246,2.027616881704712,1.1964384679277411,1.991207994067028,1.6343939670568415,1.690148422142086,1.6693556327219652
W8X31_x_1X5.334,60.0,1.1372982753287058,1.9698583962297755,1.1963598674625733,2.0721560745815446,1.1744142075464354,2.0341450766011664,1.6574011257541463,1.7163053216349176,1.6939319312409022
W8X31_x_1X5.334,61.0,1.1157173674628185,2.0128074122886397,1.1738862384946418,2.1177468335002736,1.1518879366855883,2.0780608465018675,1.6816282039011248,1.7439384930963702,1.7198344448814324
W8X31_x_1X5.334,62.0,1.0936159125250102,2.056792389609665,1.150861477164028,2.16445563804996,1.1288280842166019,2.123016852812361,1.707190879913583,1.7731949020508246,1.7471906423208992
W8X31_x_1X5.334,63.0,1.0709608773312875,2.101879068835397,1.12725049651796,2.212353666802045,1.1052008988757298,2.169078894827243,1.734219674982645,1.8042414100793875,1.7761445944580252
W8X31_x_1X5.334,64.0,1.0483612523051458,2.149459102964122,1.1030156662564132,2.2615172578476703,1.0809702385887885,2.216317432811481,1.7636944994790849,1.8372682728940812,1.8068597809915175
W8X31_x_1X5.334,65.0,1.0254546256014145,2.199094541270772,1.0781165593919626,2.312028422732018,1.056097335835518,2.264808045430976,1.7955380242344645,1.8724934029127778,1.8395224858417385
W8X31_x_1X5.334,66.0,1.0018614444300296,2.2502176465466417,1.0525096689065618,2.363975421253889,1.0305405357599384,2.314631940315775,1.8295701364979255,1.9101675986577888,1.8743459307983261
W8X31_x_1X5.334,67.0,0.9775353289501747,2.3029289173835696,1.0261480901266131,2.4174534058103077,1.0042550032086364,2.365876525199407,1.8660475359008348,1.9505810068977327,1.911575341714844
W8X31_x_1X5.334,68.0,0.9524260495916509,2.357337194195513,0.9991446869838818,2.472969879414546,0.9771945372302898,2.418641352328912,1.9052684073219155,1.9943977805664692,1.951498299848266
W8X31_x_1X5.334,69.0,0.9264791026213703,2.413560578906257,0.9712783830034346,2.5302666943357246,0.9494571494116638,2.473420437327673,1.9475811696445249,2.0417477552606114,1.9947614961168876
W8X31_x_1X5.334,70.0,0.8996352290195373,2.4717274774770654,0.9424878001745499,2.589463949091035,0.9208293852591064,2.5299579431696753,1.9933955356043707,2.0931056991009838,2.041486539268671
W8X31_x_1X5.334,71.0,0.8718298675904095,2.5319777849387393,0.9127077306834129,2.6506957195895824,0.8912493602488143,2.5883760867562238,2.043196627816244,2.149038624145457,2.092138452919384
W8X31_x_1X5.334,72.0,0.8429925315357492,2.5944642362692654,0.8818671562622807,2.7141080288039774,0.8606498017386343,2.6488077260841396,2.097563183853316,2.2102254183783665,2.147269098321893
W8X31_x_1X5.334,73.0,0.8132770772336538,2.6601094576228252,0.8498885674870532,2.779860246384763,0.8289574304060328,2.711397581855457,2.1579056488126116,2.2774858925656645,2.2075384575246484
W8X31_x_1X5.334,74.0,0.7833356220351331,2.7318159626604257,0.8166871858768667,2.8481266881267704,0.7960922552870888,2.7763036297180776,2.2279431649484844,2.3518193721785368,2.2737424982859586
W8X31_x_1X5.334,75.0,0.7520586160745522,2.806720965460165,0.7824025958433732,2.9199662396612474,0.7619667679568535,2.843698691694023,2.3061627270477074,2.435503296043948,2.3468501244552873
W8X31_x_1X5.334,76.0,0.7193342722352278,2.885092183919935,0.7473889513844566,2.9976133561481277,0.7266356693163727,2.9143764881211647,2.3941441395560794,2.5329592044998,2.4287776431468746
W8X31_x_1X5.334,77.0,0.6850383610732955,2.9672271339481386,0.7107909698221134,3.078773937443523,0.690534777205531,2.991034727819943,2.493901455710111,2.643576594914637,2.5243992118039285
W8X31_x_1X5.334,78.0,0.6490324133962091,3.053457434091271,0.6724747455680631,3.16374493586337,0.6527970557321289,3.0711686837762557,2.608043229893653,2.7702977900303853,2.6328002627744587
W8X31_x_1X5.334,79.0,0.6111616026055053,3.1441538770910014,0.6322912977418862,3.252856735061098,0.6132839722503437,3.155072522370728,2.740009391230217,2.917012207225752,2.756807351023793
W8X31_x_1X5.334,80.0,0.5720150413801933,3.2440585047273607,0.5900743677661635,3.3464780341346554,0.5718413727630114,3.243073581056098,2.9018354962034634,3.0889708356494228,2.9001463992436873
W8X31_x_1X5.334,81.0,0.5309434191011643,3.3522448165567207,0.5462483285624747,3.4488762118500342,0.5282971961115625,3.335537222147955,3.1002314271692537,3.3019912274102836,3.0678313729477678
W8X31_x_1X5.334,82.0,0.48728828700100546,3.4672363233994195,0.500300964171716,3.559826332547053,0.4828891122385719,3.4359345684913234,3.3433455954294784,3.5688198572627243,3.273453359257193
W8X31_x_1X5.334,83.0,0.4407687066999151,3.589773041974435,0.4515468499414195,3.67755397438358,0.4353307237621613,3.5454842250599534,3.648428345744403,3.903767387704334,3.531915942024689
W8X31_x_1X5.334,84.0,0.39117763765322777,3.721806610974633,0.39968811656205605,3.8027784089931993,0.38486372955416565,3.661733788189689,4.046592887659296,4.337040554298258,3.855132002762924
W8X31_x_1X5.334,85.0,0.33883196577081653,3.872867090607876,0.34487371081378926,3.941924552449003,0.33117914848900865,3.785394988813336,4.624480186933861,4.947698534270574,4.2712124478961915
W8X31_x_1X5.334,86.0,0.2822377650778052,4.036188083417961,0.2865071995390369,4.09724384075294,0.2742031189318076,3.9212872903932725,5.46978836479585,5.871260519346971,4.8464565699921005
W8X31_x_1X5.334,87.0,0.22081692439941705,4.213437917429012,0.2235128058574894,4.264878400024402,0.21353882636833402,4.074563534071232,6.825111358713656,7.354323595256173,5.715411512500762
W8X31_x_1X5.334,88.0,0.15468926507859376,4.429720974938669,0.15547782268700877,4.452302310341412,0.14806387204175392,4.239994541836858,9.78798034914475,10.253024340188535,7.088424414805359
W8X31_x_1X5.334,89.0,0.08155889396877361,4.672505906118194,0.08152884523490522,4.67078441530782,0.07720633565758853,4.423148007474758,19.116509348450343,18.98809791595766,9.660450158024238
W8X31_x_1X5.334,90.0,0.0,5.293836465684516,0.0,4.835807235891274,0.0,4.835807235891273,-inf,53.374369718489746,53.37436971849704
W8X31_x_1X5.4864,0.0,2.1322711569444324,0.0,2.107997504369372,0.0,2.107997504369372,0.0,0.9999999999999999,1.0,1.0
W8X31_x_1X5.4864,1.0,2.1047420319989163,0.0367384088256897,2.0900480656380567,0.03648192468880786,2.0893248902724375,0.036469301615846474,1.0078504012530616,1.0077951624760495,1.0077924440134114
W8X31_x_1X5.4864,2.0,2.0778985435244364,0.07256181606565519,2.0723910569311594,0.07236949039585246,2.070969091511679,0.07231983426921355,1.0156263159975416,1.0155842452091979,1.0155733836209053
W8X31_x_1X5.4864,3.0,2.0516996286561953,0.10752502129371151,2.055008886451356,0.10769845214583094,2.0529112050383826,0.10758851732133372,1.0233334748204275,1.0233720002475784,1.0233475793035922
W8X31_x_1X5.4864,4.0,2.026106940882368,0.14167919903252252,2.0378848358571573,0.14250278967951502,2.035133293968147,0.1423103831272875,1.0309774241356107,1.0311631763229152,1.0311197749926528
W8X31_x_1X5.4864,5.0,2.0010846106808398,0.17507221819076063,2.021002989851372,0.17681485056399313,2.017618309564405,0.1765187294092238,1.0385635431463802,1.0389625304447958,1.0388947096650996
W8X31_x_1X5.4864,6.0,1.976599030142157,0.20774892948996923,2.0043481714458435,0.21066548176597236,2.0003500196480712,0.2102452590787914,1.0460970598414912,1.0467748395373184,1.0466771289131924
W8X31_x_1X5.4864,7.0,1.9526186587710468,0.2397514246280215,1.9879658927212167,0.24409151922772532,1.9833706895046948,0.2435272992185251,1.0535830661303958,1.054606651665157,1.0544734699910434
W8X31_x_1X5.4864,8.0,1.9347948027355313,0.2719176765543004,1.9718454498038014,0.27712480541953877,1.9666722942009773,0.2763977658130725,1.061217379274816,1.062463770745209,1.0622895669037546
W8X31_x_1X5.4864,9.0,1.9199295449400604,0.3040869664378731,1.955906965568428,0.3097852300684175,1.950172645777101,0.3088770030376263,1.0689651516745151,1.0703494862785308,1.0701285990083182
W8X31_x_1X5.4864,10.0,1.9052104265275993,0.3359400021238983,1.940137824305801,0.3420986447181322,1.9338583375076355,0.340991401770613,1.0767503153434108,1.0782687900044587,1.0779954690034785
W8X31_x_1X5.4864,11.0,1.890626462308373,0.36750055620745264,1.924525881310425,0.3740899357526605,1.9177164856914917,0.3727663233272112,1.0845779236998725,1.0862267573870712,1.0858951485092878
W8X31_x_1X5.4864,12.0,1.8761670312266479,0.39879161327618934,1.9090594226202404,0.40578310689591596,1.9017346856893813,0.40422618599875515,1.0924531374475601,1.0942285609328888,1.0938326908556475
W8X31_x_1X5.4864,13.0,1.8618218434231615,0.42983544118916667,1.8937271273586818,0.4372013563787077,1.8859009709062273,0.435394545795064,1.1003812386562724,1.1022794840316474,1.1018132443067337
W8X31_x_1X5.4864,14.0,1.8475809092234752,0.460653658187877,1.8785608903425068,0.4683778350084046,1.8702390578899744,0.46630296914301905,1.1083676455106843,1.11038773514969,1.109844368455191
W8X31_x_1X5.4864,15.0,1.833434509844852,0.49126729628827936,1.8635738232258774,0.4993431009691536,1.8547751773379642,0.49698551090899984,1.116417927817516,1.118561317828459,1.1179347332019682
W8X31_x_1X5.4864,16.0,1.818794500431687,0.5215309306422824,1.8486864826804417,0.530102318623297,1.8394231584746426,0.5274461031504963,1.1244932222819288,1.1268018435782186,1.1260853934562405
W8X31_x_1X5.4864,17.0,1.8040088238074956,0.5515408470601021,1.833888892209457,0.5606761007346651,1.8241725351196032,0.5577055122602884,1.1326182788707135,1.135115225501416,1.1343020520059772
W8X31_x_1X5.4864,18.0,1.789306780746195,0.5813810156675331,1.8191713040354347,0.5910845875028135,1.8090131017272506,0.5877839874945658,1.140815918231606,1.1435075713789606,1.1425905855202028
W8X31_x_1X5.4864,19.0,1.7746787777996165,0.6110709079155621,1.8045241725340178,0.6213475014521465,1.7939348849773507,0.6177013173413213,1.149092183686516,1.1519852028153104,1.1509570623713932
W8X31_x_1X5.4864,20.0,1.7601154077400545,0.6406296172906999,1.7899381287673066,0.6514842000494444,1.7789281166416706,0.647476883356803,1.157453331877751,1.160554675656059,1.1594077615767744
W8X31_x_1X5.4864,21.0,1.7456074247579145,0.670075909655354,1.775403955968472,0.6815137263558972,1.763983207565109,0.6771297117906581,1.165905853062141,1.1692228018249444,1.1679491929900505
W8X31_x_1X5.4864,22.0,1.7311457205237075,0.6994282718338767,1.76100297643139,0.7114913862520521,1.7491645626572663,0.706708356615018,1.1744564928244858,1.1780074581513162,1.176596906249575
W8X31_x_1X5.4864,23.0,1.7167213009801818,0.7287049587166763,1.7466443365140456,0.7414065337253466,1.7344122109646838,0.7362143044809283,1.1831122753723358,1.1869077808419124,1.1853532610312347
W8X31_x_1X5.4864,24.0,1.7020970752488325,0.7578224430805424,1.7323087910708475,0.7712735655968931,1.7196919018056611,0.7656561645766709,1.19184981348417,1.1959303948762143,1.1942228517082043
W8X31_x_1X5.4864,25.0,1.6868716183964862,0.786601153982598,1.717987567336493,0.801110759264083,1.7049945874034276,0.7950520332190404,1.2006147759082095,1.205083454826697,1.2032134037632307
W8X31_x_1X5.4864,26.0,1.671672889019367,0.8153293453967879,1.7036719275128516,0.8309363192728338,1.6903112762238859,0.8244198942347407,1.2094952277921676,1.2143755142573138,1.2123330044540293
W8X31_x_1X5.4864,27.0,1.6564915768661408,0.8440246152864556,1.6893531474209817,0.8607684217945037,1.675633010918706,0.8537776630760568,1.2184989901995698,1.2238155607128134,1.2215901346163682
W8X31_x_1X5.4864,28.0,1.6413184142270179,0.8727044812041672,1.6750224952237909,0.8906252589556338,1.6609508464459595,0.8831432305814332,1.227634255467862,1.233413053788754,1.230993703183031
W8X31_x_1X5.4864,29.0,1.626144153272255,0.9013864231258099,1.6607082680969065,0.9205456248285672,1.6462558282545807,0.9125345066083892,1.2369096198107425,1.2431847289476918,1.2405530847306754
W8X31_x_1X5.4864,30.0,1.610959543493796,0.9300879260897397,1.6464693302719378,0.9505895110449661,1.6316761798112427,0.9420486816443212,1.2463341187311283,1.2531553763825531,1.2503045411536178
W8X31_x_1X5.4864,31.0,1.5957553091330219,0.9588265228621835,1.6321899744657113,0.9807186784280454,1.6170646219366758,0.9716304497444389,1.255917265568592,1.263317874109004,1.2602349462516995
W8X31_x_1X5.4864,32.0,1.580522126477464,0.9876198368503251,1.6178612872856968,1.0109519340654036,1.6024109454228144,1.0012974889587667,1.265669093545607,1.2736841921043323,1.2703552734789783
W8X31_x_1X5.4864,33.0,1.5650940641737408,1.0163839693427792,1.6034742332796272,1.0413083425883465,1.5877059971061747,1.0310683302859747,1.2755649513714429,1.2842670391474442,1.2806773752154759
W8X31_x_1X5.4864,34.0,1.549500263948288,1.0451511248827083,1.5890196317671148,1.0718072750567356,1.5729404969153036,1.0609617616557312,1.2856193857815306,1.2950799303912648,1.2912138324286166
W8X31_x_1X5.4864,35.0,1.5338535800451354,1.074015839257554,1.574488132897466,1.102468459476537,1.558105014048092,1.0909968761588198,1.295870083320712,1.3061372619693865,1.3019780212064767
W8X31_x_1X5.4864,36.0,1.5181441569778393,1.1029962936872466,1.559870192798257,1.133312033235855,1.5431899423455055,1.1211931219041504,1.306329284035857,1.3174543935354748,1.3129841861958456
W8X31_x_1X5.4864,37.0,1.5023619832490402,1.1321109571977805,1.545156047670745,1.1643585977631161,1.5281854747221906,1.151570353785168,1.3170099907189916,1.3290477397656129,1.32424752182501
W8X31_x_1X5.4864,38.0,1.4864968652895088,1.1613786346979853,1.530335686678271,1.1956292757320204,1.5130815765056231,1.1821488874559674,1.3279260389367773,1.340934872007638,1.3357842623197629
W8X31_x_1X5.4864,39.0,1.4705384004195303,1.1908185168598615,1.5153988234622593,1.2271457711622369,1.4978679575251586,1.2129495558382903,1.339092174403424,1.3531346314419694,1.3476117816713489
W8X31_x_1X5.4864,40.0,1.4544759486764414,1.220450232090626,1.500334866107116,1.2589304327928947,1.4825340427803861,1.2439937685047837,1.3505241386403006,1.3656672553304203,1.359748704891143
W8X31_x_1X5.4864,41.0,1.4382986033414373,1.250293900904313,1.4851328853600207,1.2910063211382123,1.467068941504387,1.275303574311853,1.3622387640046585,1.378554518179536,1.372215032093654
W8X31_x_1X5.4864,42.0,1.4219951599863667,1.2803701930236786,1.4697815808941117,1.323397279671531,1.4514614144216471,1.3069017276875143,1.3742540793326772,1.3918198899405665,1.385032277193202
W8X31_x_1X5.4864,43.0,1.4055540838468794,1.310700387569615,1.4542692453835662,1.3561280106262086,1.435699838982252,1.338811759016362,1.3865894276330357,1.405488713718854,1.3982236232877148
W8X31_x_1X5.4864,44.0,1.3889634753118334,1.3413064367256597,1.4386955180415033,1.3893321121379278,1.4197825659201477,1.371068086575871,1.399265597491971,1.4196348646975643,1.4118183688135435
W8X31_x_1X5.4864,45.0,1.3722110332999906,1.3722110332999904,1.4230075884796785,1.4230075884796782,1.4038535467215991,1.403853546721599,1.4123049701159978,1.4342783733726385,1.4259122341880934
W8X31_x_1X5.4864,46.0,1.3552840162734983,1.4034376826470392,1.4071188166818012,1.4571141897791207,1.387730939107942,1.4370374548313292,1.4257316842524201,1.4494233433013801,1.4404694845880077
W8X31_x_1X5.4864,47.0,1.3381692006130665,1.4350107794561948,1.3910154479884118,1.4916814415837392,1.3714011839647853,1.470647718574639,1.439571821600619,1.4651057069446836,1.455522683353985
W8X31_x_1X5.4864,48.0,1.320852836051764,1.466955689966721,1.374683088380898,1.5267402418798708,1.3548501155967503,1.5047134940995297,1.4538536157713018,1.4813646730080785,1.4711072778287893
W8X31_x_1X5.4864,49.0,1.303320597832447,1.499298840226846,1.358106648254482,1.5623229817887718,1.3380629081178168,1.5392652963730047,1.4686076883821342,1.4982431182262794,1.4872619354345666
W8X31_x_1X5.4864,50.0,1.2861556467520174,1.5327806126520462,1.341270281414716,1.5984636765158347,1.3210240174073546,1.5743351186484509,1.484202804502366,1.5157880363447562,1.5040289274635674
W8X31_x_1X5.4864,51.0,1.2687558690674723,1.5667830150485795,1.3241573187496223,1.6351981077289865,1.3037171181263303,1.609956562100277,1.5003861065064485,1.5340510543053323,1.5214545686989724
W8X31_x_1X5.4864,52.0,1.251084815568493,1.601315540850714,1.3067501959617713,1.6725639786879352,1.286125035226806,1.646164976792579,1.5171901650490454,1.5530890276938352,1.5395897225986428
W8X31_x_1X5.4864,53.0,1.2331250657658988,1.6364122329349633,1.289030374666778,1.7106010836129644,1.268229669317573,1.6829976152932498,1.5346622528765217,1.5729647300441496,1.5584903837619337
W8X31_x_1X5.4864,54.0,1.2148582673538977,1.6721089551208397,1.270978256075257,1.7493514929739646,1.2500119151681097,1.7204938004109323,1.552854326906715,1.5937476537459305,1.5782183518556472
W8X31_x_1X5.4864,55.0,1.1962650541239708,1.7084435525823964,1.252573086372306,1.7888597566014268,1.231451572540382,1.7586951087229887,1.5718236330837487,1.6155149442437247,1.5988420142257633
W8X31_x_1X5.4864,56.0,1.1773249561846928,1.745456027295398,1.2337394501398116,1.8290939540916547,1.2125272484312555,1.79764557178233,1.5916334070493192,1.6383070049327073,1.6204372582311446
W8X31_x_1X5.4864,57.0,1.1580163015697955,1.7831887303134701,1.2139632067384245,1.869339409416499,1.1930472010983193,1.8371315851483527,1.6123536888406398,1.6617633582820408,1.6429381118323012
W8X31_x_1X5.4864,58.0,1.1383161081940036,1.8216865729064924,1.1937705642516094,1.910432253724669,1.1727582873917082,1.8768055815319984,1.6340622738897803,1.686422584434232,1.6661895322852027
W8X31_x_1X5.4864,59.0,1.1181999649742906,1.8609972588717802,1.1731355274521666,1.952425388355094,1.1520407356040732,1.9173177590978572,1.6568458277136118,1.7123958980881266,1.6906268081366547
W8X31_x_1X5.4864,60.0,1.0976419007698246,1.9011715406498118,1.1520303978275985,1.9953751809011866,1.1308677814517933,1.9587204541172027,1.6808011981583801,1.739808387432896,1.716359132777381
W8X31_x_1X5.4864,61.0,1.0766142396030587,1.942263502249149,1.1304256136157427,2.039341790744802,1.109210903048989,2.0010694397681172,1.7060369673121136,1.7688012594255247,1.7435092586006993
W8X31_x_1X5.4864,62.0,1.0550874404023376,1.9843308724191966,1.1082895724005295,2.084389530081045,1.087039655656965,2.0444242492750178,1.7326752957791423,1.799534535284603,1.7722156812756957
W8X31_x_1X5.4864,63.0,1.0335808058940805,2.0285165479362024,1.085588433956436,2.130587265137785,1.0643214883855574,2.088848534340373,1.761572803205245,1.8321903051888775,1.8026352599077273
W8X31_x_1X5.4864,64.0,1.011830724604264,2.074560421684085,1.062285900676739,2.1780088630130403,1.041021540450794,2.13441046355306,1.7927373247440852,1.8669766824010392,1.8349463780841222
W8X31_x_1X5.4864,65.0,0.9894633673555272,2.12191103888462,1.038342972504972,2.226733690399379,1.0171024142263398,2.181183166175366,1.8259666027197101,1.9041326387122979,1.8693527807374493
W8X31_x_1X5.4864,66.0,0.9664378496597118,2.170654950028627,1.0137176727986403,2.2768471714623484,0.9925239218945242,2.2292452275547374,1.8614952736313162,1.9439339592506533,1.9060882616490604
W8X31_x_1X5.4864,67.0,0.9427100179534924,2.220885626081488,0.9881609000173354,2.327961194120369,0.9672428019934567,2.2786812434022807,1.89959463078256,1.9862938421121743,1.945422430082093
W8X31_x_1X5.4864,68.0,0.9182320998848483,2.2727041988098278,0.9618099676362155,2.3805632063811504,0.9410135224220604,2.329090198233803,1.9405800888851188,2.031872436710451,1.9872504769749686
W8X31_x_1X5.4864,69.0,0.8929523094598092,2.3262202966668233,0.934635597358755,2.4348089741528502,0.9139764020363076,2.3809899303329694,1.9848205497427687,2.0811347020228306,2.0322507969227903
W8X31_x_1X5.4864,70.0,0.8668144000619656,2.3815529910283555,0.9065812180171927,2.4908114254039044,0.8860916400370296,2.4345167725692516,2.032750258947138,2.1345799973164947,2.080862904473032
W8X31_x_1X5.4864,71.0,0.8397571570955763,2.438831870243097,0.8775854248571524,2.5486931369599,0.8573009221317474,2.4897826634965337,2.084883962436229,2.1928018405562257,2.133573312265336
W8X31_x_1X5.4864,72.0,0.8117138204790451,2.4981982621859853,0.847581433541663,2.608587424426577,0.8275409401389797,2.5469091278042693,2.1418364865279407,2.2565112211824063,2.1909596516022294
W8X31_x_1X5.4864,73.0,0.7836756551571127,2.563287568712916,0.8164964592345167,2.670639581670248,0.7967428267885277,2.6060283612597117,2.2079900877515892,2.3265671996610213,2.253713073747012
W8X31_x_1X5.4864,74.0,0.7545019328534779,2.631260938539102,0.7842510084444545,2.735008294445989,0.7648315127998789,2.6672844648429908,2.281611783607554,2.4040175970818902,2.322667601241537
W8X31_x_1X5.4864,75.0,0.7240534790893838,2.70220437135859,0.7515522542435055,2.804831197379685,0.7317249934323994,2.7308348526577175,2.363909689849966,2.494116334978133,2.398839082089752
W8X31_x_1X5.4864,76.0,0.6922250575793637,2.7763630626550646,0.7175103287275788,2.87777674607561,0.6980128673585424,2.7995766997643265,2.456573700877687,2.5957962306068514,2.487100326721674
W8X31_x_1X5.4864,77.0,0.6588999084948379,2.854009057213429,0.6819694584220922,2.953934256153925,0.6629610234026685,2.871599678459393,2.561762587417329,2.711245898572294,2.5868639752748033
W8X31_x_1X5.4864,78.0,0.6239481102280463,2.935445066131046,0.6448052625013349,3.033570252713936,0.6263620308342019,2.9468016696966566,2.6822787739601526,2.8435523260924787,2.6999970373112263
W8X31_x_1X5.4864,79.0,0.5874796003230751,3.022320537142707,0.6058796572105001,3.116980623696991,0.5880873017851745,3.0254468901400617,2.82408036639358,2.9967991926413293,2.8294647832942554
W8X31_x_1X5.4864,80.0,0.5498630201792344,3.1184281496225763,0.5651398194702428,3.2050671837036213,0.5479940548729754,3.1078287206596924,2.999605344143132,3.1777511146586455,2.9791788305736477
W8X31_x_1X5.4864,81.0,0.5100295398796381,3.2201997799440787,0.5230843458575927,3.302624580961179,0.5059232815250124,3.1942738850379144,3.211070277222685,3.405625807550582,3.1544074590203297
W8X31_x_1X5.4864,82.0,0.46775069553599713,3.3282191366409872,0.4786424330365814,3.405717875876802,0.4624618378859767,3.2905869590520322,3.4709499722035164,3.685043050445747,3.3757486581783294
W8X31_x_1X5.4864,83.0,0.4227659049810621,3.443151988101959,0.43157551246619563,3.514900483355365,0.41653460487515986,3.392402121342817,3.79824724777989,4.035962705084264,3.6463909137982893
W8X31_x_1X5.4864,84.0,0.37524339047088995,3.5702023759782024,0.38161257102202295,3.630801081016428,0.3678901561461281,3.5002410246951183,4.240606560536121,4.490177175632588,3.9849963891546425
W8X31_x_1X5.4864,85.0,0.32465824351512984,3.710860703900564,0.3291378762377358,3.7620631402171116,0.31624758268205744,3.6147264106777603,4.868913197070432,5.14666243139613,4.421147022074722
W8X31_x_1X5.4864,86.0,0.27009746903172566,3.862573761405298,0.27302671943018514,3.9044639937360075,0.2617437720658086,3.743110329086011,5.796009275257322,6.117852584675284,5.040224289382521
W8X31_x_1X5.4864,87.0,0.2111982742790838,4.029903139731501,0.2126539976191482,4.057679995762785,0.20353591283257688,3.8836965736199236,7.3387749529096125,7.678253014156876,5.953937745573516
W8X31_x_1X5.4864,88.0,0.147748652899735,4.230967846646381,0.14771738813217716,4.230072540843764,0.14090417259019153,4.034967574912366,10.795726877958822,10.773115653659445,7.398410387746242
W8X31_x_1X5.4864,89.0,0.07772504385770007,4.452864780356711,0.07728835106416816,4.427846666970837,0.07337155347982922,4.203453483648609,22.51755701366968,20.060249976505826,10.14163073654305
W8X31_x_1X5.4864,90.0,0.0,5.001132732572066,0.0,4.563895308730912,0.0,4.563895308730904,-inf,49.36762846444595,49.36762846446693
W8X31_x_1X5.638799999999999,0.0,2.0746727919343186,0.0,2.051024598845876,0.0,2.051024598845876,0.0,0.9999999999999998,1.0,1.0
W8X31_x_1X5.638799999999999,1.0,2.047417735857701,0.035737809514580415,2.03321408166942,0.035489883808506026,2.0325106910976327,0.03547760608040557,1.0080685029980125,1.0080120751886408,1.0080092809478476
W8X31_x_1X5.638799999999999,2.0,2.0208535233767644,0.07056976006642623,2.015699647056997,0.07038978273947466,2.014317046971317,0.07034150128058336,1.0160602847651716,1.016018661587002,1.0160074961687142
W8X31_x_1X5.638799999999999,3.0,1.99493862754893,0.10455030327579747,1.998463559539331,0.10473503713353814,1.9964246214692405,0.10462818091718905,1.0239812396775947,1.0240246431179145,1.023999536668557
W8X31_x_1X5.638799999999999,4.0,1.9696343000800742,0.13773024729918712,1.9814889770684345,0.13855920706760325,1.978815356411988,0.1383722492987516,1.0318370722994694,1.0320349021432818,1.031990278287428
W8X31_x_1X5.638799999999999,5.0,1.9449043248133058,0.17015708006370572,1.964759878950332,0.1718942159587208,1.9614721006462075,0.1716065726289234,1.039633314846497,1.0400543313868955,1.0399845936141823
W8X31_x_1X5.638799999999999,6.0,1.9207147961475772,0.20187525981256077,1.948260999650293,0.20477048246618643,1.944378536891725,0.20436241918699966,1.0473753436525646,1.0480878459103975,1.0479873638836021
W8X31_x_1X5.638799999999999,7.0,1.897033919445833,0.23292647681707265,1.9320540519377336,0.23722640840785228,1.9275932856474145,0.23667869517760493,1.055068394748445,1.0561427378425505,1.0560057680703578
W8X31_x_1X5.638799999999999,8.0,1.879614117722628,0.2641625370231372,1.9160845976504968,0.2692881287141967,1.9110643683378299,0.26858258149619707,1.0629234363731521,1.0642236987716978,1.0640445243291758
W8X31_x_1X5.638799999999999,9.0,1.8648937755809987,0.2953701569101078,1.9003003518687631,0.3009780076792534,1.8947372784130616,0.3000969034034878,1.0708903518263162,1.0723347850695486,1.072107575182212
W8X31_x_1X5.638799999999999,10.0,1.8503224873358484,0.32626177752890706,1.884688655793932,0.33232146025163944,1.878598570059538,0.33124761382183804,1.0788964459948378,1.0804811398200276,1.0801999705184775
W8X31_x_1X5.638799999999999,11.0,1.835889252430159,0.35686072042998923,1.869237334037581,0.3633429308419897,1.8626353330703624,0.3620596318530543,1.0869469271749501,1.0886679940999762,1.0883268329330578
W8X31_x_1X5.638799999999999,12.0,1.8215834445445587,0.38718951376742683,1.85393465366812,0.3940659755445989,1.8468351481437226,0.3925569290607756,1.0950471159917372,1.0969006807424604,1.0964933709351683
W8X31_x_1X5.638799999999999,13.0,1.8073947782040536,0.4172699630937582,1.8387692859538967,0.4245133389454194,1.8311860452261504,0.42276260987573494,1.1032024599645052,1.1051846486493255,1.1047048926150642
W8X31_x_1X5.638799999999999,14.0,1.7933132773814981,0.44712321792168785,1.8238083306478796,0.4547264886491912,1.8157474812858552,0.45271669317653784,1.1114185487716797,1.1135308952061462,1.1129717434943007
W8X31_x_1X5.638799999999999,15.0,1.7793292458849241,0.476769834503944,1.8089839800856777,0.48471579658479547,1.800463841112368,0.4824328322274962,1.1197011303093434,1.1219422982283433,1.1212974574985513
W8X31_x_1X5.638799999999999,16.0,1.7648674236053838,0.5060675901948793,1.7942627196293501,0.5144965556927658,1.7852952970848828,0.5119251886559903,1.1280097690301496,1.1304233032754833,1.1296859169870377
W8X31_x_1X5.638799999999999,17.0,1.7503047541048964,0.5351218652328229,1.779634597475774,0.544088898233677,1.7702314118639288,0.5412140558886855,1.136373376424563,1.1389800143821651,1.1381430075604724
W8X31_x_1X5.638799999999999,18.0,1.7358280095960177,0.5640047095905084,1.7650899002161777,0.5735124742020112,1.7552620183986767,0.570319201827256,1.1448128225510923,1.1476187382185674,1.1466747959178507
W8X31_x_1X5.638799999999999,19.0,1.721427685348399,0.5927350863467671,1.7506191260761261,0.6027865054610322,1.7403771913017207,0.5992599245046926,1.1533343605923962,1.1563460039356148,1.1552875483234655
W8X31_x_1X5.638799999999999,20.0,1.7070944694179897,0.621331573948604,1.7362129593125404,0.6319298375370017,1.7255672195593093,0.6280551051450812,1.1619444670950285,1.165168584337205,1.1639877502412315
W8X31_x_1X5.638799999999999,21.0,1.6928192179066937,0.6498124155711601,1.72190610683502,0.6609778261218145,1.7108528223901491,0.6567348677544121,1.170649863109587,1.1740987346749059,1.1727857156454808
W8X31_x_1X5.638799999999999,22.0,1.6785929311250487,0.6781955666760268,1.7076923752762787,0.6899525052703491,1.696253017727336,0.6853307048138709,1.1794575368221076,1.1831452227827037,1.1816927711311251
W8X31_x_1X5.638799999999999,23.0,1.6644067305231431,0.7064987410368404,1.6935144331227814,0.7188542277481055,1.681698155547302,0.7138385154959723,1.1883747678466705,1.1923103635535477,1.1907095363780087
W8X31_x_1X5.638799999999999,24.0,1.6500192307374788,0.7346358928350499,1.6793635358656904,0.7477008192285761,1.667179197685044,0.7422760023590524,1.197375769478894,1.2016022069177181,1.1998436520100164
W8X31_x_1X5.638799999999999,25.0,1.635102594944541,0.7624608618917501,1.6652310052426762,0.7765099703418066,1.6526871941880055,0.7706606951845643,1.2064134160253521,1.21102918367118,1.2091031038857634
W8X31_x_1X5.638799999999999,26.0,1.6202150013537537,0.790231656643507,1.6511082078724144,0.805299280227953,1.6382132611127798,0.7990099944654576,1.2155719522552917,1.2206001389294197,1.2184962535753712
W8X31_x_1X5.638799999999999,27.0,1.605347317047968,0.8179653133135413,1.636986534122471,0.8340862996150791,1.623748558666079,0.8273412142202647,1.2248595181891597,1.2303243684586564,1.2280318713758616
W8X31_x_1X5.638799999999999,28.0,1.5904904577669086,0.8456787773622482,1.6228576874236993,0.8628887386475169,1.6092842695752383,0.8556716243576079,1.2342846445006648,1.24021171531756,1.2377191721550862
W8X31_x_1X5.638799999999999,29.0,1.575635365664903,0.8733889449771491,1.608840770279013,0.8917950013119019,1.594905121461018,0.8840703450342201,1.2438562867986944,1.2502974144648697,1.2475860146565867
W8X31_x_1X5.638799999999999,30.0,1.5607729872057068,0.9011127043071111,1.5947970622675227,0.9207565132029786,1.5805384528392095,0.9125243012112723,1.253583862887209,1.26056992448762,1.2576326973206042
W8X31_x_1X5.638799999999999,31.0,1.545894251079674,0.9288669766548798,1.5807179016582746,0.9497911368983373,1.5661436250860123,0.9410340280552488,1.263477293347044,1.2710409252846822,1.2678643201625728
W8X31_x_1X5.638799999999999,32.0,1.530990046028728,0.9566687578416027,1.5665945395903689,0.978916914658525,1.5517117552015451,0.9696171188228746,1.2735470458268292,1.2817227995006406,1.2782924515043186
W8X31_x_1X5.638799999999999,33.0,1.5159075997169495,0.9844419058419995,1.5524181181107148,1.0081521137184881,1.5372338691218632,0.9982913471281261,1.28376958004371,1.2926286962000944,1.2889293528115155
W8X31_x_1X5.638799999999999,34.0,1.500676436795465,1.0122190376432867,1.5381796476368264,1.037515272764722,1.5227008791692596,1.0270747116031165,1.2941606868317062,1.3037726010441542,1.2997880414085985
W8X31_x_1X5.638799999999999,35.0,1.4853962194910764,1.040085630115856,1.5238699837210683,1.0670252498529997,1.5081035609034736,1.0559854817455183,1.3047573445418637,1.3151694137879038,1.3108823595780106
W8X31_x_1X5.638799999999999,36.0,1.4700573513451258,1.0680591843591527,1.5094798029863619,1.0967012720347453,1.4934325292466708,1.085042245204316,1.315572370013906,1.3268350340354818,1.3222270508459018
W8X31_x_1X5.638799999999999,37.0,1.4546500902899313,1.096157467020373,1.4949995780956813,1.1265629869759692,1.4786782137484038,1.114263956768875,1.3266193858862472,1.3387864563269787,1.3338378443715633
W8X31_x_1X5.638799999999999,38.0,1.4391645234115038,1.124398556319798,1.4804195516086194,1.1566305168713338,1.4638308328487837,1.1436699893421118,1.3379128948527965,1.3510418757921054,1.345731548492202
W8X31_x_1X5.638799999999999,39.0,1.4235905407971656,1.15280088974499,1.4657297085677314,1.18692451497772,1.4488803669886878,1.1732801871971617,1.3494683617595955,1.363620805794153,1.357926154631615
W8X31_x_1X5.638799999999999,40.0,1.4079178083179977,1.181383313687556,1.4509197476451456,1.2174662251168737,1.4338165304048922,1.2031149218386323,1.361302304553673,1.3765442092093998,1.3704409529652959
W8X31_x_1X5.638799999999999,41.0,1.3921357391860312,1.2101651353144063,1.4359790506658427,1.2482775445257523,1.4186287414353196,1.2331951508146481,1.373432395246784,1.3898346452485715,1.383296661450732
W8X31_x_1X5.638799999999999,42.0,1.3762334641144625,1.2391661769866882,1.4208966503078733,1.2793810904664626,1.403306091145022,1.263542479854771,1.3858775722326688,1.4035164340361164,1.3965155700865124
W8X31_x_1X5.638799999999999,43.0,1.3601997998956847,1.2684068335641547,1.4057475688575463,1.3108808152610032,1.3878373100667933,1.2941792287419966,1.3986581655031172,1.4176523532045133,1.410121702565226
W8X31_x_1X5.638799999999999,44.0,1.3440232161964303,1.2979081329609938,1.3905100958640366,1.3427999908318085,1.372367964368834,1.3252803380958174,1.4117960365514883,1.4322726443935805,1.4242104696894042
W8X31_x_1X5.638799999999999,45.0,1.32769180035155,1.3276918003515499,1.3750937874731937,1.3750937874731934,1.3567270836035805,1.3567270836035803,1.4253147350398612,1.4473774637692791,1.438747600040333
W8X31_x_1X5.638799999999999,46.0,1.3111932199176557,1.3577803264613972,1.3594859127141057,1.4077888737866968,1.3409018388038467,1.388544501898899,1.4392396746466163,1.4630009869468112,1.453764025142988
W8X31_x_1X5.638799999999999,47.0,1.2945146827246754,1.3881970404214714,1.343673185686561,1.440913080829453,1.3248791324412326,1.4207589261946252,1.4535983309162726,1.4791804334778116,1.4692934700969027
W8X31_x_1X5.638799999999999,48.0,1.277642894136982,1.418966187711122,1.3276417162916494,1.4744955053228146,1.3086452942350322,1.4533978412497583,1.4684204644164625,1.4959564233356921,1.485372652822181
W8X31_x_1X5.638799999999999,49.0,1.2605640112056657,1.4501130137707885,1.3113769569601976,1.5085666212446367,1.2921860303319108,1.486489985546159,1.483738373085181,1.5133733842856916,1.5020416334268039
W8X31_x_1X5.638799999999999,50.0,1.2438023612753528,1.4823059325270633,1.2948636449241888,1.5431584007580357,1.2754863683481235,1.5200654617838179,1.4999132575012395,1.5314800188428648,1.519344213268095
W8X31_x_1X5.638799999999999,51.0,1.2268499120208247,1.5150334678497945,1.278085739521849,1.57830444554353,1.2585305978039016,1.5541558566403968,1.5167254892865218,1.5503298412637976,1.5373283921781162
W8X31_x_1X5.638799999999999,52.0,1.2096367144316293,1.5482643906302929,1.2610263539647253,1.6140401297320977,1.2413022054231915,1.588794370854228,1.5341897599989462,1.5699817971630494,1.5560468940124006
W8X31_x_1X5.638799999999999,53.0,1.192145968498322,1.5820311341113464,1.2436676809236282,1.650402755786365,1.2237838047073448,1.624015960819805,1.5523560445225502,1.5905009809992654,1.5755577727600893
W8X31_x_1X5.638799999999999,54.0,1.174359984009144,1.6163678501150023,1.225990911208254,1.6874317248490207,1.205957059117323,1.6598574930336696,1.571279310875271,1.6119594699763682,1.5959251140232513
W8X31_x_1X5.638799999999999,55.0,1.1562601022204744,1.6513105602616038,1.2079761447209416,1.7251687232752368,1.1878025981139475,1.696357912899539,1.5910201700330406,1.63443729703194,1.6172198498664498
W8X31_x_1X5.638799999999999,56.0,1.137826610234228,1.6868973212684253,1.189318346626488,1.7632369598445374,1.1692417765422867,1.7334722206560895,1.6116456295478474,1.657761910006545,1.6394683120512046
W8X31_x_1X5.638799999999999,57.0,1.1190386472153553,1.7231684060013928,1.1702788415961272,1.8020713860673925,1.1500960782559289,1.7709926559268596,1.6332299708528029,1.6822576825509516,1.6625963878755328
W8X31_x_1X5.638799999999999,58.0,1.0998741014672557,1.7601665021760495,1.150837620940454,1.8417251821104648,1.130561102821039,1.8092759700352379,1.6558557746260254,1.7080347876094502,1.686882608793007
W8X31_x_1X5.638799999999999,59.0,1.0803094972497094,1.7979369308610949,1.1309696032710272,1.8822495058860764,1.1106125790080634,1.8483697280835139,1.679615124231321,1.7352134780211883,1.712432177454953
W8X31_x_1X5.638799999999999,60.0,1.0603198700697052,1.8365278872355593,1.1106480615410048,1.9236988719169048,1.090224681701826,1.888324540373169,1.704611024415312,1.7639292600434622,1.7393631618938892
W8X31_x_1X5.638799999999999,61.0,1.0398786289966286,1.8759907063960932,1.0898444683869948,1.966131466788536,1.069369887578092,1.9291943452401112,1.7309590815836986,1.7943354038399322,1.7678085364853495
W8X31_x_1X5.638799999999999,62.0,1.0189574043451766,1.916380157412577,1.0685283245912793,2.0096094990309945,1.0480188153289567,1.9710367221700789,1.7587895037321422,1.8266059662438963,1.7979186237509266
W8X31_x_1X5.638799999999999,63.0,0.997942511836276,1.9585724576200731,1.0466669684251961,2.0541995879965174,1.026140048419601,2.013913239147873,1.7888417350995667,1.8609394520694877,1.8298640319807271
W8X31_x_1X5.638799999999999,64.0,0.9768038650458055,2.0027447169729196,1.024225363291714,2.0999731969999513,1.003699938055677,2.057889838788456,1.821433228029905,1.897563277113049,1.8638392102732058
W8X31_x_1X5.638799999999999,65.0,0.9550715460888388,2.0481575401692784,1.001165860682037,2.1470071168105367,0.9806623836847315,2.1030372684953065,1.8562112464536877,1.9367392454258257,1.9000667779083842
W8X31_x_1X5.638799999999999,66.0,0.9327063708271304,2.0948928081324776,0.976999593337498,2.1943770147254855,0.9569885879364268,2.1494315607118835,1.8934269501868057,1.9778767090440528,1.9388028322636572
W8X31_x_1X5.638799999999999,67.0,0.9096660442382501,2.1430389024282164,0.9520233691785762,2.242826506598849,0.9321892466265449,2.1961002420606075,1.9333711920279422,2.0218126377903722,1.9794064075075444
W8X31_x_1X5.638799999999999,68.0,0.8859048294752617,2.192691396812226,0.9263118635171735,2.292702315554907,0.9065933833419223,2.2438973645037925,1.9763826973721201,2.0691431609658797,2.0228059426541845
W8X31_x_1X5.638799999999999,69.0,0.8613731744837045,2.2439538374680836,0.8998157402085427,2.3441001450566326,0.880241221709939,2.2931067809692736,2.022858353039208,2.120309967976926,2.069536105425978
W8X31_x_1X5.638799999999999,70.0,0.8360172896468803,2.2969386255784574,0.8724816182180999,2.3971235449434576,0.8530819459992098,2.3438233835772357,2.073266268380513,2.1758344805273526,2.1200276309690596
W8X31_x_1X5.638799999999999,71.0,0.8097786687592522,2.351768018320467,0.8442516301564384,2.4518847677958737,0.8250605637478162,2.396149863977754,2.1281625211491124,2.2363367151341653,2.174788507139942
W8X31_x_1X5.638799999999999,72.0,0.7825935442145824,2.408575267328853,0.8150629225158302,2.5085057383889193,0.7961174489706282,2.4501975663548614,2.188212860803013,2.302559765911753,2.2344221273809937
W8X31_x_1X5.638799999999999,73.0,0.7552083213279714,2.4701751153166076,0.7848470883796715,2.5671191541363023,0.7661878249038466,2.5060874533374147,2.2573059288171806,2.3754019634778225,2.29965081419106
W8X31_x_1X5.638799999999999,74.0,0.7269311746101691,2.5351102780137413,0.7540174383939477,2.629571305562976,0.7352011766937342,2.563951202730561,2.335057972881952,2.458295210647401,2.371346663111926
W8X31_x_1X5.638799999999999,75.0,0.6974320043333547,2.602851674996678,0.7222436609469486,2.695450038098562,0.7034903262281779,2.625461640116764,2.422128389852085,2.55228531621983,2.452661982266995
W8X31_x_1X5.638799999999999,76.0,0.6666106544442053,2.673629302936671,0.6891558667966842,2.7640532107825098,0.6708183541962739,2.6905054648763107,2.5203629649957473,2.658164605449568,2.544980680862493
W8X31_x_1X5.638799999999999,77.0,0.6343560961954898,2.7476981263758447,0.6546493581068517,2.8355979007554377,0.6367914349987156,2.758246737647725,2.6321289535388237,2.7784196789809945,2.64886221361695
W8X31_x_1X5.638799999999999,78.0,0.600544895472416,2.825341597333118,0.6186084537606094,2.9103239575400703,0.6013014195313943,2.8289007631995315,2.7605132746146017,2.91628196805244,2.7667008566503175
W8X31_x_1X5.638799999999999,79.0,0.5650511302791374,2.906936061506098,0.5809049917409093,2.9884971081578935,0.5642287888408714,2.9027054815573674,2.9097347505709275,3.0760292414526416,2.901600374725893
W8X31_x_1X5.638799999999999,80.0,0.5286622609176214,2.9981926690600984,0.5418885351582247,3.07320259770211,0.525441100556882,2.979924560868164,3.097076335920129,3.2702346907199775,3.0576578988518834
W8X31_x_1X5.638799999999999,81.0,0.490160094362867,3.0947490382168126,0.5011535263889749,3.164158836323128,0.4851482979860606,3.0631058012515084,3.3236289469924865,3.5082035872730493,3.2458021714639274
W8X31_x_1X5.638799999999999,82.0,0.4493294124417975,3.1971448966650513,0.4581792842127913,3.2601150063113633,0.4431173494277717,3.152943771581509,3.6033333108151147,3.8001062229192777,3.4769984580495152
W8X31_x_1X5.638799999999999,83.0,0.40592512910460055,3.305994875248179,0.41274749388733556,3.3615585774967864,0.39877115236076055,3.247730410308672,3.9576263244440293,4.1668748573339895,3.759719874436029
W8X31_x_1X5.638799999999999,84.0,0.35989377567226144,3.424160546552122,0.3647403390064294,3.470272516463868,0.3518836161093978,3.3479489691345607,4.430924517867897,4.64795290904362,4.113595037128976
W8X31_x_1X5.638799999999999,85.0,0.31119390655131973,3.5569626281822124,0.3143166005030409,3.5926551833759017,0.3022159969340636,3.4543446516875105,5.119583075077389,5.342888206950337,4.570616552161642
W8X31_x_1X5.638799999999999,86.0,0.2587310376695403,3.700026219964861,0.26037739252274666,3.7235701912606833,0.25000262986646055,3.5752041730205377,6.150257273573899,6.361125418360533,5.231319000515954
W8X31_x_1X5.638799999999999,87.0,0.20201555759547787,3.8546864675269346,0.2025052689609161,3.8640307170283954,0.1941446201976642,3.7045000351787,7.863312311302877,7.997979598175504,6.189241168931778
W8X31_x_1X5.638799999999999,88.0,0.14118274933652497,4.042944969179102,0.1404842794620971,4.022943408944498,0.13420872609797233,3.8432350733189686,11.903877045495252,11.28730623055904,7.7043473772547495
W8X31_x_1X5.638799999999999,89.0,0.07424415435431214,4.253444754266701,0.0733585823464458,4.202710367914764,0.06979700309516794,3.9986676292641485,28.031283066998494,21.128397507081797,10.61980043854091
W8X31_x_1X5.638799999999999,90.0,0.0,4.843170018128318,0.0,4.314097295538786,0.0,4.314097295538783,-inf,46.00800592767218,46.008005927682234
W8X31_x_1X5.791199999999999,0.0,2.0201058405258854,0.0,1.997050267297301,0.0,1.997050267297301,0.0,0.9999999999999997,1.0000000000000002,1.0000000000000002
W8X31_x_1X5.791199999999999,1.0,1.9928950769894935,0.034786112963976795,1.9793672279997323,0.034549983481521385,1.9786825837351116,0.034538032971429704,1.0082857026785348,1.0082289906999606,1.0082261206790482
W8X31_x_1X5.791199999999999,2.0,1.966391696181758,0.06866791115285001,1.9619840955544052,0.06851399434733053,1.9606387994662344,0.06846701557273738,1.016490667943524,1.0164530892984038,1.0164416200341233
W8X31_x_1X5.791199999999999,3.0,1.940552929599305,0.10170006962149938,1.9448829744812894,0.10192699765796008,1.9428997100893728,0.1018230591754486,1.024621002023849,1.0246773118104844,1.0246515198007848
W8X31_x_1X5.791199999999999,4.0,1.9153389179345528,0.13393354432249618,1.9280468837101865,0.1348221718554735,1.925447119781029,0.13464037865210177,1.0326826101755378,1.0329066744597921,1.0328608279456586
W8X31_x_1X5.791199999999999,5.0,1.8907124503673445,0.1654159053944639,1.9114596827451305,0.1672310530270582,1.9082637596059087,0.1669514459828761,1.0406812149507034,1.0411462059311287,1.04107455090142
W8X31_x_1X5.791199999999999,6.0,1.866638730574533,0.1961916362943294,1.895106003909268,0.19918366728827572,1.8913332126927698,0.1987871309526486,1.0486223734035867,1.0494009596872673,1.049297705793029
W8X31_x_1X5.791199999999999,7.0,1.8430851662709,0.22630240284722936,1.8790593731545702,0.23071948004327106,1.8747260598781301,0.23018741607536863,1.0565114933486683,1.057678891231496,1.0575381328220648
W8X31_x_1X5.791199999999999,8.0,1.8274283519742545,0.25682830594527734,1.8632313653846666,0.26186009133483756,1.8583561224165082,0.2611749206187156,1.0646328879634206,1.0659837293219492,1.065799583420048
W8X31_x_1X5.791199999999999,9.0,1.8128876100798714,0.28713318949378663,1.8475918756772762,0.29262980517730564,1.8421911606871206,0.29177441595623743,1.0728213598912533,1.0743202288830431,1.074086695090178
W8X31_x_1X5.791199999999999,10.0,1.7984977220205547,0.31712367313493656,1.832128191687414,0.32305363231110146,1.8262176786741258,0.32201144939703025,1.0810512601600182,1.082693684646974,1.0824046651954224
W8X31_x_1X5.791199999999999,11.0,1.7842477164257005,0.34682262269709585,1.8168280972871438,0.3531556072007679,1.8104227289862314,0.3519105297302956,1.0893279612406686,1.0911094836311332,1.090758767612112
W8X31_x_1X5.791199999999999,12.0,1.7701270031388756,0.3762521095064598,1.8016798308647002,0.3829588700788277,1.794793867358059,0.3814952133520708,1.0976569542653463,1.0995731193490677,1.0991543663593772
W8X31_x_1X5.791199999999999,13.0,1.7561253395602314,0.40543348053403594,1.7866849271462166,0.41248871724155556,1.7793265938906544,0.4107899121531448,1.1060438641375288,1.1080910710994538,1.1075974315267532
W8X31_x_1X5.791199999999999,14.0,1.7422327990380153,0.4343874242720329,1.7718983180180974,0.4417838688726433,1.764084900244677,0.43983576502381694,1.1144944653816442,1.1166741933660214,1.1160992526197642
W8X31_x_1X5.791199999999999,15.0,1.7283413929868852,0.46310768049611756,1.7572283564269855,0.47084791902167983,1.7489722499850888,0.46863570196794824,1.123006827944097,1.1253234816030666,1.1246603794998686
W8X31_x_1X5.791199999999999,16.0,1.7139157202655508,0.49145742436563045,1.7426648306442105,0.4997010991113818,1.7339779155672264,0.497210166296578,1.131539281059933,1.1340450399128394,1.133286710681386
W8X31_x_1X5.791199999999999,17.0,1.6995873270833126,0.5196159917076842,1.7281978054460263,0.528363092754375,1.7190914799247392,0.5255790096471675,1.1401449307659524,1.1428451637182828,1.1419843150018398
W8X31_x_1X5.791199999999999,18.0,1.6853465868175324,0.547602301035918,1.7138175937444369,0.5568530919580528,1.7043028060155132,0.5537615500194504,1.148830038927288,1.151730359074196,1.1507594496504467
W8X31_x_1X5.791199999999999,19.0,1.671184096507106,0.5754348313179374,1.6995147295989965,0.5851898505934532,1.689602007945051,0.5817766268051454,1.1576010814020439,1.1607073632159841,1.1596185792829312
W8X31_x_1X5.791199999999999,20.0,1.6570906511444758,0.6031316724973886,1.6852822527157212,0.6133925763256143,1.674979423485907,0.6096426531572342,1.166464768704776,1.1697834392337128,1.1685683963523708
W8X31_x_1X5.791199999999999,21.0,1.6430572190458903,0.6307105738970245,1.671189420932146,0.6415095144275136,1.660498294467421,0.6374055754836901,1.1754280680814648,1.1789758242823691,1.1776250184532624
W8X31_x_1X5.791199999999999,22.0,1.6290749181561288,0.6581889907853377,1.6571449278479986,0.6695300108603001,1.6460836859433907,0.6650609790405317,1.184498227157848,1.1882830731811242,1.1867887063398315
W8X31_x_1X5.791199999999999,23.0,1.6151349931526375,0.685584129372167,1.6431400083728716,0.6974715530607232,1.631717711125297,0.6926230755358674,1.1936827993401746,1.197713135662367,1.1960659822452
W8X31_x_1X5.791199999999999,24.0,1.6006193093166436,0.7126416307665064,1.629165994865144,0.7253514340431815,1.6173914118016128,0.7201090519057494,1.2028965386770827,1.207274324487764,1.2054647349977106
W8X31_x_1X5.791199999999999,25.0,1.5860569544849707,0.739590504146336,1.615214295502077,0.7531867955540494,1.6030959274231118,0.7475359077144869,1.2122172458243492,1.2169753474506435,1.2149932115452005
W8X31_x_1X5.791199999999999,26.0,1.5715246419899485,0.7664837816327963,1.6012763730462722,0.7809946704352124,1.5888224730135443,0.7749204975345094,1.2216653432566917,1.2268253420638275,1.2246600485489805
W8X31_x_1X5.791199999999999,27.0,1.5570134482425424,0.793337977084652,1.5873437238963903,0.8087920244204687,1.574562317475232,0.802279572568557,1.231249341545171,1.2368339132400985,1.2344743066180741
W8X31_x_1X5.791199999999999,28.0,1.5425145012869999,0.8201695088089,1.5734903781690557,0.8366396747010739,1.560359766259819,0.8296580045054461,1.2409781660867005,1.247027368731928,1.244455866114615
W8X31_x_1X5.791199999999999,29.0,1.5280189590581943,0.8469947397973951,1.5596571787034517,0.8645320913186121,1.5462118359305836,0.8570792161197263,1.2508611934854217,1.2574087553195323,1.2546177884684684
W8X31_x_1X5.791199999999999,30.0,1.5135179877941565,0.8738300176762969,1.5458018553072694,0.8924691172754748,1.5320491649297325,0.8845289977839224,1.2609082911288294,1.2679832203181698,1.2649595734454042
W8X31_x_1X5.791199999999999,31.0,1.4990027404916617,0.9006917145758293,1.5319158891374691,0.9204679294452953,1.5178630839263731,0.9120241522070823,1.27112986032894,1.2787628320640816,1.2754925154761323
W8X31_x_1X5.791199999999999,32.0,1.484357030073476,0.9275292153840671,1.5179906861778194,0.9485458562763293,1.5036448663113426,0.9395815931137559,1.281510733088487,1.2897603870137866,1.2862285680557892
W8X31_x_1X5.791199999999999,33.0,1.469470303255951,0.9542851729126631,1.5040175557927424,0.9767204210341673,1.4893857066144354,0.967218387075254,1.2920319147224584,1.3009894757811766,1.2971804028843403
W8X31_x_1X5.791199999999999,34.0,1.4545480234328911,0.9811050299618026,1.4899876887734902,1.005009386068082,1.4750766985092045,0.9949517961402667,1.3027547564507267,1.3124645559320376,1.3083614749105061
W8X31_x_1X5.791199999999999,35.0,1.439580934642084,1.0080054222993666,1.4758921347573661,1.0334307983415285,1.4607088122875624,1.022799321493103,1.3136918421221924,1.3242010323881765,1.3197860940108048
W8X31_x_1X5.791199999999999,36.0,1.4245596704422459,1.035003184257593,1.461721778894983,1.062003036478854,1.4462728716816062,1.050778748377127,1.324856530264492,1.336215346416281,1.3314695041386035
W8X31_x_1X5.791199999999999,37.0,1.4094747301579778,1.062115391428087,1.447467317633626,1.0907448595942464,1.4317595299041246,1.0789081925325257,1.3362630248661767,1.3485250743200743,1.3434279708981431
W8X31_x_1X5.791199999999999,38.0,1.394316454413513,1.0893594046350863,1.4331192334765448,1.119675458185549,1.417159244772042,1.1072061484115112,1.3479264535127704,1.3611490371220671,1.3556788786385834
W8X31_x_1X5.791199999999999,39.0,1.3790749998190184,1.1167529154318483,1.4186677685683544,1.1488145073950427,1.4024622527685002,1.1356915394506315,1.3598629538146207,1.3741074227179368,1.3682408383269054
W8X31_x_1X5.791199999999999,40.0,1.3637403126653718,1.1443139933791018,1.4041028969454972,1.178182222961917,1.387658541889262,1.1643837706992817,1.3720897692016605,1.3874219222180049,1.3811338076504482
W8X31_x_1X5.791199999999999,41.0,1.3483021014740773,1.1720611353811636,1.3894142952777757,1.207799420217249,1.372737823107487,1.1933027841260555,1.3846253553205323,1.4011158824631516,1.3943792250255964
W8X31_x_1X5.791199999999999,42.0,1.332749808238143,1.2000133173747947,1.3746519336169944,1.2377421605305876,1.3576895002775122,1.2224691169505852,1.397489498457403,1.4152404868670383,1.4080001594552314
W8X31_x_1X5.791199999999999,43.0,1.3170725781771808,1.228190048688446,1.3598282234507342,1.2680603329235849,1.3426294331980237,1.252022201549615,1.4107034476305842,1.4298380235185784,1.4220783696001758
W8X31_x_1X5.791199999999999,44.0,1.3012592278155166,1.2566114294155653,1.3448460060927128,1.2987026919278586,1.3274310045559552,1.2818852204305637,1.4242900622572892,1.4449036603075593,1.4365957478423714
W8X31_x_1X5.791199999999999,45.0,1.2852982111754854,1.2852982111754852,1.3296934453993792,1.329693445399379,1.3120692177508768,1.3120692177508766,1.4382739776064946,1.460469922562427,1.4515762552838114
W8X31_x_1X5.791199999999999,46.0,1.269177583859091,1.3142718616695617,1.3143582244191794,1.3610577845660088,1.296531908754076,1.3425980943115947,1.4526817906146265,1.4765721658745459,1.467051998584445
W8X31_x_1X5.791199999999999,47.0,1.25288496476952,1.3435546334792101,1.2988275019716924,1.3928219728339648,1.2808064174468416,1.3734967256688047,1.4675422690748448,1.4932489008762801,1.4830578680923345
W8X31_x_1X5.791199999999999,48.0,1.236407495199271,1.3731696375969256,1.283087865869682,1.42501344146035,1.2648795428699589,1.404791050062805,1.482886587728831,1.5105421633615213,1.4996318562739845
W8X31_x_1X5.791199999999999,49.0,1.220190050198095,1.403668084553306,1.2671252824041639,1.4576608928687498,1.248737495003654,1.436508163164507,1.4990306545189693,1.5284979373336867,1.5168154204481694
W8X31_x_1X5.791199999999999,50.0,1.203838705998435,1.4346791027776,1.2509250416686712,1.490794412474701,1.2323658426853195,1.4686764204106202,1.5158136955315082,1.5471666400504325,1.5346538972090153
W8X31_x_1X5.791199999999999,51.0,1.1872527586770811,1.4661350557787232,1.2344716982487622,1.5244455899903926,1.2157494572268777,1.5013255477885035,1.5332292380609045,1.5666036799535201,1.5531969773642276
W8X31_x_1X5.791199999999999,52.0,1.1704167926296634,1.4980651799045996,1.2177490067454528,1.5586476512952756,1.1988724512417104,1.534486762033632,1.5513249663403472,1.586870100612863,1.572499251978369
W8X31_x_1X5.791199999999999,53.0,1.1533146143979736,1.5305001867359704,1.2007398515355883,1.593435602093562,1.1817181121316556,1.5681929013193603,1.5701532277347843,1.6080333265864968,1.592620842281941
W8X31_x_1X5.791199999999999,54.0,1.1359291844670816,1.5634723924360554,1.1834261700968214,1.6288463847337085,1.1642688296165473,1.6024785676523485,1.5897716274646936,1.6301680305480224,1.6136281288919117
W8X31_x_1X5.791199999999999,55.0,1.1182425429272813,1.59701585873583,1.1657772795843047,1.6649024981435694,1.1465046549631874,1.6373783377062316,1.6102437163170775,1.6533463527524186,1.6355933584169995
W8X31_x_1X5.791199999999999,56.0,1.100235728283239,1.6311665469159187,1.147782904359263,1.7016581343292347,1.12839592892498,1.6729157612528518,1.6316397887825191,1.6776683309766918,1.6585881235088091
W8X31_x_1X5.791199999999999,57.0,1.0818886885998602,1.6659624863222302,1.1294234186780812,1.7391595517340661,1.1099333855954843,1.709147532646588,1.654037812896416,1.7032385583304561,1.6827129434190211
W8X31_x_1X5.791199999999999,58.0,1.0631801840674233,1.7014439591553172,1.1106760589399016,1.7774532477007579,1.0910949640110477,1.746116945369682,1.6775245178797913,1.7301725137257784,1.7080690681494575
W8X31_x_1X5.791199999999999,59.0,1.0440876799450856,1.7376537035075608,1.0915166061838595,1.816588692316668,1.071857227754149,1.7838699921603365,1.7021966717550157,1.7586000911040474,1.7347699387698912
W8X31_x_1X5.791199999999999,60.0,1.0245872286991027,1.7746371368930385,1.071919251001602,1.8566186043459503,1.0521952386642484,1.8224556128485383,1.728162588833379,1.788667933921039,1.7629430915215925
W8X31_x_1X5.791199999999999,61.0,1.0046533399866149,1.8124426028287912,1.0518564440028964,1.897599256671207,1.0320824173017162,1.8619259681882658,1.755543916842122,1.820542238062145,1.7927324298777707
W8X31_x_1X5.791199999999999,62.0,0.9845360590525026,1.8516430223478206,1.0312987299496423,1.939590815094352,1.011490388463014,1.9023367430258324,1.7848743485278165,1.8544121366669117,1.8243009503030594
W8X31_x_1X5.791199999999999,63.0,0.9644154214364957,1.8927718377824436,1.0102145633905408,1.9826577149245743,0.9903888097942101,1.943747482636859,1.8167281872390115,1.890493812885354,1.8578340310734267
W8X31_x_1X5.791199999999999,64.0,0.9437597697217254,1.9349942813884453,0.9885701032966248,2.026869080459511,0.9687451812561374,1.9862219666408898,1.850642882165918,1.9290355300213964,1.8935434247179082
W8X31_x_1X5.791199999999999,65.0,0.9225343729256812,1.9783813471470695,0.9657561530637994,2.071070753770006,0.9465246328497923,2.0298286255791487,1.8868479352316891,1.9691839865232383,1.9316721362278373
W8X31_x_1X5.791199999999999,66.0,0.9007018426913,2.023009461007951,0.9420299893480161,2.1158339981962415,0.9230997628069973,2.073316013246776,1.9256079323869322,2.0115946471073785,1.9712683161422317
W8X31_x_1X5.791199999999999,67.0,0.8782218583906352,2.068961042807711,0.9176459615701757,2.1618384095537113,0.8988130197788817,2.1174707790792704,1.9672295296618478,2.057141329386732,2.0131802875802065
W8X31_x_1X5.791199999999999,68.0,0.8550508581144746,2.116325137921459,0.8925608277940531,2.2091655707474276,0.8738500955095111,2.162854883252166,2.0120701773106733,2.106216308700587,2.0581711457929344
W8X31_x_1X5.791199999999999,69.0,0.8311416904640829,2.1651981290391022,0.8667279427274368,2.2579034856638005,0.8481664857751088,2.2095492371325056,2.0605491084039196,2.159279763049573,2.1066237760463973
W8X31_x_1X5.791199999999999,70.0,0.8064432211790442,2.215684540261673,0.8400968980940262,2.308147257667208,0.8217141738783136,2.257641137976475,2.1131613086311023,2.2168751503171977,2.1589869296080733
W8X31_x_1X5.791199999999999,71.0,0.7808998875767955,2.267897947876356,0.8126131172420437,2.3599998544364014,0.7944412586920901,2.30722494516804,2.1704954556426754,2.279648961999717,2.215790043540525
W8X31_x_1X5.791199999999999,72.0,0.7549059444533608,2.3233615973598445,0.7842173970028921,2.41357297232223,0.7662915352531652,2.358402842725416,2.2349304867059243,2.3483763790490246,2.277662249847413
W8X31_x_1X5.791199999999999,73.0,0.7284329473573451,2.382596813253892,0.7550723237987432,2.469730287442024,0.7372040206431772,2.4112857012777726,2.308138373972274,2.4250411475612452,2.345357023979664
W8X31_x_1X5.791199999999999,74.0,0.7008781588340716,2.444252614490564,0.7253204406342981,2.5294929810811038,0.7072906297821915,2.4666155582957474,2.389644805249513,2.5123580057114068,2.4206573487372034
W8X31_x_1X5.791199999999999,75.0,0.6721560246753944,2.5085204347020924,0.6944116498133371,2.591579558471101,0.676737260295898,2.525617838799256,2.4810047401549933,2.6100289961692518,2.5065049238446404
W8X31_x_1X5.791199999999999,76.0,0.6421720978084251,2.5756116059387475,0.6622571574415083,2.6561683801640483,0.644992031950651,2.586921744030214,2.584187037811376,2.7200833568195564,2.602437438272661
W8X31_x_1X5.791199999999999,77.0,0.6108218364217877,2.6457600479469168,0.6287592817781872,2.723455659754452,0.611963297008734,2.6507042569407213,2.70172202736812,2.845117107655045,2.7104129361962075
W8X31_x_1X5.791199999999999,78.0,0.5779892023578654,2.7192254043662474,0.5938102945914059,2.793657791252997,0.5775502122188401,2.717160118140424,2.8369170632963097,2.9885058350897946,2.8329308860341063
W8X31_x_1X5.791199999999999,79.0,0.5440205854983161,2.79874328789588,0.5573712384906594,2.8674264433634655,0.5416415373335587,2.7865041461056905,2.999459260421313,3.155708073065523,2.9732332611646957
W8X31_x_1X5.791199999999999,80.0,0.5086770905982855,2.8848511359660858,0.5198497579483804,2.9482144811853153,0.504115103978926,2.858978824190373,3.1979837196860044,3.3617996977325215,3.135613994900585
W8X31_x_1X5.791199999999999,81.0,0.47132769952392173,2.975845976777463,0.4804033180037047,3.033147176700806,0.4654567584654739,2.9387783137771204,3.4386358717344554,3.6097786448033102,3.3363438683558724
W8X31_x_1X5.791199999999999,82.0,0.43177185989585865,3.072216418880508,0.4388539077490702,3.1226078077477255,0.42481023112039235,3.022681856273077,3.7366211080049676,3.9140669795339904,3.577256425386853
W8X31_x_1X5.791199999999999,83.0,0.3897817409441295,3.1745175295480395,0.3950013057924912,3.217027473876376,0.3819913242332718,3.1110696770365314,4.115462358422704,4.296565046103194,3.8719599758739327
W8X31_x_1X5.791199999999999,84.0,0.345555905163792,3.2877448210370934,0.3489577530639918,3.320111241777427,0.33679281006901884,3.204369540558412,4.636082288523902,4.810110050215675,4.240988683678277
W8X31_x_1X5.791199999999999,85.0,0.29848965575152514,3.411752377073162,0.30036483896136296,3.433185819238868,0.28918287317890623,3.3053753654977,5.382414073671223,5.536542407485456,4.729280490209909
W8X31_x_1X5.791199999999999,86.0,0.24789457022991124,3.5450575157090007,0.24850953380593507,3.553851904569751,0.23894538650318747,3.4170782259631265,6.509999433348679,6.601279353681779,5.4199034280517955
W8X31_x_1X5.791199999999999,87.0,0.19341821599212958,3.690639417242353,0.19303310575693086,3.6832910762046835,0.185329285202659,3.536293423190893,8.443710002987235,8.318922357053209,6.421516550433831
W8X31_x_1X5.791199999999999,88.0,0.1350225717210524,3.8665405627146816,0.13373950481731392,3.8297983338803014,0.12794570437072628,3.6638855968211477,13.179050957818678,11.796492752907191,8.00647729048846
W8X31_x_1X5.791199999999999,89.0,0.07086408512934245,4.059800718058878,0.06970953073161873,3.993656340912662,0.06646137114558556,3.807569402858239,34.407732843006585,22.176287481262158,11.092618975995016
W8X31_x_1X5.791199999999999,90.0,0.0,4.592845152911839,0.0,4.084110096230692,0.0,4.084110096230696,-inf,43.15932652462878,43.159326524643845
W8X31_x_1X5.943599999999999,0.0,1.968337123086968,0.0,1.945843850187113,0.0,1.945843850187113,0.0,0.9999999999999998,1.0,1.0
W8X31_x_1X5.943599999999999,1.0,1.941150469593224,0.033882907482189785,1.928277967759239,0.03365821712688897,1.927611111029651,0.03364657709937619,1.0085027756323885,1.0084459086546524,1.0084429628519043
W8X31_x_1X5.943599999999999,2.0,1.9146886879691558,0.06686240232102779,1.9110159744495363,0.06673414833879993,1.9097060789125293,0.06668840577869384,1.0169205381272606,1.0168875269153073,1.0168757537910376
W8X31_x_1X5.943599999999999,3.0,1.8889076704798642,0.09899345628055227,1.894039799238924,0.0992624197518092,1.8921093734770795,0.09916125042456019,1.0252596141374108,1.025330003095834,1.0253035254776226
W8X31_x_1X5.943599999999999,4.0,1.8637663595194027,0.1303272397287543,1.8773323075139061,0.1312758632230014,1.874802645787198,0.13109897204315718,1.0335261172952848,1.0337784875000877,1.0337314182112245
W8X31_x_1X5.943599999999999,5.0,1.8392264713824749,0.16091146590275382,1.8608772253501402,0.1628056614317135,1.8577684946210569,0.162533682734964,1.041725967344571,1.0422381450059852,1.0421645724872726
W8X31_x_1X5.943599999999999,6.0,1.815252248726705,0.1907906994167199,1.8446599679859352,0.19388157526036895,1.8409903898675337,0.19349588705848672,1.0498649081365037,1.0507141936764455,1.05060814155373
W8X31_x_1X5.943599999999999,7.0,1.7924899318811958,0.22009008920891,1.8287595929214588,0.2245434436138359,1.8245472772445919,0.22402623628306736,1.0579717959584016,1.0592150999040235,1.0590705523888861
W8X31_x_1X5.943599999999999,8.0,1.7778840565061351,0.24986530930544593,1.8130644289677251,0.2548095882163388,1.8083268320999417,0.25414376239805714,1.0663411100685432,1.067743845924711,1.067554727813832
W8X31_x_1X5.943599999999999,9.0,1.763444183742775,0.27930212008565813,1.7975611452688285,0.2847057159425358,1.792314570910906,0.28387474019923525,1.0747479947617335,1.0763057959443687,1.0760659371163501
W8X31_x_1X5.943599999999999,10.0,1.7491588464681354,0.30842389817722776,1.7822369661129522,0.3142564631417117,1.7764969370431989,0.3132443411466633,1.083197865375652,1.084906396625468,1.0846095253972832
W8X31_x_1X5.943599999999999,11.0,1.7350170081551357,0.3372531424043947,1.7670796252044958,0.3434854838182136,1.760860935929802,0.3422766930745672,1.0916962454341501,1.0935511912298501,1.093190918098557
W8X31_x_1X5.943599999999999,12.0,1.7210080261521699,0.36581154864541676,1.752077323162005,0.372415531591332,1.7453940887183572,0.37099496625715556,1.1002487815433637,1.1022458342792474,1.1018156350557418
W8X31_x_1X5.943599999999999,13.0,1.7071216173475117,0.3941200798283657,1.737259698095513,0.401078004014653,1.7301203830082184,0.3994297632545738,1.1088612589608904,1.1109990214248597,1.110491860789552
W8X31_x_1X5.943599999999999,14.0,1.6933478259717532,0.4221990315683791,1.7226166203180133,0.4294965616083599,1.7150380925914823,0.4276070224258123,1.1175396179322337,1.1198175938743358,1.1192268605847098
W8X31_x_1X5.943599999999999,15.0,1.6793751939571493,0.44998722700967814,1.7080935171162706,0.45768227850814075,1.7000880460462564,0.45553721899989974,1.1262643798557281,1.1287048241363506,1.1280234560354632
W8X31_x_1X5.943599999999999,16.0,1.665236110399172,0.4774987708559075,1.6936801756356519,0.4856549753146906,1.6852595179526606,0.4832403905790384,1.135039010262082,1.1376670007472074,1.1368877226043967
W8X31_x_1X5.943599999999999,17.0,1.6511944261332745,0.5048207971224677,1.679366669660394,0.5134339163342332,1.6705421035385333,0.5107359757202199,1.143891050458646,1.1467106109391016,1.1458259127573585
W8X31_x_1X5.943599999999999,18.0,1.6372406671127844,0.5319717402184467,1.6651433309194976,0.5410378652666129,1.655925687873413,0.5380428714880958,1.152826999581613,1.155842360608351,1.1548444745985516
W8X31_x_1X5.943599999999999,19.0,1.6233655841237675,0.5589695970779203,1.6510007218372473,0.5684851380897339,1.641400416706185,0.5651794879371027,1.1618535838923536,1.16506919557099,1.1639500716360887
W8X31_x_1X5.943599999999999,20.0,1.609560127364634,0.5858319766224444,1.636971289006544,0.5958088235467589,1.6269880730093789,0.5921752300815407,1.1709777784834436,1.174403548611327,1.1731535317541189
W8X31_x_1X5.943599999999999,21.0,1.5958154221146923,0.612576147104691,1.6230371401210242,0.623025585619198,1.6126896303937925,0.6190535487827344,1.1802068304917448,1.1838528538402773,1.1824642502836549
W8X31_x_1X5.943599999999999,22.0,1.5821227453487814,0.639219081611225,1.6091549747864926,0.6501408112468534,1.5984524481406757,0.6458167097992439,1.1895482839907858,1.193420944190174,1.191884648573128
W8X31_x_1X5.943599999999999,23.0,1.5681293979521318,0.6656314379886094,1.5953160880653325,0.6771715032777575,1.5842675107858353,0.6724816604676654,1.1989575540193687,1.20311601978809,1.2014225234532367
W8X31_x_1X5.943599999999999,24.0,1.5538065131487686,0.691799231073067,1.5815118818245986,0.704134455944595,1.5701259323882137,0.6990651046460441,1.208429194499573,1.212946656880562,1.2110860125598664
W8X31_x_1X5.943599999999999,25.0,1.539524625457882,0.7178921227692163,1.5677338431573564,0.7310462970130427,1.5560189339605077,0.7255835451399617,1.2180254713174976,1.2229218409721845,1.2208836245882235
W8X31_x_1X5.943599999999999,26.0,1.5252748909612868,0.7439262708430604,1.5539735232506044,0.7579235290578291,1.5419378214630601,0.7520533250697834,1.2277548296092133,1.23305100275355,1.2308242720094638
W8X31_x_1X5.943599999999999,27.0,1.511048544638633,0.769917688914902,1.540263155550578,0.7848032766716154,1.5278898833938417,0.7784987796142375,1.2376261150244832,1.243352059376266,1.2409204288193552
W8X31_x_1X5.943599999999999,28.0,1.4968368786923694,0.7958822860594617,1.5266167564739643,0.8117165279496618,1.5139360450082644,0.8049740740631713,1.247648608900526,1.2538416073397025,1.251196962698817
W8X31_x_1X5.943599999999999,29.0,1.4826312211707702,0.8218359058614302,1.5129611017101812,0.8386480331739069,1.499980434092535,0.8314527316195458,1.2578320664660734,1.264518748171589,1.2616481951787253
W8X31_x_1X5.943599999999999,30.0,1.4684229147771737,0.8477943651308161,1.4992878496381252,0.8656142435813067,1.4860145421244593,0.8579508959152551,1.268186758424789,1.2753952481836253,1.2722851574735592
W8X31_x_1X5.943599999999999,31.0,1.4541673140701667,0.8737518725018453,1.4855886156371212,0.8926316952120171,1.4720298354942456,0.8844847581821103,1.2787146740518065,1.2864835651084663,1.283119507107525
W8X31_x_1X5.943599999999999,32.0,1.4396181917553397,0.8995732864790371,1.4718549514469832,0.919717049615211,1.4580177346091827,0.9110705968975457,1.2893639931676832,1.2977969102726699,1.2941635837123422
W8X31_x_1X5.943599999999999,33.0,1.4250459795640427,0.9254356797844738,1.4580783241960873,0.9468871352096406,1.443969592759151,0.9377248178841098,1.3002112741750391,1.30934931700801,1.3054304702844008
W8X31_x_1X5.943599999999999,34.0,1.4104417189000487,0.9513549519079546,1.4442500949860828,0.9741589895185966,1.4298766746318723,0.9644639950735252,1.31126889095139,1.3211557160770089,1.3169340605690316
W8X31_x_1X5.943599999999999,35.0,1.3957963725506843,0.9773471418657574,1.4303614969178575,1.0015499025068084,1.4157301343636541,0.9913049121520758,1.3225499636728184,1.3332320189985403,1.328689133332244
W8X31_x_1X5.943599999999999,36.0,1.3811008021396622,1.0034284682167818,1.4164036124383086,1.0290774612568538,1.4015209930071952,1.0182646053120312,1.334068426491014,1.345595210287369,1.3407114343878026
W8X31_x_1X5.943599999999999,37.0,1.3663457450484255,1.029615370021961,1.4023673498812266,1.0567595962349206,1.387240115292712,1.0453604073438902,1.345839102133747,1.3582634497709196,1.353017767372588
W8X31_x_1X5.943599999999999,38.0,1.3515217906806551,1.0559245489694162,1.3882434190681494,1.0846146294104866,1.3728781855521597,1.0726099933165243,1.3578777843017031,1.3712561863213022,1.3656260944090974
W8X31_x_1X5.943599999999999,39.0,1.3366193559385886,1.0823730128984628,1.3740223058262242,1.1126613245118633,1.358425682668561,1.100031428107028,1.370201328860551,1.384594284545668,1.3785556479645387
W8X31_x_1X5.943599999999999,40.0,1.3216286597725464,1.1089781209684664,1.3596942452698464,1.140918939719798,1.3438728539033191,1.1276432160594336,1.3828277549739774,1.3983001662191699,1.3918270554160639
W8X31_x_1X5.943599999999999,41.0,1.3065396966564262,1.135757630733867,1.3452847321349415,1.1694381762315595,1.3292096874437138,1.1554643530716722,1.3957763574952,1.4124134120595313,1.4054624780669533
W8X31_x_1X5.943599999999999,42.0,1.291342208831797,1.1627297474046556,1.3308409894153912,1.1982946091869568,1.3145231703613602,1.1836019789165872,1.4090678321359744,1.4269891698994384,1.4195300022822197
W8X31_x_1X5.943599999999999,43.0,1.2760256571514688,1.1899131755924683,1.3162575884196688,1.2274300584445186,1.2997311021197644,1.2120188606490103,1.4227244151689993,1.442017094929158,1.4340285108998607
W8X31_x_1X5.943599999999999,44.0,1.2605791903398302,1.2173271738665639,1.3015234745205655,1.2568666094924108,1.284795116002361,1.2407122214504325,1.4367700396991434,1.457528162518473,1.4489744622740035
W8X31_x_1X5.943599999999999,45.0,1.2449916124716396,1.2449916124716394,1.2866271777025011,1.286627177702501,1.269703863266729,1.2697038632667288,1.4512305108695767,1.4735559816324884,1.46439844243338
W8X31_x_1X5.943599999999999,46.0,1.229251348453109,1.2729270345911288,1.2715567740618983,1.3167355852468419,1.254445566651181,1.2990164112674865,1.4661337027613583,1.490137091099036,1.4803336285148547
W8X31_x_1X5.943599999999999,47.0,1.2133464072687146,1.3011547215758346,1.256299844491061,1.3472166436410884,1.239007980730471,1.328673390006222,1.481509780212468,1.5073112963447632,1.4968160793615217
W8X31_x_1X5.943599999999999,48.0,1.197655100717938,1.3301307433063596,1.2408434302262246,1.3780962425528296,1.2233783493611747,1.3586993051716014,1.4976355807079749,1.525122053223951,1.5138850656810714
W8X31_x_1X5.943599999999999,49.0,1.181851225292762,1.3595643116122331,1.225173984904952,1.4094014455837267,1.2075433598868717,1.3891197315633668,1.5143826207614566,1.543616906831335,1.5315834462180122
W8X31_x_1X5.943599999999999,50.0,1.1658367407210033,1.3893901241325801,1.2092773227375722,1.4411605938152094,1.1914890937365021,1.4199614079972958,1.5317426300136576,1.5628479947371945,1.549958097623753
W8X31_x_1X5.943599999999999,51.0,1.1495974498667019,1.4196346220003366,1.193138562351166,1.4734034179997741,1.1752009730073665,1.4512523399240227,1.5497610770973822,1.582872625979628,1.5690604072094563
W8X31_x_1X5.943599999999999,52.0,1.133118476128267,1.4503255118037484,1.1767420658118037,1.5061611603854155,1.1586637025763773,1.483021910638484,1.568487782001057,1.6037539494856259,1.5889468396057138
W8X31_x_1X5.943599999999999,53.0,1.1163842038210314,1.481491876619524,1.1600713722703226,1.5394667072814143,1.141861207228493,1.5153010020618012,1.5879774599506928,1.6255617284855748,1.6096795906171009
W8X31_x_1X5.943599999999999,54.0,1.0993782133913848,1.5131642966718015,1.1432035996398728,1.5734847659618865,1.1247765632286755,1.5481221261976503,1.608290348532919,1.648462014501358,1.631327344360813
W8X31_x_1X5.943599999999999,55.0,1.0820832108661351,1.5453749807275778,1.126060663319078,1.6081812917898444,1.1075138434897518,1.581693688019187,1.6294929333350858,1.672498846815375,1.654085841746937
W8X31_x_1X5.943599999999999,56.0,1.0644809508657678,1.5781579094789153,1.108586822520699,1.6435475532767487,1.0899330202795507,1.615892154159667,1.6516587906672755,1.6977378224721034,1.6779369967373974
W8X31_x_1X5.943599999999999,57.0,1.0465521524241292,1.6115489923226556,1.0907614382979722,1.6796253227150495,1.0720116146043481,1.6507531261315371,1.6748695700385625,1.72428804077548,1.7029744785365233
W8X31_x_1X5.943599999999999,58.0,1.0282764067579406,1.6455862391329927,1.0725625952902926,1.7164589558009375,1.0537283862368556,1.6863179207255445,1.699216144218892,1.752271929131736,1.7293055172511242
W8X31_x_1X5.943599999999999,59.0,1.0096320760152426,1.680309948835127,1.0539669849095774,1.754095628059848,1.0350607781857968,1.7226304161203825,1.7247999612364828,1.7818273552228256,1.7570503831763324
W8X31_x_1X5.943599999999999,60.0,0.9905961818998043,1.715762916834202,1.0349497763491116,1.7925855959187071,1.0159847960741253,1.759737286517889,1.751734640948636,1.8131101535591287,1.7863444439172849
W8X31_x_1X5.943599999999999,61.0,0.971346488582867,1.7523554523187006,1.01548447385786,1.831982485576255,0.9964748749196741,1.797688261283211,1.7804386944941328,1.8462971644880337,1.817340623176651
W8X31_x_1X5.943599999999999,62.0,0.9521529820883285,1.7907393124719513,0.9955427584948096,1.8723436132850801,0.9765037317052576,1.836536411727532,1.8115843378479222,1.881589911191398,1.8502123558104895
W8X31_x_1X5.943599999999999,63.0,0.9324767194199506,1.8300886056725736,0.9750943123108321,1.9137303411995594,0.9560422018881976,1.8763384691320528,1.844673829536387,1.919219076622298,1.8851571601047508
W8X31_x_1X5.943599999999999,64.0,0.9122867993427497,1.87046512931452,0.9536681733128533,1.955309519335253,0.9350590577220763,1.9171551781510898,1.8799171942784856,1.9585810115276368,1.922400983129138
W8X31_x_1X5.943599999999999,65.0,0.8915500426300976,1.9119352364008364,0.9311938906131499,1.9969517427561212,0.913042087667045,1.958025075718473,1.9175555348440372,1.9996665199773316,1.9612083922012875
W8X31_x_1X5.943599999999999,66.0,0.870230762564931,1.9545702945035435,0.9081283081778755,2.0396895755909297,0.8900548096288668,1.9990958332167517,1.9578670165788656,2.0436775281300426,2.00182897548303
W8X31_x_1X5.943599999999999,67.0,0.8482905078675987,1.9984471998657156,0.8844331523698323,2.0835939344234298,0.8664600507751427,2.0412519605103894,2.0011742897537816,2.090967948051374,2.0453234382062666
W8X31_x_1X5.943599999999999,68.0,0.8256877740652109,2.0436489546153687,0.8600672418760199,2.1287411234213507,0.8422184428995007,2.084563795725298,2.047853769601246,2.141950808892018,2.09203749072136
W8X31_x_1X5.943599999999999,69.0,0.8023776786477996,2.0902653163997793,0.8349861884779115,2.1752133887741643,0.8172876180639383,2.1291070365280094,2.0983473401236084,2.197111158068627,2.142374243564639
W8X31_x_1X5.943599999999999,70.0,0.778311594557598,2.138393531346721,0.8091420609192976,2.223099541506746,0.7916218992270233,2.174963292872029,2.153177253871452,2.257022494630932,2.1968066559336448
W8X31_x_1X5.943599999999999,71.0,0.753635111146095,2.1887152875889164,0.782483006405045,2.272495658798012,0.7651719526193039,2.2222207080894316,2.213677301938239,2.322367917048519,2.2558933701920982
W8X31_x_1X5.943599999999999,72.0,0.728770604336494,2.2429252913436875,0.7549564327430812,2.323516984337937,0.7378843961851214,2.2709746584774497,2.2828002401910026,2.393983718734572,2.3202990579841
W8X31_x_1X5.943599999999999,73.0,0.7029452204558176,2.2992302149788224,0.7270144218615827,2.3779570254216913,0.7097013574278448,2.321328543284615,2.3593477246108776,2.475465195483843,2.3908208524713346
W8X31_x_1X5.943599999999999,74.0,0.6760854784977509,2.3577902629841483,0.6980498896244988,2.434389267598029,0.681024438393767,2.3750144630630663,2.4446388923260707,2.5660332556385113,2.4709186611151335
W8X31_x_1X5.943599999999999,75.0,0.6481105766178067,2.418781600860416,0.6679870072351666,2.492961449797521,0.6513125794744176,2.430731638207269,2.540324593979778,2.667363147592929,2.559961652067359
W8X31_x_1X5.943599999999999,76.0,0.6189314419799781,2.482398426659144,0.6367426912008053,2.5538354454364924,0.6204699917918974,2.488569212910085,2.648498690217307,2.7815683663827957,2.6594863593979867
W8X31_x_1X5.943599999999999,77.0,0.5884496292772989,2.5488553724460767,0.604225696851394,2.617189028534346,0.5884109676536124,2.548687910555818,2.7718573816585397,2.9113540307154153,2.7715320203513474
W8X31_x_1X5.943599999999999,78.0,0.5566288953482759,2.6187330608612287,0.5703355731697961,2.683217910041273,0.5550413579016542,2.611264284389928,2.9146692345792005,3.0602395220390735,2.898702982541302
W8X31_x_1X5.943599999999999,79.0,0.5240252894953139,2.69587640754312,0.5353511817918302,2.75414307224161,0.5202574881279114,2.676492749887071,3.090547807957425,3.2382058907610167,3.0443790749777735
W8X31_x_1X5.943599999999999,80.0,0.489683417537633,2.7771326632494446,0.4989701338343311,2.829800248546856,0.48423373437739536,2.746225974220112,3.3004401660348694,3.4524901847620577,3.217315879325771
W8X31_x_1X5.943599999999999,81.0,0.4534377737526104,2.8628934308414227,0.4607763226257602,2.9092272049047887,0.44679755169345076,2.8209687187576247,3.555442470321982,3.710397734863841,3.426019529724885
W8X31_x_1X5.943599999999999,82.0,0.4151015200696543,2.9536007876192785,0.4206057031758781,2.992765085439762,0.4074906270500815,2.8994464698675046,3.872065438895493,4.026974884757334,3.6765689812978017
W8X31_x_1X5.943599999999999,83.0,0.37447733117922377,3.04987311454697,0.37827425474013,3.0807965753875295,0.3661433082361702,2.981997944560053,4.276540846163048,4.4250855652802175,3.983160427406946
W8X31_x_1X5.943599999999999,84.0,0.3319412197936376,3.1582097424958726,0.3340627009145893,3.1783942870633597,0.3225652348413941,3.0690032045429207,4.846692277408046,4.970206992648805,4.36722928182621
W8X31_x_1X5.943599999999999,85.0,0.28644530310680005,3.274084796391053,0.28723426164600346,3.2831026337588574,0.2768781788745248,3.164732066029131,5.653531467781632,5.7277715520546915,4.885925393347572
W8X31_x_1X5.943599999999999,86.0,0.23763871237991427,3.3983919154199147,0.23737301917665543,3.3945923255934334,0.2285348485376439,3.2682005969650585,6.884004410624324,6.838490244879042,5.6061207620061815
W8X31_x_1X5.943599999999999,87.0,0.18540891579665505,3.5378128654394563,0.18420089027363712,3.5147623653124866,0.17705365778129975,3.3783850451872253,9.110020720475715,8.647512808863144,6.650934924591846
W8X31_x_1X5.943599999999999,88.0,0.1292041104885051,3.6999216331426332,0.12744496197481847,3.6495462107424386,0.122099783939259,3.4964803386738805,14.608888882223562,12.30066683243196,8.312835785651185
W8X31_x_1X5.943599999999999,89.0,0.06767980073077082,3.877373187043286,0.06631800523410639,3.7993559752904384,0.06334694748813627,3.629144191021041,43.168598092404636,23.211065429518566,11.561067128347663
W8X31_x_1X5.943599999999999,90.0,0.0,4.353913544145126,0.0,3.8719228011730964,0.0,3.871922801173098,-inf,40.72181047353408,40.721810473534646
W8X31_x_1X6.095999999999999,0.0,1.9191567774059743,0.0,1.8971977539324356,0.0,1.8971977539324356,0.0,0.9999999999999998,1.0,1.0
W8X31_x_1X6.095999999999999,1.0,1.891992364725288,0.03302484956997183,1.8797396901635628,0.0328109783399526,1.8790897339591346,0.032799633312203806,1.0087197936519294,1.008662828678336,1.0086598070922976
W8X31_x_1X6.095999999999999,2.0,1.8655703375711072,0.06514715172896264,1.862589643792094,0.06504306360858024,1.8613133875366759,0.06499849575807239,1.0173501798627171,1.0173219729338694,1.0173098959377191
W8X31_x_1X6.095999999999999,3.0,1.839845213039545,0.09642220183993641,1.8457293534271753,0.09673057657064175,1.8438491425709216,0.09663203889508164,1.0258977106800122,1.025982713574771,1.0259555503070297
W8X31_x_1X6.095999999999999,4.0,1.8147747044601372,0.12690140947862372,1.829141517075717,0.12790603488262103,1.826678482305695,0.12773380271344736,1.0343687126209296,1.0346503351911291,1.0346020430281557
W8X31_x_1X6.095999999999999,5.0,1.7903194288334856,0.15663265411313726,1.812809714432243,0.15860029914248888,1.8097838594743085,0.15833557113619592,1.0427693067012125,1.0433301390715946,1.0432546488654548
W8X31_x_1X6.095999999999999,6.0,1.7664426450599395,0.18566060334970372,1.7967332367942732,0.1888442728296857,1.7931623852852407,0.18846896121258155,1.0511054272530995,1.0520279104129993,1.051919076973126
W8X31_x_1X6.095999999999999,7.0,1.7453512169702428,0.21430218279704144,1.7809544298690596,0.2186737076595553,1.7768571330088874,0.2181706228636902,1.0594637852642768,1.060751350592059,1.0606030135787157
W8X31_x_1X6.095999999999999,8.0,1.730871248243898,0.24325808999056764,1.765384329890398,0.24810858729331853,1.760777579855,0.2474611507980784,1.0680516603577235,1.06950403044022,1.0693099394871206
W8X31_x_1X6.095999999999999,9.0,1.7165600965180823,0.2718764101704484,1.750009518815888,0.27717427820026547,1.744909471824951,0.27636651011197705,1.0766788917354324,1.078291462447284,1.0780452776238885
W8X31_x_1X6.095999999999999,10.0,1.7024062544651748,0.300180154789051,1.7348171483054076,0.30589506984196185,1.7292391818636161,0.30491152386078757,1.0853510485112305,1.0871192454659322,1.0868145210715792
W8X31_x_1X6.095999999999999,11.0,1.6883986561074142,0.32819145272186756,1.7197948930203926,0.3342942629587734,1.7137536588423838,0.3331199659916787,1.0940738129962382,1.0959930792819856,1.0956232470997929
W8X31_x_1X6.095999999999999,12.0,1.674526639488223,0.3559316249144734,1.704930907267592,0.3623942515337507,1.6984403802964656,0.3610146474373415,1.1028529960731706,1.1049187797262476,1.1044771316424793
W8X31_x_1X6.095999999999999,13.0,1.660779911809998,0.3834212540972465,1.690276276144257,0.3902310263758774,1.6833451478523973,0.38863084932467656,1.1116945532749274,1.113906991133583,1.1133863072693317
W8X31_x_1X6.095999999999999,14.0,1.6471485167842819,0.41068025007593223,1.6757699120482445,0.41781636539568134,1.668414645596159,0.4159824915008034,1.1206046016651425,1.122961054854625,1.1223545260654917
W8X31_x_1X6.095999999999999,15.0,1.633155919648257,0.437602809783858,1.6613868353210701,0.4451672608399794,1.6536195762292256,0.44308603003891633,1.129547545581267,1.132086275200934,1.1313866371778765
W8X31_x_1X6.095999999999999,16.0,1.619221592951069,0.4643043202997457,1.6471168247912429,0.4723031493145878,1.6389492088849043,0.46996112314079497,1.1385607260673436,1.1412891254973037,1.1404888933474757
W8X31_x_1X6.095999999999999,17.0,1.6053863949214646,0.49081587652380154,1.6329499561630343,0.499242902885614,1.624393143631067,0.49662682275910175,1.1476547913329302,1.1505762851695949,1.1496677310263244
W8X31_x_1X6.095999999999999,18.0,1.5916409278193953,0.517155486778939,1.6188765729638623,0.5260048843259866,1.6099412802773008,0.5231016317405168,1.1568364562764908,1.159954660372749,1.1589297896216604
W8X31_x_1X6.095999999999999,19.0,1.5779760241319551,0.5433407182176713,1.6048904959296255,0.5526081140547152,1.595583788893612,0.5494035578334184,1.1661126736758638,1.1694318062870162,1.1682819319149327
W8X31_x_1X6.095999999999999,20.0,1.5643827211677355,0.5693887455054197,1.5910444414486762,0.5790928180820136,1.5813732377467464,0.5755727878049861,1.1754906567851073,1.17902346890887,1.1777395085469557
W8X31_x_1X6.095999999999999,21.0,1.5508522367742001,0.5953163973518445,1.5772627348083235,0.605454437694518,1.5672416348445297,0.6016076978269229,1.1849779035157864,1.1887297535385348,1.187303343041187
W8X31_x_1X6.095999999999999,22.0,1.537345279351593,0.6211278110219189,1.5635365862613273,0.6317097859023493,1.5531747697141125,0.6275233402699817,1.1945775765567195,1.1985587536655518,1.196980517728474
W8X31_x_1X6.095999999999999,23.0,1.5232574755232888,0.6465844369626547,1.5498573442651107,0.657875411358039,1.5391636828501998,0.6533362213943369,1.2042004764647967,1.2085189203575317,1.206779066842505
W8X31_x_1X6.095999999999999,24.0,1.509220925014554,0.6719484482843627,1.5362164733123305,0.6839676407621649,1.5251995534107874,0.6790625919982514,1.213945419452056,1.218619093941983,1.2167073773769328
W8X31_x_1X6.095999999999999,25.0,1.495226839293728,0.6972357258415588,1.5226055323748993,0.710002620095584,1.5112736766517392,0.7047184889907671,1.2238207990389816,1.228868538286153,1.2267742203749321
W8X31_x_1X6.095999999999999,26.0,1.4812665345527867,0.7224619612534137,1.5090192307792956,0.7359978556236509,1.4973774419746935,0.7303197758344453,1.2338353962455961,1.2392775840325734,1.2369887847735004
W8X31_x_1X6.095999999999999,27.0,1.4673314099530839,0.7476426962136391,1.4955371564050783,0.7620142418529174,1.4835768071606257,0.7559201395280274,1.2439984137065052,1.2498749723086373,1.2473762459292697
W8X31_x_1X6.095999999999999,28.0,1.4534129263055284,0.7727933610153592,1.4820583170546215,0.7880243854502805,1.4698045398697301,0.7815089365475956,1.2543195126704814,1.2606544023882664,1.2579366040429814
W8X31_x_1X6.095999999999999,29.0,1.4395025850721805,0.7979293124951692,1.4685744985711533,0.8140441372907017,1.4560347041423671,0.8070932157354688,1.2648088532151716,1.2716273511860618,1.2686771965691974
W8X31_x_1X6.095999999999999,30.0,1.4255919075791508,0.8230658715953747,1.4550774746540023,0.8400893716832492,1.442258908232724,0.8326885689092989,1.2754771380482652,1.282805951877414,1.2796093974160512
W8X31_x_1X6.095999999999999,31.0,1.4113950777731008,0.8480517201231971,1.44155898676239,0.8661760251507924,1.4284687458574383,0.8583106148974233,1.2862631059802159,1.2942030524672736,1.2907452279996967
W8X31_x_1X6.095999999999999,32.0,1.3971412387024364,0.8730307403537865,1.4280107238517707,0.8923201355328255,1.4146557756529299,0.8839750377070333,1.2972318417703514,1.3058322801191578,1.3020974149685343
W8X31_x_1X6.095999999999999,33.0,1.382867491107026,0.8980446491108937,1.414424301836767,0.9185378816158842,1.4008115004504884,0.9096976250309452,1.3084068312986026,1.31770811195125,1.3136794535863612
W8X31_x_1X6.095999999999999,34.0,1.3685650745134366,0.923108798612403,1.4007912426722917,0.9448456235007473,1.3869273462606655,0.9354943072944841,1.3198009573574583,1.3298459531049616,1.3255056774674738
W8X31_x_1X6.095999999999999,35.0,1.354225158190725,0.9482386641983821,1.387102952941013,0.9712599439222456,1.3729946408559064,0.9613811974488385,1.3314278857356605,1.342262223005711,1.337591335453028
W8X31_x_1X6.095999999999999,36.0,1.3398388191905826,0.9734498828144432,1.373350701830856,0.9977976907461266,1.3590045918367393,0.987374631723958,1.34330213641865,1.3549744508688193,1.3499526765297336
W8X31_x_1X6.095999999999999,37.0,1.3253970199038185,0.9987582923426961,1.3595255983806522,1.0244760208781651,1.3449482640621653,1.013491211562767,1.355439162115143,1.368001381658811,1.3626070438220856
W8X31_x_1X6.095999999999999,38.0,1.310890585011919,1.0241799719927944,1.3456185678653219,1.05131244583373,1.3308165563190744,1.03974784696926,1.3678554350374883,1.3813630938923136,1.3755729788410707
W8X31_x_1X6.095999999999999,39.0,1.2963101777069093,1.0497312839752373,1.3316203271839453,1.0783248792314701,1.3166001770985014,1.0661618015160852,1.3805685429979697,1.395081130888072,1.3888703373498463
W8X31_x_1X6.095999999999999,40.0,1.2816462750460298,1.0754289166908582,1.317533186374806,1.1055416107509262,1.3022896193382079,1.0927507392726907,1.3935972960402103,1.4091838421417098,1.4025204184151143
W8X31_x_1X6.095999999999999,41.0,1.2668891422997075,1.10128992968451,1.3034381828829298,1.1330615259434123,1.2879445149910898,1.1195930859249066,1.4069618450086214,1.423739243778329,1.4165780131549808
W8X31_x_1X6.095999999999999,42.0,1.2520288061418456,1.1273318006275141,1.2892210662433523,1.1608198620394876,1.2735255327272474,1.1466875401841747,1.4206838136744826,1.438731361961203,1.4310589837249086
W8X31_x_1X6.095999999999999,43.0,1.2370550265204494,1.1535724746127445,1.2748714632260079,1.1888368723446476,1.2589806935675985,1.174018489907842,1.4347864462911144,1.454189716438971,1.44597217785086
W8X31_x_1X6.095999999999999,44.0,1.2219572670338672,1.1800304160685358,1.2603786432788222,1.2171335078209278,1.2442993597908423,1.201605924249645,1.4492947727502763,1.4701462794029005,1.4613467529646127
W8X31_x_1X6.095999999999999,45.0,1.2067246636232751,1.206724663623275,1.2457314841696365,1.2457314841696363,1.2294705250469802,1.22947052504698,1.4642357938667587,1.4866357460900375,1.4772142801363277
W8X31_x_1X6.095999999999999,46.0,1.1913459913752504,1.2336748882819504,1.2309184352674896,1.2746533535231404,1.2144827790099824,1.2576337332414502,1.4796386897397131,1.5036958415623567,1.4936090096068244
W8X31_x_1X6.095999999999999,47.0,1.1761284569067942,1.2612433561564593,1.2159274781929958,1.3039225812733886,1.1993242695912558,1.2861178198828696,1.4957368657533359,1.5213676694583396,1.5105681717000354
W8X31_x_1X6.095999999999999,48.0,1.160830648812782,1.2892330461687675,1.200746084538813,1.3335636286209578,1.1839826624349075,1.314945962240996,1.5124465421102906,1.539696109598113,1.528132318765959
W8X31_x_1X6.095999999999999,49.0,1.1453442336513988,1.317567821785327,1.1853611703284472,1.3636020414923675,1.168445097386043,1.3441423256051797,1.529750198854261,1.5587302726420909,1.5463457148582334
W8X31_x_1X6.095999999999999,50.0,1.1296560857010753,1.3462716985301695,1.1697590468443075,1.394064546546282,1.1526981415894184,1.3737321514158587,1.5476912141721044,1.578524021613132,1.5652567811307874
W8X31_x_1X6.095999999999999,51.0,1.1137524857736179,1.3753697777656861,1.153925367413332,1.4249791550723883,1.136727738837106,1.4037418524444607,1.566317029652033,1.5991365720671524,1.5849186065003014
W8X31_x_1X6.095999999999999,52.0,1.097619068847066,1.4048883425063607,1.1378450696898699,1.4563752756816994,1.120519154739725,1.4341991158211727,1.5856796482561533,1.6206331851308617,1.6053895350360217
W8X31_x_1X6.095999999999999,53.0,1.0812407673348396,1.4348549612165773,1.1215663298948095,1.4883687901907152,1.1040569172454047,1.4651330148047075,1.6058362069251513,1.6431465860457557,1.6267338438966625
W8X31_x_1X6.095999999999999,54.0,1.064601749492955,1.4652986005040844,1.1050573678095135,1.520980982136478,1.0874154468754487,1.4966989611204493,1.6268496372232213,1.6667536630469117,1.6491122485243657
W8X31_x_1X6.095999999999999,55.0,1.0476853524062784,1.496249747731936,1.0882501714171067,1.5541823131461052,1.0705035106454084,1.5288374549386756,1.648789430255354,1.6915000522868062,1.6725433005830208
W8X31_x_1X6.095999999999999,56.0,1.0304740089251156,1.5277405446992258,1.0711260590270641,1.5880096874703988,1.0532847977591222,1.56155892988551,1.6717325256006426,1.7174865059862938,1.6970990477816268
W8X31_x_1X6.095999999999999,57.0,1.0129491678434497,1.5598049336872657,1.0536652437944356,1.6225021925082022,1.0357400990027326,1.5948998900721554,1.6957643483951204,1.7448257281852024,1.7228785634023138
W8X31_x_1X6.095999999999999,58.0,0.9950912065181644,1.5924788173361373,1.035846734162407,1.657701295474506,1.017849065639512,1.628899005095082,1.720980024217179,1.77364421390485,1.749992621252833
W8X31_x_1X6.095999999999999,59.0,0.9768793350226449,1.625800234010406,1.017648224266883,1.6936510598978123,0.9995901066659723,1.6635973052847437,1.7474858084100438,1.8040844382606984,1.7785654881932529
W8X31_x_1X6.095999999999999,60.0,0.9584164625997231,1.6600260080331566,0.9990459730506632,1.7303983844208355,0.980940275687334,1.6990383966810836,1.775581322414456,1.8363074757806732,1.8087370561697143
W8X31_x_1X6.095999999999999,61.0,0.9400713017398417,1.6959335216988465,0.9800146706564665,1.767993266730862,0.9618751461152992,1.7352686982006782,1.8060526737356517,1.870496151930694,1.8406653912466922
W8X31_x_1X6.095999999999999,62.0,0.9212900576483992,1.7326945936797922,0.9605272904604103,1.806489095856297,0.9423686732060634,1.772337703811952,1.838359511967371,1.9068588574560894,1.8745297980232525
W8X31_x_1X6.095999999999999,63.0,0.9020451295696339,1.770363247733118,0.9404149504949378,1.845668261375471,0.9223930412409972,1.8102982729444264,1.872694420277029,1.9453587144457278,1.9105345252719053
W8X31_x_1X6.095999999999999,64.0,0.882306957024378,1.808997343439221,0.9192424107157532,1.8847262460331218,0.9017299003506166,1.848820278755785,1.9092775891393723,1.9853299573366034,1.9485242305715214
W8X31_x_1X6.095999999999999,65.0,0.862043827197577,1.8486589532077498,0.8975352289860887,1.9247705099617987,0.8800800309940053,1.8873377170689112,1.9483619623033233,2.028064756638435,1.9880615570896838
W8X31_x_1X6.095999999999999,66.0,0.8412216599090679,1.889414783160513,0.8752591519426581,1.965864241959428,0.8578809749494323,1.9268322173692265,1.9902395779098936,2.0738889287578166,2.030315178303227
W8X31_x_1X6.095999999999999,67.0,0.8198037670216132,1.9313366440490927,0.8523773944533307,2.008075301297566,0.8350975097893965,1.9673664441308745,2.0352494416674918,2.123181236630676,2.0756035796766388
W8X31_x_1X6.095999999999999,68.0,0.7977505826279272,1.9745019793675738,0.8288503840886488,2.0514766891068623,0.8116918017824751,2.0090077076175907,2.083787382083787,2.176384619424495,2.124296697987892
W8X31_x_1X6.095999999999999,69.0,0.775019359750222,2.0189944590112936,0.8046354748229861,2.096147076526065,0.7876231417840518,2.051828433761408,2.136318495425246,2.234020406437377,2.176826767592013
W8X31_x_1X6.095999999999999,70.0,0.7515638285612021,2.064904648250767,0.7796866255087046,2.142171397835938,0.7628476492401974,2.0959066907714816,2.1933930107457287,2.2967064833046154,2.233702030681598
W8X31_x_1X6.095999999999999,71.0,0.7281137142181973,2.1145957690174333,0.7539540379162112,2.1896415181838695,0.7373179396750238,2.1413267807097296,2.258729969519122,2.3651807549996313,2.2955242344899354
W8X31_x_1X6.095999999999999,72.0,0.70383556089832,2.1661831186552694,0.727554103615703,2.239181287102347,0.7109827502501931,2.1881799056606033,2.3308368671588675,2.441161634575578,2.3630111947014063
W8X31_x_1X6.095999999999999,73.0,0.6786378496924071,2.2197243876688564,0.700331462633029,2.2906809983600707,0.6839365661073175,2.23705570812917,2.4107417463535157,2.525534582200505,2.437800885853291
W8X31_x_1X6.095999999999999,74.0,0.6524510682178933,2.275367279202511,0.6721367986481995,2.3440195798427195,0.6560443302561088,2.287898473135089,2.49983939566794,2.619333953982249,2.520826318057647
W8X31_x_1X6.095999999999999,75.0,0.6251988819727162,2.333273992357435,0.6428989694593954,2.399331618156136,0.6271521999590806,2.340563874325885,2.5998778566787615,2.724300829683512,2.613045153405442
W8X31_x_1X6.095999999999999,76.0,0.5967972613732313,2.3936230771021645,0.6125401479474607,2.4567643464129016,0.597186839588589,2.3951855899804424,2.713077854052332,2.842632647651639,2.716140501894865
W8X31_x_1X6.095999999999999,77.0,0.5671534718235529,2.456611580220219,0.5809750005416514,2.5164791984083883,0.5660680024909077,2.451909895993591,2.8423041923040664,2.977143254359941,2.8322324887204053
W8X31_x_1X6.095999999999999,78.0,0.5366773463063094,2.524868402507657,0.5481626316643085,2.578902421818851,0.5337076794010289,2.510897218169953,2.9970720316875794,3.132145429255826,2.9640299798952037
W8X31_x_1X6.095999999999999,79.0,0.5049792527427555,2.597893042679427,0.5144640732884418,2.6466882143084955,0.5000091184842839,2.5723239185200963,3.182569769700699,3.319934471349424,3.1150502365962716
W8X31_x_1X6.095999999999999,80.0,0.4716268532318954,2.6747287983775565,0.47919282101119043,2.717637533892086,0.46537247683604865,2.639258467230745,3.404398616519169,3.5423441537592706,3.298255151864938
W8X31_x_1X6.095999999999999,81.0,0.4364651783813207,2.755732681107976,0.4422130839421322,2.7920235285487585,0.4291205116728314,2.7093602805524672,3.6745742383028897,3.810101007493996,3.51486691668622
W8X31_x_1X6.095999999999999,82.0,0.39931964247070006,2.841306893589306,0.40337339914692666,2.8701508711052415,0.39110673011776914,2.7828689857006657,4.011066505403281,4.138872231002193,3.7749760146131552
W8X31_x_1X6.095999999999999,83.0,0.36024535664349827,2.9339629835739087,0.362584431244895,2.95301321744856,0.3511745678334913,2.8600873371302167,4.452873722571364,4.55609683340331,4.093363257563085
W8X31_x_1X6.095999999999999,84.0,0.3190383598599258,3.035447230584752,0.3200083424386451,3.044675998352935,0.3091530649261649,2.941394931847471,5.064291387696511,5.128354059082788,4.492580345987927
W8X31_x_1X6.095999999999999,85.0,0.2750460777966794,3.1437910548854116,0.274875641029591,3.1418429537232786,0.26526418079304753,3.0319834605136755,5.935003033508257,5.916704285149107,5.040659492355345
W8X31_x_1X6.095999999999999,86.0,0.22794654057888458,3.2597874011906742,0.22691880126551836,3.2450900442713215,0.21873288816469683,3.128026033010027,7.275387808110714,7.072912035884264,5.790096763119524
W8X31_x_1X6.095999999999999,87.0,0.17780883403360065,3.3927946664807047,0.17592726650059665,3.356892219196264,0.16928208486279994,3.2300946000506836,9.821204213773987,8.97331654392486,6.877646093425196
W8X31_x_1X6.095999999999999,88.0,0.12370856562487968,3.5425498185002295,0.12156501325634465,3.4811665099496674,0.11663437928005291,3.3399716265592287,16.217926425214607,12.799621935293226,8.622555960466377
W8X31_x_1X6.095999999999999,89.0,0.06468719786585697,3.705927083736273,0.06316213586296865,3.61855634010627,0.060436184845719845,3.4623867109207573,56.20525905409324,24.237194004946836,12.024475484235854
W8X31_x_1X6.095999999999999,90.0,0.0,4.133005497746552,0.0,3.6757733494224167,0.0,3.675773349422416,-inf,38.62076063515215,38.62076063515087
